

Microchip MPLAB XC8 Assembler V2.46 build 20240104201356 
                                                                                               Sun Mar 02 20:01:15 2025

Microchip MPLAB XC8 C Compiler v2.46 (Free license) build 20240104201356 Og1 
     1                           	processor	16LF18456
     2                           	pagewidth 120
     3                           	opt	flic
     4                           	psect	idataBANK0,global,class=CODE,delta=2,noexec
     5                           	psect	idataBANK2,global,class=CODE,delta=2,noexec
     6                           	psect	stringtext1,global,class=STRCODE,delta=2,noexec
     7                           	psect	stringtext2,global,class=STRCODE,delta=2,noexec
     8                           	psect	stringtext3,global,class=STRCODE,delta=2,noexec
     9                           	psect	stringtext4,global,class=STRCODE,delta=2,noexec
    10                           	psect	stringtext5,global,class=STRCODE,delta=2,noexec
    11                           	psect	stringtext6,global,class=STRCODE,delta=2,noexec
    12                           	psect	stringtext7,global,class=STRCODE,delta=2,noexec
    13                           	psect	stringtext8,global,class=STRCODE,delta=2,noexec
    14                           	psect	stringtext9,global,class=STRCODE,delta=2,noexec
    15                           	psect	stringtext10,global,class=STRCODE,delta=2,noexec
    16                           	psect	nvBANK0,global,class=BANK0,space=1,delta=1,noexec
    17                           	psect	nvBANK1,global,class=BANK1,space=1,delta=1,noexec
    18                           	psect	nvBANK2,global,class=BANK2,space=1,delta=1,noexec
    19                           	psect	stringtext11,global,class=STRCODE,delta=2,noexec
    20                           	psect	stringtext12,global,class=STRCODE,delta=2,noexec
    21                           	psect	stringtext13,global,class=STRCODE,delta=2,noexec
    22                           	psect	stringtext14,global,class=STRCODE,delta=2,noexec
    23                           	psect	cinit,global,class=CODE,merge=1,delta=2
    24                           	psect	bssCOMMON,global,class=COMMON,space=1,delta=1,noexec
    25                           	psect	bssBANK0,global,class=BANK0,space=1,delta=1,noexec
    26                           	psect	dataBANK0,global,class=BANK0,space=1,delta=1,noexec
    27                           	psect	bssBANK1,global,class=BANK1,space=1,delta=1,noexec
    28                           	psect	dataBANK2,global,class=BANK2,space=1,delta=1,noexec
    29                           	psect	bssBANK3,global,class=BANK3,space=1,delta=1,noexec
    30                           	psect	bssBANK4,global,class=BANK4,space=1,delta=1,noexec
    31                           	psect	bssBANK5,global,class=BANK5,space=1,delta=1,noexec
    32                           	psect	bssBANK6,global,class=BANK6,space=1,delta=1,noexec
    33                           	psect	inittext,global,class=CODE,delta=2
    34                           	psect	clrtext,global,class=CODE,delta=2
    35                           	psect	cstackBANK2,global,class=BANK2,space=1,delta=1,noexec
    36                           	psect	cstackCOMMON,global,class=COMMON,space=1,delta=1,noexec
    37                           	psect	maintext,global,class=CODE,merge=1,split=1,delta=2
    38                           	psect	text1,local,class=CODE,merge=1,delta=2
    39                           	psect	text2,local,class=CODE,merge=1,delta=2
    40                           	psect	text3,local,class=CODE,merge=1,delta=2
    41                           	psect	text4,local,class=CODE,merge=1,delta=2
    42                           	psect	text5,local,class=CODE,merge=1,delta=2
    43                           	psect	text6,local,class=CODE,merge=1,delta=2
    44                           	psect	text7,local,class=CODE,merge=1,delta=2
    45                           	psect	text8,local,class=CODE,merge=1,delta=2
    46                           	psect	text9,local,class=CODE,merge=1,delta=2
    47                           	psect	text10,local,class=CODE,merge=1,delta=2
    48                           	psect	text11,local,class=CODE,merge=1,delta=2
    49                           	psect	text12,local,class=CODE,merge=1,delta=2
    50                           	psect	text13,local,class=CODE,merge=1,delta=2
    51                           	psect	text14,local,class=CODE,merge=1,delta=2
    52                           	psect	text15,local,class=CODE,merge=1,delta=2
    53                           	psect	text16,local,class=CODE,merge=1,delta=2
    54                           	psect	text17,local,class=CODE,merge=1,delta=2
    55                           	psect	text18,local,class=CODE,merge=1,delta=2
    56                           	psect	text19,local,class=CODE,merge=1,delta=2
    57                           	psect	text20,local,class=CODE,merge=1,delta=2
    58                           	psect	text21,local,class=CODE,merge=1,delta=2
    59                           	psect	text22,local,class=CODE,merge=1,delta=2
    60                           	psect	text23,local,class=CODE,merge=1,delta=2
    61                           	psect	text24,local,class=CODE,merge=1,delta=2
    62                           	psect	text25,local,class=CODE,merge=1,delta=2
    63                           	psect	text26,local,class=CODE,merge=1,delta=2
    64                           	psect	text27,local,class=CODE,merge=1,delta=2
    65                           	psect	text28,local,class=CODE,merge=1,inline,delta=2
    66                           	psect	text29,local,class=CODE,merge=1,delta=2
    67                           	psect	text30,local,class=CODE,merge=1,delta=2
    68                           	psect	text31,local,class=CODE,merge=1,delta=2
    69                           	psect	text32,local,class=CODE,merge=1,delta=2
    70                           	psect	text33,local,class=CODE,merge=1,inline,delta=2
    71                           	psect	text34,local,class=CODE,merge=1,delta=2
    72                           	psect	text35,local,class=CODE,merge=1,delta=2
    73                           	psect	text36,local,class=CODE,merge=1,delta=2
    74                           	psect	text37,local,class=CODE,merge=1,inline,delta=2
    75                           	psect	text38,local,class=CODE,merge=1,delta=2
    76                           	psect	text39,local,class=CODE,merge=1,delta=2
    77                           	psect	intentry,global,class=CODE,delta=2
    78                           	psect	text41,local,class=CODE,merge=1,delta=2
    79                           	psect	text42,local,class=CODE,merge=1,delta=2
    80                           	psect	text43,local,class=CODE,merge=1,delta=2
    81                           	psect	text44,local,class=CODE,merge=1,delta=2
    82                           	psect	text45,local,class=CODE,merge=1,delta=2
    83                           	psect	text46,local,class=CODE,merge=1,delta=2
    84                           	psect	text47,local,class=CODE,merge=1,delta=2
    85                           	psect	text48,local,class=CODE,merge=1,delta=2
    86                           	psect	text49,local,class=CODE,merge=1,delta=2
    87                           	psect	text50,local,class=CODE,merge=1,delta=2
    88                           	psect	text51,local,class=CODE,merge=1,delta=2
    89                           	psect	text52,local,class=CODE,merge=1,delta=2
    90                           	psect	text53,local,class=CODE,merge=1,delta=2
    91                           	psect	text54,local,class=CODE,merge=1,delta=2
    92                           	psect	text55,local,class=CODE,merge=1,delta=2
    93                           	psect	idloc,global,abs,ovrld,class=IDLOC,space=5,delta=2,noexec
    94                           	psect	config,global,abs,ovrld,class=CONFIG,space=4,delta=2,noexec
    95                           	dabs	1,0x7E,2
    96     0000                     
    97                           ; Version 2.35
    98                           ; Generated 01/06/2021 GMT
    99                           ; 
   100                           ; Copyright © 2021, Microchip Technology Inc. and its subsidiaries ("Microchip")
   101                           ; All rights reserved.
   102                           ; 
   103                           ; This software is developed by Microchip Technology Inc. and its subsidiaries ("Microch
      +                          ip").
   104                           ; 
   105                           ; Redistribution and use in source and binary forms, with or without modification, are
   106                           ; permitted provided that the following conditions are met:
   107                           ; 
   108                           ;     1. Redistributions of source code must retain the above copyright notice, this lis
      +                          t of
   109                           ;        conditions and the following disclaimer.
   110                           ; 
   111                           ;     2. Redistributions in binary form must reproduce the above copyright notice, this 
      +                          list
   112                           ;        of conditions and the following disclaimer in the documentation and/or other
   113                           ;        materials provided with the distribution. Publication is not required when
   114                           ;        this file is used in an embedded application.
   115                           ; 
   116                           ;     3. Microchip's name may not be used to endorse or promote products derived from th
      +                          is
   117                           ;        software without specific prior written permission.
   118                           ; 
   119                           ; THIS SOFTWARE IS PROVIDED BY MICROCHIP "AS IS" AND ANY EXPRESS OR IMPLIED WARRANTIES,
   120                           ; INCLUDING, BUT NOT LIMITED TO, THE IMPLIED WARRANTIES OF MERCHANTABILITY AND FITNESS F
      +                          OR
   121                           ; PURPOSE ARE DISCLAIMED.  IN NO EVENT SHALL MICROCHIP BE LIABLE FOR ANY DIRECT, INDIREC
      +                          T,
   122                           ; INCIDENTAL, SPECIAL, EXEMPLARY, OR CONSEQUENTIAL DAMAGES (INCLUDING BUT NOT LIMITED TO
   123                           ; PROCUREMENT OF SUBSTITUTE GOODS OR SERVICES; LOSS OF USE, DATA OR PROFITS; OR BUSINESS
   124                           ; INTERRUPTION) HOWSOEVER CAUSED AND ON ANY THEORY OF LIABILITY, WHETHER IN CONTRACT, ST
      +                          RICT
   125                           ; LIABILITY, OR TORT (INCLUDING NEGLIGENCE OR OTHERWISE) ARISING IN ANY WAY OUT OF THE U
      +                          SE OF
   126                           ; THIS SOFTWARE, EVEN IF ADVISED OF THE POSSIBILITY OF SUCH DAMAGE.
   127                           ; 
   128                           ; 
   129                           ; Code-generator required, PIC16LF18456 Definitions
   130                           ; 
   131                           ; SFR Addresses
   132     0000                     	;# 
   133     0001                     	;# 
   134     0002                     	;# 
   135     0003                     	;# 
   136     0004                     	;# 
   137     0005                     	;# 
   138     0006                     	;# 
   139     0007                     	;# 
   140     0008                     	;# 
   141     0009                     	;# 
   142     000A                     	;# 
   143     000B                     	;# 
   144     000C                     	;# 
   145     000D                     	;# 
   146     000E                     	;# 
   147     0010                     	;# 
   148     0012                     	;# 
   149     0013                     	;# 
   150     0014                     	;# 
   151     0016                     	;# 
   152     0018                     	;# 
   153     0019                     	;# 
   154     001A                     	;# 
   155     001C                     	;# 
   156     008C                     	;# 
   157     008C                     	;# 
   158     008D                     	;# 
   159     008E                     	;# 
   160     008E                     	;# 
   161     008F                     	;# 
   162     0090                     	;# 
   163     0090                     	;# 
   164     0091                     	;# 
   165     0092                     	;# 
   166     0092                     	;# 
   167     0093                     	;# 
   168     0094                     	;# 
   169     0094                     	;# 
   170     0095                     	;# 
   171     0096                     	;# 
   172     0096                     	;# 
   173     0097                     	;# 
   174     0098                     	;# 
   175     0099                     	;# 
   176     009A                     	;# 
   177     009B                     	;# 
   178     009B                     	;# 
   179     009C                     	;# 
   180     009D                     	;# 
   181     009D                     	;# 
   182     009E                     	;# 
   183     009F                     	;# 
   184     010C                     	;# 
   185     010C                     	;# 
   186     010D                     	;# 
   187     010E                     	;# 
   188     010F                     	;# 
   189     010F                     	;# 
   190     0110                     	;# 
   191     0111                     	;# 
   192     0112                     	;# 
   193     0113                     	;# 
   194     0114                     	;# 
   195     0115                     	;# 
   196     0116                     	;# 
   197     0117                     	;# 
   198     0118                     	;# 
   199     0119                     	;# 
   200     0119                     	;# 
   201     0119                     	;# 
   202     011A                     	;# 
   203     011A                     	;# 
   204     011A                     	;# 
   205     011B                     	;# 
   206     011B                     	;# 
   207     011B                     	;# 
   208     011B                     	;# 
   209     011B                     	;# 
   210     011C                     	;# 
   211     011C                     	;# 
   212     011C                     	;# 
   213     011D                     	;# 
   214     011D                     	;# 
   215     011D                     	;# 
   216     011E                     	;# 
   217     011E                     	;# 
   218     011E                     	;# 
   219     011F                     	;# 
   220     011F                     	;# 
   221     011F                     	;# 
   222     011F                     	;# 
   223     011F                     	;# 
   224     018C                     	;# 
   225     018D                     	;# 
   226     018E                     	;# 
   227     018F                     	;# 
   228     0190                     	;# 
   229     0191                     	;# 
   230     0192                     	;# 
   231     0196                     	;# 
   232     0197                     	;# 
   233     0198                     	;# 
   234     0199                     	;# 
   235     019A                     	;# 
   236     019B                     	;# 
   237     019C                     	;# 
   238     020C                     	;# 
   239     020D                     	;# 
   240     020E                     	;# 
   241     020E                     	;# 
   242     020F                     	;# 
   243     020F                     	;# 
   244     0210                     	;# 
   245     0210                     	;# 
   246     0211                     	;# 
   247     0211                     	;# 
   248     0212                     	;# 
   249     0213                     	;# 
   250     0214                     	;# 
   251     0214                     	;# 
   252     0215                     	;# 
   253     0215                     	;# 
   254     0216                     	;# 
   255     0216                     	;# 
   256     0217                     	;# 
   257     0217                     	;# 
   258     0218                     	;# 
   259     0219                     	;# 
   260     021A                     	;# 
   261     021A                     	;# 
   262     021B                     	;# 
   263     021B                     	;# 
   264     021C                     	;# 
   265     021C                     	;# 
   266     021D                     	;# 
   267     021D                     	;# 
   268     021E                     	;# 
   269     021F                     	;# 
   270     028C                     	;# 
   271     028C                     	;# 
   272     028D                     	;# 
   273     028D                     	;# 
   274     028E                     	;# 
   275     028F                     	;# 
   276     0290                     	;# 
   277     0291                     	;# 
   278     0292                     	;# 
   279     0292                     	;# 
   280     0293                     	;# 
   281     0293                     	;# 
   282     0294                     	;# 
   283     0295                     	;# 
   284     0296                     	;# 
   285     0297                     	;# 
   286     0298                     	;# 
   287     0298                     	;# 
   288     0299                     	;# 
   289     0299                     	;# 
   290     029A                     	;# 
   291     029B                     	;# 
   292     029C                     	;# 
   293     029D                     	;# 
   294     029F                     	;# 
   295     030C                     	;# 
   296     030C                     	;# 
   297     030D                     	;# 
   298     030E                     	;# 
   299     030F                     	;# 
   300     0310                     	;# 
   301     0310                     	;# 
   302     0311                     	;# 
   303     0312                     	;# 
   304     0313                     	;# 
   305     0314                     	;# 
   306     0314                     	;# 
   307     0315                     	;# 
   308     0316                     	;# 
   309     0317                     	;# 
   310     0318                     	;# 
   311     0318                     	;# 
   312     0319                     	;# 
   313     031A                     	;# 
   314     031B                     	;# 
   315     031C                     	;# 
   316     031C                     	;# 
   317     031D                     	;# 
   318     031E                     	;# 
   319     031F                     	;# 
   320     038C                     	;# 
   321     038C                     	;# 
   322     038D                     	;# 
   323     038E                     	;# 
   324     0390                     	;# 
   325     0390                     	;# 
   326     0391                     	;# 
   327     0392                     	;# 
   328     048C                     	;# 
   329     048C                     	;# 
   330     048D                     	;# 
   331     048E                     	;# 
   332     048F                     	;# 
   333     048F                     	;# 
   334     0490                     	;# 
   335     0491                     	;# 
   336     0492                     	;# 
   337     0492                     	;# 
   338     0493                     	;# 
   339     0494                     	;# 
   340     0495                     	;# 
   341     0495                     	;# 
   342     0496                     	;# 
   343     0497                     	;# 
   344     0498                     	;# 
   345     0499                     	;# 
   346     049A                     	;# 
   347     049B                     	;# 
   348     049C                     	;# 
   349     049D                     	;# 
   350     050C                     	;# 
   351     050C                     	;# 
   352     050D                     	;# 
   353     050E                     	;# 
   354     050F                     	;# 
   355     050F                     	;# 
   356     0510                     	;# 
   357     0511                     	;# 
   358     0512                     	;# 
   359     0512                     	;# 
   360     0513                     	;# 
   361     0514                     	;# 
   362     0515                     	;# 
   363     0515                     	;# 
   364     0516                     	;# 
   365     0517                     	;# 
   366     0518                     	;# 
   367     0519                     	;# 
   368     051A                     	;# 
   369     051B                     	;# 
   370     051C                     	;# 
   371     051D                     	;# 
   372     058C                     	;# 
   373     058C                     	;# 
   374     058D                     	;# 
   375     058E                     	;# 
   376     058F                     	;# 
   377     058F                     	;# 
   378     0590                     	;# 
   379     0591                     	;# 
   380     0592                     	;# 
   381     0593                     	;# 
   382     059C                     	;# 
   383     059C                     	;# 
   384     059D                     	;# 
   385     059D                     	;# 
   386     059E                     	;# 
   387     059F                     	;# 
   388     060C                     	;# 
   389     060C                     	;# 
   390     060D                     	;# 
   391     060D                     	;# 
   392     060E                     	;# 
   393     060F                     	;# 
   394     0610                     	;# 
   395     0611                     	;# 
   396     0612                     	;# 
   397     0613                     	;# 
   398     0614                     	;# 
   399     0616                     	;# 
   400     0616                     	;# 
   401     0617                     	;# 
   402     0617                     	;# 
   403     0618                     	;# 
   404     0619                     	;# 
   405     061A                     	;# 
   406     061B                     	;# 
   407     061C                     	;# 
   408     061D                     	;# 
   409     061E                     	;# 
   410     068C                     	;# 
   411     068D                     	;# 
   412     068E                     	;# 
   413     068F                     	;# 
   414     0690                     	;# 
   415     0691                     	;# 
   416     0692                     	;# 
   417     0693                     	;# 
   418     0694                     	;# 
   419     070C                     	;# 
   420     070D                     	;# 
   421     070E                     	;# 
   422     070F                     	;# 
   423     0710                     	;# 
   424     0711                     	;# 
   425     0712                     	;# 
   426     0713                     	;# 
   427     0714                     	;# 
   428     0716                     	;# 
   429     0717                     	;# 
   430     0718                     	;# 
   431     0719                     	;# 
   432     071A                     	;# 
   433     071B                     	;# 
   434     071C                     	;# 
   435     071D                     	;# 
   436     071E                     	;# 
   437     0796                     	;# 
   438     0797                     	;# 
   439     0798                     	;# 
   440     0799                     	;# 
   441     079A                     	;# 
   442     079B                     	;# 
   443     079C                     	;# 
   444     079D                     	;# 
   445     080C                     	;# 
   446     080D                     	;# 
   447     080E                     	;# 
   448     080F                     	;# 
   449     0810                     	;# 
   450     0811                     	;# 
   451     0813                     	;# 
   452     0814                     	;# 
   453     081A                     	;# 
   454     081A                     	;# 
   455     081B                     	;# 
   456     081C                     	;# 
   457     081C                     	;# 
   458     081D                     	;# 
   459     081E                     	;# 
   460     081F                     	;# 
   461     088C                     	;# 
   462     088D                     	;# 
   463     088E                     	;# 
   464     088F                     	;# 
   465     0890                     	;# 
   466     0891                     	;# 
   467     0892                     	;# 
   468     0893                     	;# 
   469     0895                     	;# 
   470     0896                     	;# 
   471     0897                     	;# 
   472     0898                     	;# 
   473     0899                     	;# 
   474     089A                     	;# 
   475     089B                     	;# 
   476     090C                     	;# 
   477     090E                     	;# 
   478     090F                     	;# 
   479     091F                     	;# 
   480     098F                     	;# 
   481     098F                     	;# 
   482     0990                     	;# 
   483     0991                     	;# 
   484     0992                     	;# 
   485     0993                     	;# 
   486     0994                     	;# 
   487     0995                     	;# 
   488     0996                     	;# 
   489     0997                     	;# 
   490     0A19                     	;# 
   491     0A19                     	;# 
   492     0A1A                     	;# 
   493     0A1A                     	;# 
   494     0A1B                     	;# 
   495     0A1B                     	;# 
   496     0A1B                     	;# 
   497     0A1C                     	;# 
   498     0A1C                     	;# 
   499     0A1D                     	;# 
   500     0A1D                     	;# 
   501     0A1E                     	;# 
   502     0A1E                     	;# 
   503     0A1F                     	;# 
   504     0A1F                     	;# 
   505     0A1F                     	;# 
   506     1E0F                     	;# 
   507     1E10                     	;# 
   508     1E11                     	;# 
   509     1E12                     	;# 
   510     1E13                     	;# 
   511     1E14                     	;# 
   512     1E15                     	;# 
   513     1E16                     	;# 
   514     1E17                     	;# 
   515     1E18                     	;# 
   516     1E19                     	;# 
   517     1E1A                     	;# 
   518     1E1B                     	;# 
   519     1E1C                     	;# 
   520     1E1D                     	;# 
   521     1E1E                     	;# 
   522     1E1F                     	;# 
   523     1E20                     	;# 
   524     1E21                     	;# 
   525     1E22                     	;# 
   526     1E23                     	;# 
   527     1E24                     	;# 
   528     1E25                     	;# 
   529     1E26                     	;# 
   530     1E27                     	;# 
   531     1E28                     	;# 
   532     1E29                     	;# 
   533     1E2A                     	;# 
   534     1E2B                     	;# 
   535     1E2C                     	;# 
   536     1E2D                     	;# 
   537     1E2E                     	;# 
   538     1E2F                     	;# 
   539     1E30                     	;# 
   540     1E31                     	;# 
   541     1E32                     	;# 
   542     1E33                     	;# 
   543     1E34                     	;# 
   544     1E35                     	;# 
   545     1E36                     	;# 
   546     1E37                     	;# 
   547     1E8F                     	;# 
   548     1E90                     	;# 
   549     1E91                     	;# 
   550     1E92                     	;# 
   551     1E93                     	;# 
   552     1E94                     	;# 
   553     1E95                     	;# 
   554     1E96                     	;# 
   555     1E97                     	;# 
   556     1E9C                     	;# 
   557     1E9D                     	;# 
   558     1E9E                     	;# 
   559     1EA1                     	;# 
   560     1EA2                     	;# 
   561     1EA3                     	;# 
   562     1EA4                     	;# 
   563     1EA5                     	;# 
   564     1EA9                     	;# 
   565     1EAA                     	;# 
   566     1EAB                     	;# 
   567     1EAC                     	;# 
   568     1EB1                     	;# 
   569     1EB2                     	;# 
   570     1EB3                     	;# 
   571     1EB8                     	;# 
   572     1EB9                     	;# 
   573     1EBA                     	;# 
   574     1EBB                     	;# 
   575     1EBC                     	;# 
   576     1EBD                     	;# 
   577     1EBE                     	;# 
   578     1EC3                     	;# 
   579     1EC5                     	;# 
   580     1EC6                     	;# 
   581     1EC7                     	;# 
   582     1EC8                     	;# 
   583     1EC9                     	;# 
   584     1ECA                     	;# 
   585     1ECB                     	;# 
   586     1ECC                     	;# 
   587     1ECD                     	;# 
   588     1ECE                     	;# 
   589     1F10                     	;# 
   590     1F11                     	;# 
   591     1F12                     	;# 
   592     1F13                     	;# 
   593     1F14                     	;# 
   594     1F15                     	;# 
   595     1F16                     	;# 
   596     1F17                     	;# 
   597     1F18                     	;# 
   598     1F19                     	;# 
   599     1F1A                     	;# 
   600     1F1B                     	;# 
   601     1F1C                     	;# 
   602     1F1D                     	;# 
   603     1F1E                     	;# 
   604     1F1F                     	;# 
   605     1F20                     	;# 
   606     1F21                     	;# 
   607     1F22                     	;# 
   608     1F23                     	;# 
   609     1F24                     	;# 
   610     1F25                     	;# 
   611     1F26                     	;# 
   612     1F27                     	;# 
   613     1F38                     	;# 
   614     1F39                     	;# 
   615     1F3A                     	;# 
   616     1F3B                     	;# 
   617     1F3C                     	;# 
   618     1F3D                     	;# 
   619     1F3E                     	;# 
   620     1F3F                     	;# 
   621     1F43                     	;# 
   622     1F44                     	;# 
   623     1F45                     	;# 
   624     1F46                     	;# 
   625     1F47                     	;# 
   626     1F48                     	;# 
   627     1F49                     	;# 
   628     1F4A                     	;# 
   629     1F4E                     	;# 
   630     1F4F                     	;# 
   631     1F50                     	;# 
   632     1F51                     	;# 
   633     1F52                     	;# 
   634     1F53                     	;# 
   635     1F54                     	;# 
   636     1F55                     	;# 
   637     1F65                     	;# 
   638     1F66                     	;# 
   639     1F67                     	;# 
   640     1F68                     	;# 
   641     1F69                     	;# 
   642     1F6A                     	;# 
   643     1F6B                     	;# 
   644     1FE4                     	;# 
   645     1FE5                     	;# 
   646     1FE6                     	;# 
   647     1FE7                     	;# 
   648     1FE8                     	;# 
   649     1FE8                     	;# 
   650     1FE9                     	;# 
   651     1FEA                     	;# 
   652     1FEB                     	;# 
   653     1FED                     	;# 
   654     1FEE                     	;# 
   655     1FEF                     	;# 
   656     0000                     	;# 
   657     0001                     	;# 
   658     0002                     	;# 
   659     0003                     	;# 
   660     0004                     	;# 
   661     0005                     	;# 
   662     0006                     	;# 
   663     0007                     	;# 
   664     0008                     	;# 
   665     0009                     	;# 
   666     000A                     	;# 
   667     000B                     	;# 
   668     000C                     	;# 
   669     000D                     	;# 
   670     000E                     	;# 
   671     0010                     	;# 
   672     0012                     	;# 
   673     0013                     	;# 
   674     0014                     	;# 
   675     0016                     	;# 
   676     0018                     	;# 
   677     0019                     	;# 
   678     001A                     	;# 
   679     001C                     	;# 
   680     008C                     	;# 
   681     008C                     	;# 
   682     008D                     	;# 
   683     008E                     	;# 
   684     008E                     	;# 
   685     008F                     	;# 
   686     0090                     	;# 
   687     0090                     	;# 
   688     0091                     	;# 
   689     0092                     	;# 
   690     0092                     	;# 
   691     0093                     	;# 
   692     0094                     	;# 
   693     0094                     	;# 
   694     0095                     	;# 
   695     0096                     	;# 
   696     0096                     	;# 
   697     0097                     	;# 
   698     0098                     	;# 
   699     0099                     	;# 
   700     009A                     	;# 
   701     009B                     	;# 
   702     009B                     	;# 
   703     009C                     	;# 
   704     009D                     	;# 
   705     009D                     	;# 
   706     009E                     	;# 
   707     009F                     	;# 
   708     010C                     	;# 
   709     010C                     	;# 
   710     010D                     	;# 
   711     010E                     	;# 
   712     010F                     	;# 
   713     010F                     	;# 
   714     0110                     	;# 
   715     0111                     	;# 
   716     0112                     	;# 
   717     0113                     	;# 
   718     0114                     	;# 
   719     0115                     	;# 
   720     0116                     	;# 
   721     0117                     	;# 
   722     0118                     	;# 
   723     0119                     	;# 
   724     0119                     	;# 
   725     0119                     	;# 
   726     011A                     	;# 
   727     011A                     	;# 
   728     011A                     	;# 
   729     011B                     	;# 
   730     011B                     	;# 
   731     011B                     	;# 
   732     011B                     	;# 
   733     011B                     	;# 
   734     011C                     	;# 
   735     011C                     	;# 
   736     011C                     	;# 
   737     011D                     	;# 
   738     011D                     	;# 
   739     011D                     	;# 
   740     011E                     	;# 
   741     011E                     	;# 
   742     011E                     	;# 
   743     011F                     	;# 
   744     011F                     	;# 
   745     011F                     	;# 
   746     011F                     	;# 
   747     011F                     	;# 
   748     018C                     	;# 
   749     018D                     	;# 
   750     018E                     	;# 
   751     018F                     	;# 
   752     0190                     	;# 
   753     0191                     	;# 
   754     0192                     	;# 
   755     0196                     	;# 
   756     0197                     	;# 
   757     0198                     	;# 
   758     0199                     	;# 
   759     019A                     	;# 
   760     019B                     	;# 
   761     019C                     	;# 
   762     020C                     	;# 
   763     020D                     	;# 
   764     020E                     	;# 
   765     020E                     	;# 
   766     020F                     	;# 
   767     020F                     	;# 
   768     0210                     	;# 
   769     0210                     	;# 
   770     0211                     	;# 
   771     0211                     	;# 
   772     0212                     	;# 
   773     0213                     	;# 
   774     0214                     	;# 
   775     0214                     	;# 
   776     0215                     	;# 
   777     0215                     	;# 
   778     0216                     	;# 
   779     0216                     	;# 
   780     0217                     	;# 
   781     0217                     	;# 
   782     0218                     	;# 
   783     0219                     	;# 
   784     021A                     	;# 
   785     021A                     	;# 
   786     021B                     	;# 
   787     021B                     	;# 
   788     021C                     	;# 
   789     021C                     	;# 
   790     021D                     	;# 
   791     021D                     	;# 
   792     021E                     	;# 
   793     021F                     	;# 
   794     028C                     	;# 
   795     028C                     	;# 
   796     028D                     	;# 
   797     028D                     	;# 
   798     028E                     	;# 
   799     028F                     	;# 
   800     0290                     	;# 
   801     0291                     	;# 
   802     0292                     	;# 
   803     0292                     	;# 
   804     0293                     	;# 
   805     0293                     	;# 
   806     0294                     	;# 
   807     0295                     	;# 
   808     0296                     	;# 
   809     0297                     	;# 
   810     0298                     	;# 
   811     0298                     	;# 
   812     0299                     	;# 
   813     0299                     	;# 
   814     029A                     	;# 
   815     029B                     	;# 
   816     029C                     	;# 
   817     029D                     	;# 
   818     029F                     	;# 
   819     030C                     	;# 
   820     030C                     	;# 
   821     030D                     	;# 
   822     030E                     	;# 
   823     030F                     	;# 
   824     0310                     	;# 
   825     0310                     	;# 
   826     0311                     	;# 
   827     0312                     	;# 
   828     0313                     	;# 
   829     0314                     	;# 
   830     0314                     	;# 
   831     0315                     	;# 
   832     0316                     	;# 
   833     0317                     	;# 
   834     0318                     	;# 
   835     0318                     	;# 
   836     0319                     	;# 
   837     031A                     	;# 
   838     031B                     	;# 
   839     031C                     	;# 
   840     031C                     	;# 
   841     031D                     	;# 
   842     031E                     	;# 
   843     031F                     	;# 
   844     038C                     	;# 
   845     038C                     	;# 
   846     038D                     	;# 
   847     038E                     	;# 
   848     0390                     	;# 
   849     0390                     	;# 
   850     0391                     	;# 
   851     0392                     	;# 
   852     048C                     	;# 
   853     048C                     	;# 
   854     048D                     	;# 
   855     048E                     	;# 
   856     048F                     	;# 
   857     048F                     	;# 
   858     0490                     	;# 
   859     0491                     	;# 
   860     0492                     	;# 
   861     0492                     	;# 
   862     0493                     	;# 
   863     0494                     	;# 
   864     0495                     	;# 
   865     0495                     	;# 
   866     0496                     	;# 
   867     0497                     	;# 
   868     0498                     	;# 
   869     0499                     	;# 
   870     049A                     	;# 
   871     049B                     	;# 
   872     049C                     	;# 
   873     049D                     	;# 
   874     050C                     	;# 
   875     050C                     	;# 
   876     050D                     	;# 
   877     050E                     	;# 
   878     050F                     	;# 
   879     050F                     	;# 
   880     0510                     	;# 
   881     0511                     	;# 
   882     0512                     	;# 
   883     0512                     	;# 
   884     0513                     	;# 
   885     0514                     	;# 
   886     0515                     	;# 
   887     0515                     	;# 
   888     0516                     	;# 
   889     0517                     	;# 
   890     0518                     	;# 
   891     0519                     	;# 
   892     051A                     	;# 
   893     051B                     	;# 
   894     051C                     	;# 
   895     051D                     	;# 
   896     058C                     	;# 
   897     058C                     	;# 
   898     058D                     	;# 
   899     058E                     	;# 
   900     058F                     	;# 
   901     058F                     	;# 
   902     0590                     	;# 
   903     0591                     	;# 
   904     0592                     	;# 
   905     0593                     	;# 
   906     059C                     	;# 
   907     059C                     	;# 
   908     059D                     	;# 
   909     059D                     	;# 
   910     059E                     	;# 
   911     059F                     	;# 
   912     060C                     	;# 
   913     060C                     	;# 
   914     060D                     	;# 
   915     060D                     	;# 
   916     060E                     	;# 
   917     060F                     	;# 
   918     0610                     	;# 
   919     0611                     	;# 
   920     0612                     	;# 
   921     0613                     	;# 
   922     0614                     	;# 
   923     0616                     	;# 
   924     0616                     	;# 
   925     0617                     	;# 
   926     0617                     	;# 
   927     0618                     	;# 
   928     0619                     	;# 
   929     061A                     	;# 
   930     061B                     	;# 
   931     061C                     	;# 
   932     061D                     	;# 
   933     061E                     	;# 
   934     068C                     	;# 
   935     068D                     	;# 
   936     068E                     	;# 
   937     068F                     	;# 
   938     0690                     	;# 
   939     0691                     	;# 
   940     0692                     	;# 
   941     0693                     	;# 
   942     0694                     	;# 
   943     070C                     	;# 
   944     070D                     	;# 
   945     070E                     	;# 
   946     070F                     	;# 
   947     0710                     	;# 
   948     0711                     	;# 
   949     0712                     	;# 
   950     0713                     	;# 
   951     0714                     	;# 
   952     0716                     	;# 
   953     0717                     	;# 
   954     0718                     	;# 
   955     0719                     	;# 
   956     071A                     	;# 
   957     071B                     	;# 
   958     071C                     	;# 
   959     071D                     	;# 
   960     071E                     	;# 
   961     0796                     	;# 
   962     0797                     	;# 
   963     0798                     	;# 
   964     0799                     	;# 
   965     079A                     	;# 
   966     079B                     	;# 
   967     079C                     	;# 
   968     079D                     	;# 
   969     080C                     	;# 
   970     080D                     	;# 
   971     080E                     	;# 
   972     080F                     	;# 
   973     0810                     	;# 
   974     0811                     	;# 
   975     0813                     	;# 
   976     0814                     	;# 
   977     081A                     	;# 
   978     081A                     	;# 
   979     081B                     	;# 
   980     081C                     	;# 
   981     081C                     	;# 
   982     081D                     	;# 
   983     081E                     	;# 
   984     081F                     	;# 
   985     088C                     	;# 
   986     088D                     	;# 
   987     088E                     	;# 
   988     088F                     	;# 
   989     0890                     	;# 
   990     0891                     	;# 
   991     0892                     	;# 
   992     0893                     	;# 
   993     0895                     	;# 
   994     0896                     	;# 
   995     0897                     	;# 
   996     0898                     	;# 
   997     0899                     	;# 
   998     089A                     	;# 
   999     089B                     	;# 
  1000     090C                     	;# 
  1001     090E                     	;# 
  1002     090F                     	;# 
  1003     091F                     	;# 
  1004     098F                     	;# 
  1005     098F                     	;# 
  1006     0990                     	;# 
  1007     0991                     	;# 
  1008     0992                     	;# 
  1009     0993                     	;# 
  1010     0994                     	;# 
  1011     0995                     	;# 
  1012     0996                     	;# 
  1013     0997                     	;# 
  1014     0A19                     	;# 
  1015     0A19                     	;# 
  1016     0A1A                     	;# 
  1017     0A1A                     	;# 
  1018     0A1B                     	;# 
  1019     0A1B                     	;# 
  1020     0A1B                     	;# 
  1021     0A1C                     	;# 
  1022     0A1C                     	;# 
  1023     0A1D                     	;# 
  1024     0A1D                     	;# 
  1025     0A1E                     	;# 
  1026     0A1E                     	;# 
  1027     0A1F                     	;# 
  1028     0A1F                     	;# 
  1029     0A1F                     	;# 
  1030     1E0F                     	;# 
  1031     1E10                     	;# 
  1032     1E11                     	;# 
  1033     1E12                     	;# 
  1034     1E13                     	;# 
  1035     1E14                     	;# 
  1036     1E15                     	;# 
  1037     1E16                     	;# 
  1038     1E17                     	;# 
  1039     1E18                     	;# 
  1040     1E19                     	;# 
  1041     1E1A                     	;# 
  1042     1E1B                     	;# 
  1043     1E1C                     	;# 
  1044     1E1D                     	;# 
  1045     1E1E                     	;# 
  1046     1E1F                     	;# 
  1047     1E20                     	;# 
  1048     1E21                     	;# 
  1049     1E22                     	;# 
  1050     1E23                     	;# 
  1051     1E24                     	;# 
  1052     1E25                     	;# 
  1053     1E26                     	;# 
  1054     1E27                     	;# 
  1055     1E28                     	;# 
  1056     1E29                     	;# 
  1057     1E2A                     	;# 
  1058     1E2B                     	;# 
  1059     1E2C                     	;# 
  1060     1E2D                     	;# 
  1061     1E2E                     	;# 
  1062     1E2F                     	;# 
  1063     1E30                     	;# 
  1064     1E31                     	;# 
  1065     1E32                     	;# 
  1066     1E33                     	;# 
  1067     1E34                     	;# 
  1068     1E35                     	;# 
  1069     1E36                     	;# 
  1070     1E37                     	;# 
  1071     1E8F                     	;# 
  1072     1E90                     	;# 
  1073     1E91                     	;# 
  1074     1E92                     	;# 
  1075     1E93                     	;# 
  1076     1E94                     	;# 
  1077     1E95                     	;# 
  1078     1E96                     	;# 
  1079     1E97                     	;# 
  1080     1E9C                     	;# 
  1081     1E9D                     	;# 
  1082     1E9E                     	;# 
  1083     1EA1                     	;# 
  1084     1EA2                     	;# 
  1085     1EA3                     	;# 
  1086     1EA4                     	;# 
  1087     1EA5                     	;# 
  1088     1EA9                     	;# 
  1089     1EAA                     	;# 
  1090     1EAB                     	;# 
  1091     1EAC                     	;# 
  1092     1EB1                     	;# 
  1093     1EB2                     	;# 
  1094     1EB3                     	;# 
  1095     1EB8                     	;# 
  1096     1EB9                     	;# 
  1097     1EBA                     	;# 
  1098     1EBB                     	;# 
  1099     1EBC                     	;# 
  1100     1EBD                     	;# 
  1101     1EBE                     	;# 
  1102     1EC3                     	;# 
  1103     1EC5                     	;# 
  1104     1EC6                     	;# 
  1105     1EC7                     	;# 
  1106     1EC8                     	;# 
  1107     1EC9                     	;# 
  1108     1ECA                     	;# 
  1109     1ECB                     	;# 
  1110     1ECC                     	;# 
  1111     1ECD                     	;# 
  1112     1ECE                     	;# 
  1113     1F10                     	;# 
  1114     1F11                     	;# 
  1115     1F12                     	;# 
  1116     1F13                     	;# 
  1117     1F14                     	;# 
  1118     1F15                     	;# 
  1119     1F16                     	;# 
  1120     1F17                     	;# 
  1121     1F18                     	;# 
  1122     1F19                     	;# 
  1123     1F1A                     	;# 
  1124     1F1B                     	;# 
  1125     1F1C                     	;# 
  1126     1F1D                     	;# 
  1127     1F1E                     	;# 
  1128     1F1F                     	;# 
  1129     1F20                     	;# 
  1130     1F21                     	;# 
  1131     1F22                     	;# 
  1132     1F23                     	;# 
  1133     1F24                     	;# 
  1134     1F25                     	;# 
  1135     1F26                     	;# 
  1136     1F27                     	;# 
  1137     1F38                     	;# 
  1138     1F39                     	;# 
  1139     1F3A                     	;# 
  1140     1F3B                     	;# 
  1141     1F3C                     	;# 
  1142     1F3D                     	;# 
  1143     1F3E                     	;# 
  1144     1F3F                     	;# 
  1145     1F43                     	;# 
  1146     1F44                     	;# 
  1147     1F45                     	;# 
  1148     1F46                     	;# 
  1149     1F47                     	;# 
  1150     1F48                     	;# 
  1151     1F49                     	;# 
  1152     1F4A                     	;# 
  1153     1F4E                     	;# 
  1154     1F4F                     	;# 
  1155     1F50                     	;# 
  1156     1F51                     	;# 
  1157     1F52                     	;# 
  1158     1F53                     	;# 
  1159     1F54                     	;# 
  1160     1F55                     	;# 
  1161     1F65                     	;# 
  1162     1F66                     	;# 
  1163     1F67                     	;# 
  1164     1F68                     	;# 
  1165     1F69                     	;# 
  1166     1F6A                     	;# 
  1167     1F6B                     	;# 
  1168     1FE4                     	;# 
  1169     1FE5                     	;# 
  1170     1FE6                     	;# 
  1171     1FE7                     	;# 
  1172     1FE8                     	;# 
  1173     1FE8                     	;# 
  1174     1FE9                     	;# 
  1175     1FEA                     	;# 
  1176     1FEB                     	;# 
  1177     1FED                     	;# 
  1178     1FEE                     	;# 
  1179     1FEF                     	;# 
  1180     0000                     	;# 
  1181     0001                     	;# 
  1182     0002                     	;# 
  1183     0003                     	;# 
  1184     0004                     	;# 
  1185     0005                     	;# 
  1186     0006                     	;# 
  1187     0007                     	;# 
  1188     0008                     	;# 
  1189     0009                     	;# 
  1190     000A                     	;# 
  1191     000B                     	;# 
  1192     000C                     	;# 
  1193     000D                     	;# 
  1194     000E                     	;# 
  1195     0010                     	;# 
  1196     0012                     	;# 
  1197     0013                     	;# 
  1198     0014                     	;# 
  1199     0016                     	;# 
  1200     0018                     	;# 
  1201     0019                     	;# 
  1202     001A                     	;# 
  1203     001C                     	;# 
  1204     008C                     	;# 
  1205     008C                     	;# 
  1206     008D                     	;# 
  1207     008E                     	;# 
  1208     008E                     	;# 
  1209     008F                     	;# 
  1210     0090                     	;# 
  1211     0090                     	;# 
  1212     0091                     	;# 
  1213     0092                     	;# 
  1214     0092                     	;# 
  1215     0093                     	;# 
  1216     0094                     	;# 
  1217     0094                     	;# 
  1218     0095                     	;# 
  1219     0096                     	;# 
  1220     0096                     	;# 
  1221     0097                     	;# 
  1222     0098                     	;# 
  1223     0099                     	;# 
  1224     009A                     	;# 
  1225     009B                     	;# 
  1226     009B                     	;# 
  1227     009C                     	;# 
  1228     009D                     	;# 
  1229     009D                     	;# 
  1230     009E                     	;# 
  1231     009F                     	;# 
  1232     010C                     	;# 
  1233     010C                     	;# 
  1234     010D                     	;# 
  1235     010E                     	;# 
  1236     010F                     	;# 
  1237     010F                     	;# 
  1238     0110                     	;# 
  1239     0111                     	;# 
  1240     0112                     	;# 
  1241     0113                     	;# 
  1242     0114                     	;# 
  1243     0115                     	;# 
  1244     0116                     	;# 
  1245     0117                     	;# 
  1246     0118                     	;# 
  1247     0119                     	;# 
  1248     0119                     	;# 
  1249     0119                     	;# 
  1250     011A                     	;# 
  1251     011A                     	;# 
  1252     011A                     	;# 
  1253     011B                     	;# 
  1254     011B                     	;# 
  1255     011B                     	;# 
  1256     011B                     	;# 
  1257     011B                     	;# 
  1258     011C                     	;# 
  1259     011C                     	;# 
  1260     011C                     	;# 
  1261     011D                     	;# 
  1262     011D                     	;# 
  1263     011D                     	;# 
  1264     011E                     	;# 
  1265     011E                     	;# 
  1266     011E                     	;# 
  1267     011F                     	;# 
  1268     011F                     	;# 
  1269     011F                     	;# 
  1270     011F                     	;# 
  1271     011F                     	;# 
  1272     018C                     	;# 
  1273     018D                     	;# 
  1274     018E                     	;# 
  1275     018F                     	;# 
  1276     0190                     	;# 
  1277     0191                     	;# 
  1278     0192                     	;# 
  1279     0196                     	;# 
  1280     0197                     	;# 
  1281     0198                     	;# 
  1282     0199                     	;# 
  1283     019A                     	;# 
  1284     019B                     	;# 
  1285     019C                     	;# 
  1286     020C                     	;# 
  1287     020D                     	;# 
  1288     020E                     	;# 
  1289     020E                     	;# 
  1290     020F                     	;# 
  1291     020F                     	;# 
  1292     0210                     	;# 
  1293     0210                     	;# 
  1294     0211                     	;# 
  1295     0211                     	;# 
  1296     0212                     	;# 
  1297     0213                     	;# 
  1298     0214                     	;# 
  1299     0214                     	;# 
  1300     0215                     	;# 
  1301     0215                     	;# 
  1302     0216                     	;# 
  1303     0216                     	;# 
  1304     0217                     	;# 
  1305     0217                     	;# 
  1306     0218                     	;# 
  1307     0219                     	;# 
  1308     021A                     	;# 
  1309     021A                     	;# 
  1310     021B                     	;# 
  1311     021B                     	;# 
  1312     021C                     	;# 
  1313     021C                     	;# 
  1314     021D                     	;# 
  1315     021D                     	;# 
  1316     021E                     	;# 
  1317     021F                     	;# 
  1318     028C                     	;# 
  1319     028C                     	;# 
  1320     028D                     	;# 
  1321     028D                     	;# 
  1322     028E                     	;# 
  1323     028F                     	;# 
  1324     0290                     	;# 
  1325     0291                     	;# 
  1326     0292                     	;# 
  1327     0292                     	;# 
  1328     0293                     	;# 
  1329     0293                     	;# 
  1330     0294                     	;# 
  1331     0295                     	;# 
  1332     0296                     	;# 
  1333     0297                     	;# 
  1334     0298                     	;# 
  1335     0298                     	;# 
  1336     0299                     	;# 
  1337     0299                     	;# 
  1338     029A                     	;# 
  1339     029B                     	;# 
  1340     029C                     	;# 
  1341     029D                     	;# 
  1342     029F                     	;# 
  1343     030C                     	;# 
  1344     030C                     	;# 
  1345     030D                     	;# 
  1346     030E                     	;# 
  1347     030F                     	;# 
  1348     0310                     	;# 
  1349     0310                     	;# 
  1350     0311                     	;# 
  1351     0312                     	;# 
  1352     0313                     	;# 
  1353     0314                     	;# 
  1354     0314                     	;# 
  1355     0315                     	;# 
  1356     0316                     	;# 
  1357     0317                     	;# 
  1358     0318                     	;# 
  1359     0318                     	;# 
  1360     0319                     	;# 
  1361     031A                     	;# 
  1362     031B                     	;# 
  1363     031C                     	;# 
  1364     031C                     	;# 
  1365     031D                     	;# 
  1366     031E                     	;# 
  1367     031F                     	;# 
  1368     038C                     	;# 
  1369     038C                     	;# 
  1370     038D                     	;# 
  1371     038E                     	;# 
  1372     0390                     	;# 
  1373     0390                     	;# 
  1374     0391                     	;# 
  1375     0392                     	;# 
  1376     048C                     	;# 
  1377     048C                     	;# 
  1378     048D                     	;# 
  1379     048E                     	;# 
  1380     048F                     	;# 
  1381     048F                     	;# 
  1382     0490                     	;# 
  1383     0491                     	;# 
  1384     0492                     	;# 
  1385     0492                     	;# 
  1386     0493                     	;# 
  1387     0494                     	;# 
  1388     0495                     	;# 
  1389     0495                     	;# 
  1390     0496                     	;# 
  1391     0497                     	;# 
  1392     0498                     	;# 
  1393     0499                     	;# 
  1394     049A                     	;# 
  1395     049B                     	;# 
  1396     049C                     	;# 
  1397     049D                     	;# 
  1398     050C                     	;# 
  1399     050C                     	;# 
  1400     050D                     	;# 
  1401     050E                     	;# 
  1402     050F                     	;# 
  1403     050F                     	;# 
  1404     0510                     	;# 
  1405     0511                     	;# 
  1406     0512                     	;# 
  1407     0512                     	;# 
  1408     0513                     	;# 
  1409     0514                     	;# 
  1410     0515                     	;# 
  1411     0515                     	;# 
  1412     0516                     	;# 
  1413     0517                     	;# 
  1414     0518                     	;# 
  1415     0519                     	;# 
  1416     051A                     	;# 
  1417     051B                     	;# 
  1418     051C                     	;# 
  1419     051D                     	;# 
  1420     058C                     	;# 
  1421     058C                     	;# 
  1422     058D                     	;# 
  1423     058E                     	;# 
  1424     058F                     	;# 
  1425     058F                     	;# 
  1426     0590                     	;# 
  1427     0591                     	;# 
  1428     0592                     	;# 
  1429     0593                     	;# 
  1430     059C                     	;# 
  1431     059C                     	;# 
  1432     059D                     	;# 
  1433     059D                     	;# 
  1434     059E                     	;# 
  1435     059F                     	;# 
  1436     060C                     	;# 
  1437     060C                     	;# 
  1438     060D                     	;# 
  1439     060D                     	;# 
  1440     060E                     	;# 
  1441     060F                     	;# 
  1442     0610                     	;# 
  1443     0611                     	;# 
  1444     0612                     	;# 
  1445     0613                     	;# 
  1446     0614                     	;# 
  1447     0616                     	;# 
  1448     0616                     	;# 
  1449     0617                     	;# 
  1450     0617                     	;# 
  1451     0618                     	;# 
  1452     0619                     	;# 
  1453     061A                     	;# 
  1454     061B                     	;# 
  1455     061C                     	;# 
  1456     061D                     	;# 
  1457     061E                     	;# 
  1458     068C                     	;# 
  1459     068D                     	;# 
  1460     068E                     	;# 
  1461     068F                     	;# 
  1462     0690                     	;# 
  1463     0691                     	;# 
  1464     0692                     	;# 
  1465     0693                     	;# 
  1466     0694                     	;# 
  1467     070C                     	;# 
  1468     070D                     	;# 
  1469     070E                     	;# 
  1470     070F                     	;# 
  1471     0710                     	;# 
  1472     0711                     	;# 
  1473     0712                     	;# 
  1474     0713                     	;# 
  1475     0714                     	;# 
  1476     0716                     	;# 
  1477     0717                     	;# 
  1478     0718                     	;# 
  1479     0719                     	;# 
  1480     071A                     	;# 
  1481     071B                     	;# 
  1482     071C                     	;# 
  1483     071D                     	;# 
  1484     071E                     	;# 
  1485     0796                     	;# 
  1486     0797                     	;# 
  1487     0798                     	;# 
  1488     0799                     	;# 
  1489     079A                     	;# 
  1490     079B                     	;# 
  1491     079C                     	;# 
  1492     079D                     	;# 
  1493     080C                     	;# 
  1494     080D                     	;# 
  1495     080E                     	;# 
  1496     080F                     	;# 
  1497     0810                     	;# 
  1498     0811                     	;# 
  1499     0813                     	;# 
  1500     0814                     	;# 
  1501     081A                     	;# 
  1502     081A                     	;# 
  1503     081B                     	;# 
  1504     081C                     	;# 
  1505     081C                     	;# 
  1506     081D                     	;# 
  1507     081E                     	;# 
  1508     081F                     	;# 
  1509     088C                     	;# 
  1510     088D                     	;# 
  1511     088E                     	;# 
  1512     088F                     	;# 
  1513     0890                     	;# 
  1514     0891                     	;# 
  1515     0892                     	;# 
  1516     0893                     	;# 
  1517     0895                     	;# 
  1518     0896                     	;# 
  1519     0897                     	;# 
  1520     0898                     	;# 
  1521     0899                     	;# 
  1522     089A                     	;# 
  1523     089B                     	;# 
  1524     090C                     	;# 
  1525     090E                     	;# 
  1526     090F                     	;# 
  1527     091F                     	;# 
  1528     098F                     	;# 
  1529     098F                     	;# 
  1530     0990                     	;# 
  1531     0991                     	;# 
  1532     0992                     	;# 
  1533     0993                     	;# 
  1534     0994                     	;# 
  1535     0995                     	;# 
  1536     0996                     	;# 
  1537     0997                     	;# 
  1538     0A19                     	;# 
  1539     0A19                     	;# 
  1540     0A1A                     	;# 
  1541     0A1A                     	;# 
  1542     0A1B                     	;# 
  1543     0A1B                     	;# 
  1544     0A1B                     	;# 
  1545     0A1C                     	;# 
  1546     0A1C                     	;# 
  1547     0A1D                     	;# 
  1548     0A1D                     	;# 
  1549     0A1E                     	;# 
  1550     0A1E                     	;# 
  1551     0A1F                     	;# 
  1552     0A1F                     	;# 
  1553     0A1F                     	;# 
  1554     1E0F                     	;# 
  1555     1E10                     	;# 
  1556     1E11                     	;# 
  1557     1E12                     	;# 
  1558     1E13                     	;# 
  1559     1E14                     	;# 
  1560     1E15                     	;# 
  1561     1E16                     	;# 
  1562     1E17                     	;# 
  1563     1E18                     	;# 
  1564     1E19                     	;# 
  1565     1E1A                     	;# 
  1566     1E1B                     	;# 
  1567     1E1C                     	;# 
  1568     1E1D                     	;# 
  1569     1E1E                     	;# 
  1570     1E1F                     	;# 
  1571     1E20                     	;# 
  1572     1E21                     	;# 
  1573     1E22                     	;# 
  1574     1E23                     	;# 
  1575     1E24                     	;# 
  1576     1E25                     	;# 
  1577     1E26                     	;# 
  1578     1E27                     	;# 
  1579     1E28                     	;# 
  1580     1E29                     	;# 
  1581     1E2A                     	;# 
  1582     1E2B                     	;# 
  1583     1E2C                     	;# 
  1584     1E2D                     	;# 
  1585     1E2E                     	;# 
  1586     1E2F                     	;# 
  1587     1E30                     	;# 
  1588     1E31                     	;# 
  1589     1E32                     	;# 
  1590     1E33                     	;# 
  1591     1E34                     	;# 
  1592     1E35                     	;# 
  1593     1E36                     	;# 
  1594     1E37                     	;# 
  1595     1E8F                     	;# 
  1596     1E90                     	;# 
  1597     1E91                     	;# 
  1598     1E92                     	;# 
  1599     1E93                     	;# 
  1600     1E94                     	;# 
  1601     1E95                     	;# 
  1602     1E96                     	;# 
  1603     1E97                     	;# 
  1604     1E9C                     	;# 
  1605     1E9D                     	;# 
  1606     1E9E                     	;# 
  1607     1EA1                     	;# 
  1608     1EA2                     	;# 
  1609     1EA3                     	;# 
  1610     1EA4                     	;# 
  1611     1EA5                     	;# 
  1612     1EA9                     	;# 
  1613     1EAA                     	;# 
  1614     1EAB                     	;# 
  1615     1EAC                     	;# 
  1616     1EB1                     	;# 
  1617     1EB2                     	;# 
  1618     1EB3                     	;# 
  1619     1EB8                     	;# 
  1620     1EB9                     	;# 
  1621     1EBA                     	;# 
  1622     1EBB                     	;# 
  1623     1EBC                     	;# 
  1624     1EBD                     	;# 
  1625     1EBE                     	;# 
  1626     1EC3                     	;# 
  1627     1EC5                     	;# 
  1628     1EC6                     	;# 
  1629     1EC7                     	;# 
  1630     1EC8                     	;# 
  1631     1EC9                     	;# 
  1632     1ECA                     	;# 
  1633     1ECB                     	;# 
  1634     1ECC                     	;# 
  1635     1ECD                     	;# 
  1636     1ECE                     	;# 
  1637     1F10                     	;# 
  1638     1F11                     	;# 
  1639     1F12                     	;# 
  1640     1F13                     	;# 
  1641     1F14                     	;# 
  1642     1F15                     	;# 
  1643     1F16                     	;# 
  1644     1F17                     	;# 
  1645     1F18                     	;# 
  1646     1F19                     	;# 
  1647     1F1A                     	;# 
  1648     1F1B                     	;# 
  1649     1F1C                     	;# 
  1650     1F1D                     	;# 
  1651     1F1E                     	;# 
  1652     1F1F                     	;# 
  1653     1F20                     	;# 
  1654     1F21                     	;# 
  1655     1F22                     	;# 
  1656     1F23                     	;# 
  1657     1F24                     	;# 
  1658     1F25                     	;# 
  1659     1F26                     	;# 
  1660     1F27                     	;# 
  1661     1F38                     	;# 
  1662     1F39                     	;# 
  1663     1F3A                     	;# 
  1664     1F3B                     	;# 
  1665     1F3C                     	;# 
  1666     1F3D                     	;# 
  1667     1F3E                     	;# 
  1668     1F3F                     	;# 
  1669     1F43                     	;# 
  1670     1F44                     	;# 
  1671     1F45                     	;# 
  1672     1F46                     	;# 
  1673     1F47                     	;# 
  1674     1F48                     	;# 
  1675     1F49                     	;# 
  1676     1F4A                     	;# 
  1677     1F4E                     	;# 
  1678     1F4F                     	;# 
  1679     1F50                     	;# 
  1680     1F51                     	;# 
  1681     1F52                     	;# 
  1682     1F53                     	;# 
  1683     1F54                     	;# 
  1684     1F55                     	;# 
  1685     1F65                     	;# 
  1686     1F66                     	;# 
  1687     1F67                     	;# 
  1688     1F68                     	;# 
  1689     1F69                     	;# 
  1690     1F6A                     	;# 
  1691     1F6B                     	;# 
  1692     1FE4                     	;# 
  1693     1FE5                     	;# 
  1694     1FE6                     	;# 
  1695     1FE7                     	;# 
  1696     1FE8                     	;# 
  1697     1FE8                     	;# 
  1698     1FE9                     	;# 
  1699     1FEA                     	;# 
  1700     1FEB                     	;# 
  1701     1FED                     	;# 
  1702     1FEE                     	;# 
  1703     1FEF                     	;# 
  1704     0000                     	;# 
  1705     0001                     	;# 
  1706     0002                     	;# 
  1707     0003                     	;# 
  1708     0004                     	;# 
  1709     0005                     	;# 
  1710     0006                     	;# 
  1711     0007                     	;# 
  1712     0008                     	;# 
  1713     0009                     	;# 
  1714     000A                     	;# 
  1715     000B                     	;# 
  1716     000C                     	;# 
  1717     000D                     	;# 
  1718     000E                     	;# 
  1719     0010                     	;# 
  1720     0012                     	;# 
  1721     0013                     	;# 
  1722     0014                     	;# 
  1723     0016                     	;# 
  1724     0018                     	;# 
  1725     0019                     	;# 
  1726     001A                     	;# 
  1727     001C                     	;# 
  1728     008C                     	;# 
  1729     008C                     	;# 
  1730     008D                     	;# 
  1731     008E                     	;# 
  1732     008E                     	;# 
  1733     008F                     	;# 
  1734     0090                     	;# 
  1735     0090                     	;# 
  1736     0091                     	;# 
  1737     0092                     	;# 
  1738     0092                     	;# 
  1739     0093                     	;# 
  1740     0094                     	;# 
  1741     0094                     	;# 
  1742     0095                     	;# 
  1743     0096                     	;# 
  1744     0096                     	;# 
  1745     0097                     	;# 
  1746     0098                     	;# 
  1747     0099                     	;# 
  1748     009A                     	;# 
  1749     009B                     	;# 
  1750     009B                     	;# 
  1751     009C                     	;# 
  1752     009D                     	;# 
  1753     009D                     	;# 
  1754     009E                     	;# 
  1755     009F                     	;# 
  1756     010C                     	;# 
  1757     010C                     	;# 
  1758     010D                     	;# 
  1759     010E                     	;# 
  1760     010F                     	;# 
  1761     010F                     	;# 
  1762     0110                     	;# 
  1763     0111                     	;# 
  1764     0112                     	;# 
  1765     0113                     	;# 
  1766     0114                     	;# 
  1767     0115                     	;# 
  1768     0116                     	;# 
  1769     0117                     	;# 
  1770     0118                     	;# 
  1771     0119                     	;# 
  1772     0119                     	;# 
  1773     0119                     	;# 
  1774     011A                     	;# 
  1775     011A                     	;# 
  1776     011A                     	;# 
  1777     011B                     	;# 
  1778     011B                     	;# 
  1779     011B                     	;# 
  1780     011B                     	;# 
  1781     011B                     	;# 
  1782     011C                     	;# 
  1783     011C                     	;# 
  1784     011C                     	;# 
  1785     011D                     	;# 
  1786     011D                     	;# 
  1787     011D                     	;# 
  1788     011E                     	;# 
  1789     011E                     	;# 
  1790     011E                     	;# 
  1791     011F                     	;# 
  1792     011F                     	;# 
  1793     011F                     	;# 
  1794     011F                     	;# 
  1795     011F                     	;# 
  1796     018C                     	;# 
  1797     018D                     	;# 
  1798     018E                     	;# 
  1799     018F                     	;# 
  1800     0190                     	;# 
  1801     0191                     	;# 
  1802     0192                     	;# 
  1803     0196                     	;# 
  1804     0197                     	;# 
  1805     0198                     	;# 
  1806     0199                     	;# 
  1807     019A                     	;# 
  1808     019B                     	;# 
  1809     019C                     	;# 
  1810     020C                     	;# 
  1811     020D                     	;# 
  1812     020E                     	;# 
  1813     020E                     	;# 
  1814     020F                     	;# 
  1815     020F                     	;# 
  1816     0210                     	;# 
  1817     0210                     	;# 
  1818     0211                     	;# 
  1819     0211                     	;# 
  1820     0212                     	;# 
  1821     0213                     	;# 
  1822     0214                     	;# 
  1823     0214                     	;# 
  1824     0215                     	;# 
  1825     0215                     	;# 
  1826     0216                     	;# 
  1827     0216                     	;# 
  1828     0217                     	;# 
  1829     0217                     	;# 
  1830     0218                     	;# 
  1831     0219                     	;# 
  1832     021A                     	;# 
  1833     021A                     	;# 
  1834     021B                     	;# 
  1835     021B                     	;# 
  1836     021C                     	;# 
  1837     021C                     	;# 
  1838     021D                     	;# 
  1839     021D                     	;# 
  1840     021E                     	;# 
  1841     021F                     	;# 
  1842     028C                     	;# 
  1843     028C                     	;# 
  1844     028D                     	;# 
  1845     028D                     	;# 
  1846     028E                     	;# 
  1847     028F                     	;# 
  1848     0290                     	;# 
  1849     0291                     	;# 
  1850     0292                     	;# 
  1851     0292                     	;# 
  1852     0293                     	;# 
  1853     0293                     	;# 
  1854     0294                     	;# 
  1855     0295                     	;# 
  1856     0296                     	;# 
  1857     0297                     	;# 
  1858     0298                     	;# 
  1859     0298                     	;# 
  1860     0299                     	;# 
  1861     0299                     	;# 
  1862     029A                     	;# 
  1863     029B                     	;# 
  1864     029C                     	;# 
  1865     029D                     	;# 
  1866     029F                     	;# 
  1867     030C                     	;# 
  1868     030C                     	;# 
  1869     030D                     	;# 
  1870     030E                     	;# 
  1871     030F                     	;# 
  1872     0310                     	;# 
  1873     0310                     	;# 
  1874     0311                     	;# 
  1875     0312                     	;# 
  1876     0313                     	;# 
  1877     0314                     	;# 
  1878     0314                     	;# 
  1879     0315                     	;# 
  1880     0316                     	;# 
  1881     0317                     	;# 
  1882     0318                     	;# 
  1883     0318                     	;# 
  1884     0319                     	;# 
  1885     031A                     	;# 
  1886     031B                     	;# 
  1887     031C                     	;# 
  1888     031C                     	;# 
  1889     031D                     	;# 
  1890     031E                     	;# 
  1891     031F                     	;# 
  1892     038C                     	;# 
  1893     038C                     	;# 
  1894     038D                     	;# 
  1895     038E                     	;# 
  1896     0390                     	;# 
  1897     0390                     	;# 
  1898     0391                     	;# 
  1899     0392                     	;# 
  1900     048C                     	;# 
  1901     048C                     	;# 
  1902     048D                     	;# 
  1903     048E                     	;# 
  1904     048F                     	;# 
  1905     048F                     	;# 
  1906     0490                     	;# 
  1907     0491                     	;# 
  1908     0492                     	;# 
  1909     0492                     	;# 
  1910     0493                     	;# 
  1911     0494                     	;# 
  1912     0495                     	;# 
  1913     0495                     	;# 
  1914     0496                     	;# 
  1915     0497                     	;# 
  1916     0498                     	;# 
  1917     0499                     	;# 
  1918     049A                     	;# 
  1919     049B                     	;# 
  1920     049C                     	;# 
  1921     049D                     	;# 
  1922     050C                     	;# 
  1923     050C                     	;# 
  1924     050D                     	;# 
  1925     050E                     	;# 
  1926     050F                     	;# 
  1927     050F                     	;# 
  1928     0510                     	;# 
  1929     0511                     	;# 
  1930     0512                     	;# 
  1931     0512                     	;# 
  1932     0513                     	;# 
  1933     0514                     	;# 
  1934     0515                     	;# 
  1935     0515                     	;# 
  1936     0516                     	;# 
  1937     0517                     	;# 
  1938     0518                     	;# 
  1939     0519                     	;# 
  1940     051A                     	;# 
  1941     051B                     	;# 
  1942     051C                     	;# 
  1943     051D                     	;# 
  1944     058C                     	;# 
  1945     058C                     	;# 
  1946     058D                     	;# 
  1947     058E                     	;# 
  1948     058F                     	;# 
  1949     058F                     	;# 
  1950     0590                     	;# 
  1951     0591                     	;# 
  1952     0592                     	;# 
  1953     0593                     	;# 
  1954     059C                     	;# 
  1955     059C                     	;# 
  1956     059D                     	;# 
  1957     059D                     	;# 
  1958     059E                     	;# 
  1959     059F                     	;# 
  1960     060C                     	;# 
  1961     060C                     	;# 
  1962     060D                     	;# 
  1963     060D                     	;# 
  1964     060E                     	;# 
  1965     060F                     	;# 
  1966     0610                     	;# 
  1967     0611                     	;# 
  1968     0612                     	;# 
  1969     0613                     	;# 
  1970     0614                     	;# 
  1971     0616                     	;# 
  1972     0616                     	;# 
  1973     0617                     	;# 
  1974     0617                     	;# 
  1975     0618                     	;# 
  1976     0619                     	;# 
  1977     061A                     	;# 
  1978     061B                     	;# 
  1979     061C                     	;# 
  1980     061D                     	;# 
  1981     061E                     	;# 
  1982     068C                     	;# 
  1983     068D                     	;# 
  1984     068E                     	;# 
  1985     068F                     	;# 
  1986     0690                     	;# 
  1987     0691                     	;# 
  1988     0692                     	;# 
  1989     0693                     	;# 
  1990     0694                     	;# 
  1991     070C                     	;# 
  1992     070D                     	;# 
  1993     070E                     	;# 
  1994     070F                     	;# 
  1995     0710                     	;# 
  1996     0711                     	;# 
  1997     0712                     	;# 
  1998     0713                     	;# 
  1999     0714                     	;# 
  2000     0716                     	;# 
  2001     0717                     	;# 
  2002     0718                     	;# 
  2003     0719                     	;# 
  2004     071A                     	;# 
  2005     071B                     	;# 
  2006     071C                     	;# 
  2007     071D                     	;# 
  2008     071E                     	;# 
  2009     0796                     	;# 
  2010     0797                     	;# 
  2011     0798                     	;# 
  2012     0799                     	;# 
  2013     079A                     	;# 
  2014     079B                     	;# 
  2015     079C                     	;# 
  2016     079D                     	;# 
  2017     080C                     	;# 
  2018     080D                     	;# 
  2019     080E                     	;# 
  2020     080F                     	;# 
  2021     0810                     	;# 
  2022     0811                     	;# 
  2023     0813                     	;# 
  2024     0814                     	;# 
  2025     081A                     	;# 
  2026     081A                     	;# 
  2027     081B                     	;# 
  2028     081C                     	;# 
  2029     081C                     	;# 
  2030     081D                     	;# 
  2031     081E                     	;# 
  2032     081F                     	;# 
  2033     088C                     	;# 
  2034     088D                     	;# 
  2035     088E                     	;# 
  2036     088F                     	;# 
  2037     0890                     	;# 
  2038     0891                     	;# 
  2039     0892                     	;# 
  2040     0893                     	;# 
  2041     0895                     	;# 
  2042     0896                     	;# 
  2043     0897                     	;# 
  2044     0898                     	;# 
  2045     0899                     	;# 
  2046     089A                     	;# 
  2047     089B                     	;# 
  2048     090C                     	;# 
  2049     090E                     	;# 
  2050     090F                     	;# 
  2051     091F                     	;# 
  2052     098F                     	;# 
  2053     098F                     	;# 
  2054     0990                     	;# 
  2055     0991                     	;# 
  2056     0992                     	;# 
  2057     0993                     	;# 
  2058     0994                     	;# 
  2059     0995                     	;# 
  2060     0996                     	;# 
  2061     0997                     	;# 
  2062     0A19                     	;# 
  2063     0A19                     	;# 
  2064     0A1A                     	;# 
  2065     0A1A                     	;# 
  2066     0A1B                     	;# 
  2067     0A1B                     	;# 
  2068     0A1B                     	;# 
  2069     0A1C                     	;# 
  2070     0A1C                     	;# 
  2071     0A1D                     	;# 
  2072     0A1D                     	;# 
  2073     0A1E                     	;# 
  2074     0A1E                     	;# 
  2075     0A1F                     	;# 
  2076     0A1F                     	;# 
  2077     0A1F                     	;# 
  2078     1E0F                     	;# 
  2079     1E10                     	;# 
  2080     1E11                     	;# 
  2081     1E12                     	;# 
  2082     1E13                     	;# 
  2083     1E14                     	;# 
  2084     1E15                     	;# 
  2085     1E16                     	;# 
  2086     1E17                     	;# 
  2087     1E18                     	;# 
  2088     1E19                     	;# 
  2089     1E1A                     	;# 
  2090     1E1B                     	;# 
  2091     1E1C                     	;# 
  2092     1E1D                     	;# 
  2093     1E1E                     	;# 
  2094     1E1F                     	;# 
  2095     1E20                     	;# 
  2096     1E21                     	;# 
  2097     1E22                     	;# 
  2098     1E23                     	;# 
  2099     1E24                     	;# 
  2100     1E25                     	;# 
  2101     1E26                     	;# 
  2102     1E27                     	;# 
  2103     1E28                     	;# 
  2104     1E29                     	;# 
  2105     1E2A                     	;# 
  2106     1E2B                     	;# 
  2107     1E2C                     	;# 
  2108     1E2D                     	;# 
  2109     1E2E                     	;# 
  2110     1E2F                     	;# 
  2111     1E30                     	;# 
  2112     1E31                     	;# 
  2113     1E32                     	;# 
  2114     1E33                     	;# 
  2115     1E34                     	;# 
  2116     1E35                     	;# 
  2117     1E36                     	;# 
  2118     1E37                     	;# 
  2119     1E8F                     	;# 
  2120     1E90                     	;# 
  2121     1E91                     	;# 
  2122     1E92                     	;# 
  2123     1E93                     	;# 
  2124     1E94                     	;# 
  2125     1E95                     	;# 
  2126     1E96                     	;# 
  2127     1E97                     	;# 
  2128     1E9C                     	;# 
  2129     1E9D                     	;# 
  2130     1E9E                     	;# 
  2131     1EA1                     	;# 
  2132     1EA2                     	;# 
  2133     1EA3                     	;# 
  2134     1EA4                     	;# 
  2135     1EA5                     	;# 
  2136     1EA9                     	;# 
  2137     1EAA                     	;# 
  2138     1EAB                     	;# 
  2139     1EAC                     	;# 
  2140     1EB1                     	;# 
  2141     1EB2                     	;# 
  2142     1EB3                     	;# 
  2143     1EB8                     	;# 
  2144     1EB9                     	;# 
  2145     1EBA                     	;# 
  2146     1EBB                     	;# 
  2147     1EBC                     	;# 
  2148     1EBD                     	;# 
  2149     1EBE                     	;# 
  2150     1EC3                     	;# 
  2151     1EC5                     	;# 
  2152     1EC6                     	;# 
  2153     1EC7                     	;# 
  2154     1EC8                     	;# 
  2155     1EC9                     	;# 
  2156     1ECA                     	;# 
  2157     1ECB                     	;# 
  2158     1ECC                     	;# 
  2159     1ECD                     	;# 
  2160     1ECE                     	;# 
  2161     1F10                     	;# 
  2162     1F11                     	;# 
  2163     1F12                     	;# 
  2164     1F13                     	;# 
  2165     1F14                     	;# 
  2166     1F15                     	;# 
  2167     1F16                     	;# 
  2168     1F17                     	;# 
  2169     1F18                     	;# 
  2170     1F19                     	;# 
  2171     1F1A                     	;# 
  2172     1F1B                     	;# 
  2173     1F1C                     	;# 
  2174     1F1D                     	;# 
  2175     1F1E                     	;# 
  2176     1F1F                     	;# 
  2177     1F20                     	;# 
  2178     1F21                     	;# 
  2179     1F22                     	;# 
  2180     1F23                     	;# 
  2181     1F24                     	;# 
  2182     1F25                     	;# 
  2183     1F26                     	;# 
  2184     1F27                     	;# 
  2185     1F38                     	;# 
  2186     1F39                     	;# 
  2187     1F3A                     	;# 
  2188     1F3B                     	;# 
  2189     1F3C                     	;# 
  2190     1F3D                     	;# 
  2191     1F3E                     	;# 
  2192     1F3F                     	;# 
  2193     1F43                     	;# 
  2194     1F44                     	;# 
  2195     1F45                     	;# 
  2196     1F46                     	;# 
  2197     1F47                     	;# 
  2198     1F48                     	;# 
  2199     1F49                     	;# 
  2200     1F4A                     	;# 
  2201     1F4E                     	;# 
  2202     1F4F                     	;# 
  2203     1F50                     	;# 
  2204     1F51                     	;# 
  2205     1F52                     	;# 
  2206     1F53                     	;# 
  2207     1F54                     	;# 
  2208     1F55                     	;# 
  2209     1F65                     	;# 
  2210     1F66                     	;# 
  2211     1F67                     	;# 
  2212     1F68                     	;# 
  2213     1F69                     	;# 
  2214     1F6A                     	;# 
  2215     1F6B                     	;# 
  2216     1FE4                     	;# 
  2217     1FE5                     	;# 
  2218     1FE6                     	;# 
  2219     1FE7                     	;# 
  2220     1FE8                     	;# 
  2221     1FE8                     	;# 
  2222     1FE9                     	;# 
  2223     1FEA                     	;# 
  2224     1FEB                     	;# 
  2225     1FED                     	;# 
  2226     1FEE                     	;# 
  2227     1FEF                     	;# 
  2228     0000                     	;# 
  2229     0001                     	;# 
  2230     0002                     	;# 
  2231     0003                     	;# 
  2232     0004                     	;# 
  2233     0005                     	;# 
  2234     0006                     	;# 
  2235     0007                     	;# 
  2236     0008                     	;# 
  2237     0009                     	;# 
  2238     000A                     	;# 
  2239     000B                     	;# 
  2240     000C                     	;# 
  2241     000D                     	;# 
  2242     000E                     	;# 
  2243     0010                     	;# 
  2244     0012                     	;# 
  2245     0013                     	;# 
  2246     0014                     	;# 
  2247     0016                     	;# 
  2248     0018                     	;# 
  2249     0019                     	;# 
  2250     001A                     	;# 
  2251     001C                     	;# 
  2252     008C                     	;# 
  2253     008C                     	;# 
  2254     008D                     	;# 
  2255     008E                     	;# 
  2256     008E                     	;# 
  2257     008F                     	;# 
  2258     0090                     	;# 
  2259     0090                     	;# 
  2260     0091                     	;# 
  2261     0092                     	;# 
  2262     0092                     	;# 
  2263     0093                     	;# 
  2264     0094                     	;# 
  2265     0094                     	;# 
  2266     0095                     	;# 
  2267     0096                     	;# 
  2268     0096                     	;# 
  2269     0097                     	;# 
  2270     0098                     	;# 
  2271     0099                     	;# 
  2272     009A                     	;# 
  2273     009B                     	;# 
  2274     009B                     	;# 
  2275     009C                     	;# 
  2276     009D                     	;# 
  2277     009D                     	;# 
  2278     009E                     	;# 
  2279     009F                     	;# 
  2280     010C                     	;# 
  2281     010C                     	;# 
  2282     010D                     	;# 
  2283     010E                     	;# 
  2284     010F                     	;# 
  2285     010F                     	;# 
  2286     0110                     	;# 
  2287     0111                     	;# 
  2288     0112                     	;# 
  2289     0113                     	;# 
  2290     0114                     	;# 
  2291     0115                     	;# 
  2292     0116                     	;# 
  2293     0117                     	;# 
  2294     0118                     	;# 
  2295     0119                     	;# 
  2296     0119                     	;# 
  2297     0119                     	;# 
  2298     011A                     	;# 
  2299     011A                     	;# 
  2300     011A                     	;# 
  2301     011B                     	;# 
  2302     011B                     	;# 
  2303     011B                     	;# 
  2304     011B                     	;# 
  2305     011B                     	;# 
  2306     011C                     	;# 
  2307     011C                     	;# 
  2308     011C                     	;# 
  2309     011D                     	;# 
  2310     011D                     	;# 
  2311     011D                     	;# 
  2312     011E                     	;# 
  2313     011E                     	;# 
  2314     011E                     	;# 
  2315     011F                     	;# 
  2316     011F                     	;# 
  2317     011F                     	;# 
  2318     011F                     	;# 
  2319     011F                     	;# 
  2320     018C                     	;# 
  2321     018D                     	;# 
  2322     018E                     	;# 
  2323     018F                     	;# 
  2324     0190                     	;# 
  2325     0191                     	;# 
  2326     0192                     	;# 
  2327     0196                     	;# 
  2328     0197                     	;# 
  2329     0198                     	;# 
  2330     0199                     	;# 
  2331     019A                     	;# 
  2332     019B                     	;# 
  2333     019C                     	;# 
  2334     020C                     	;# 
  2335     020D                     	;# 
  2336     020E                     	;# 
  2337     020E                     	;# 
  2338     020F                     	;# 
  2339     020F                     	;# 
  2340     0210                     	;# 
  2341     0210                     	;# 
  2342     0211                     	;# 
  2343     0211                     	;# 
  2344     0212                     	;# 
  2345     0213                     	;# 
  2346     0214                     	;# 
  2347     0214                     	;# 
  2348     0215                     	;# 
  2349     0215                     	;# 
  2350     0216                     	;# 
  2351     0216                     	;# 
  2352     0217                     	;# 
  2353     0217                     	;# 
  2354     0218                     	;# 
  2355     0219                     	;# 
  2356     021A                     	;# 
  2357     021A                     	;# 
  2358     021B                     	;# 
  2359     021B                     	;# 
  2360     021C                     	;# 
  2361     021C                     	;# 
  2362     021D                     	;# 
  2363     021D                     	;# 
  2364     021E                     	;# 
  2365     021F                     	;# 
  2366     028C                     	;# 
  2367     028C                     	;# 
  2368     028D                     	;# 
  2369     028D                     	;# 
  2370     028E                     	;# 
  2371     028F                     	;# 
  2372     0290                     	;# 
  2373     0291                     	;# 
  2374     0292                     	;# 
  2375     0292                     	;# 
  2376     0293                     	;# 
  2377     0293                     	;# 
  2378     0294                     	;# 
  2379     0295                     	;# 
  2380     0296                     	;# 
  2381     0297                     	;# 
  2382     0298                     	;# 
  2383     0298                     	;# 
  2384     0299                     	;# 
  2385     0299                     	;# 
  2386     029A                     	;# 
  2387     029B                     	;# 
  2388     029C                     	;# 
  2389     029D                     	;# 
  2390     029F                     	;# 
  2391     030C                     	;# 
  2392     030C                     	;# 
  2393     030D                     	;# 
  2394     030E                     	;# 
  2395     030F                     	;# 
  2396     0310                     	;# 
  2397     0310                     	;# 
  2398     0311                     	;# 
  2399     0312                     	;# 
  2400     0313                     	;# 
  2401     0314                     	;# 
  2402     0314                     	;# 
  2403     0315                     	;# 
  2404     0316                     	;# 
  2405     0317                     	;# 
  2406     0318                     	;# 
  2407     0318                     	;# 
  2408     0319                     	;# 
  2409     031A                     	;# 
  2410     031B                     	;# 
  2411     031C                     	;# 
  2412     031C                     	;# 
  2413     031D                     	;# 
  2414     031E                     	;# 
  2415     031F                     	;# 
  2416     038C                     	;# 
  2417     038C                     	;# 
  2418     038D                     	;# 
  2419     038E                     	;# 
  2420     0390                     	;# 
  2421     0390                     	;# 
  2422     0391                     	;# 
  2423     0392                     	;# 
  2424     048C                     	;# 
  2425     048C                     	;# 
  2426     048D                     	;# 
  2427     048E                     	;# 
  2428     048F                     	;# 
  2429     048F                     	;# 
  2430     0490                     	;# 
  2431     0491                     	;# 
  2432     0492                     	;# 
  2433     0492                     	;# 
  2434     0493                     	;# 
  2435     0494                     	;# 
  2436     0495                     	;# 
  2437     0495                     	;# 
  2438     0496                     	;# 
  2439     0497                     	;# 
  2440     0498                     	;# 
  2441     0499                     	;# 
  2442     049A                     	;# 
  2443     049B                     	;# 
  2444     049C                     	;# 
  2445     049D                     	;# 
  2446     050C                     	;# 
  2447     050C                     	;# 
  2448     050D                     	;# 
  2449     050E                     	;# 
  2450     050F                     	;# 
  2451     050F                     	;# 
  2452     0510                     	;# 
  2453     0511                     	;# 
  2454     0512                     	;# 
  2455     0512                     	;# 
  2456     0513                     	;# 
  2457     0514                     	;# 
  2458     0515                     	;# 
  2459     0515                     	;# 
  2460     0516                     	;# 
  2461     0517                     	;# 
  2462     0518                     	;# 
  2463     0519                     	;# 
  2464     051A                     	;# 
  2465     051B                     	;# 
  2466     051C                     	;# 
  2467     051D                     	;# 
  2468     058C                     	;# 
  2469     058C                     	;# 
  2470     058D                     	;# 
  2471     058E                     	;# 
  2472     058F                     	;# 
  2473     058F                     	;# 
  2474     0590                     	;# 
  2475     0591                     	;# 
  2476     0592                     	;# 
  2477     0593                     	;# 
  2478     059C                     	;# 
  2479     059C                     	;# 
  2480     059D                     	;# 
  2481     059D                     	;# 
  2482     059E                     	;# 
  2483     059F                     	;# 
  2484     060C                     	;# 
  2485     060C                     	;# 
  2486     060D                     	;# 
  2487     060D                     	;# 
  2488     060E                     	;# 
  2489     060F                     	;# 
  2490     0610                     	;# 
  2491     0611                     	;# 
  2492     0612                     	;# 
  2493     0613                     	;# 
  2494     0614                     	;# 
  2495     0616                     	;# 
  2496     0616                     	;# 
  2497     0617                     	;# 
  2498     0617                     	;# 
  2499     0618                     	;# 
  2500     0619                     	;# 
  2501     061A                     	;# 
  2502     061B                     	;# 
  2503     061C                     	;# 
  2504     061D                     	;# 
  2505     061E                     	;# 
  2506     068C                     	;# 
  2507     068D                     	;# 
  2508     068E                     	;# 
  2509     068F                     	;# 
  2510     0690                     	;# 
  2511     0691                     	;# 
  2512     0692                     	;# 
  2513     0693                     	;# 
  2514     0694                     	;# 
  2515     070C                     	;# 
  2516     070D                     	;# 
  2517     070E                     	;# 
  2518     070F                     	;# 
  2519     0710                     	;# 
  2520     0711                     	;# 
  2521     0712                     	;# 
  2522     0713                     	;# 
  2523     0714                     	;# 
  2524     0716                     	;# 
  2525     0717                     	;# 
  2526     0718                     	;# 
  2527     0719                     	;# 
  2528     071A                     	;# 
  2529     071B                     	;# 
  2530     071C                     	;# 
  2531     071D                     	;# 
  2532     071E                     	;# 
  2533     0796                     	;# 
  2534     0797                     	;# 
  2535     0798                     	;# 
  2536     0799                     	;# 
  2537     079A                     	;# 
  2538     079B                     	;# 
  2539     079C                     	;# 
  2540     079D                     	;# 
  2541     080C                     	;# 
  2542     080D                     	;# 
  2543     080E                     	;# 
  2544     080F                     	;# 
  2545     0810                     	;# 
  2546     0811                     	;# 
  2547     0813                     	;# 
  2548     0814                     	;# 
  2549     081A                     	;# 
  2550     081A                     	;# 
  2551     081B                     	;# 
  2552     081C                     	;# 
  2553     081C                     	;# 
  2554     081D                     	;# 
  2555     081E                     	;# 
  2556     081F                     	;# 
  2557     088C                     	;# 
  2558     088D                     	;# 
  2559     088E                     	;# 
  2560     088F                     	;# 
  2561     0890                     	;# 
  2562     0891                     	;# 
  2563     0892                     	;# 
  2564     0893                     	;# 
  2565     0895                     	;# 
  2566     0896                     	;# 
  2567     0897                     	;# 
  2568     0898                     	;# 
  2569     0899                     	;# 
  2570     089A                     	;# 
  2571     089B                     	;# 
  2572     090C                     	;# 
  2573     090E                     	;# 
  2574     090F                     	;# 
  2575     091F                     	;# 
  2576     098F                     	;# 
  2577     098F                     	;# 
  2578     0990                     	;# 
  2579     0991                     	;# 
  2580     0992                     	;# 
  2581     0993                     	;# 
  2582     0994                     	;# 
  2583     0995                     	;# 
  2584     0996                     	;# 
  2585     0997                     	;# 
  2586     0A19                     	;# 
  2587     0A19                     	;# 
  2588     0A1A                     	;# 
  2589     0A1A                     	;# 
  2590     0A1B                     	;# 
  2591     0A1B                     	;# 
  2592     0A1B                     	;# 
  2593     0A1C                     	;# 
  2594     0A1C                     	;# 
  2595     0A1D                     	;# 
  2596     0A1D                     	;# 
  2597     0A1E                     	;# 
  2598     0A1E                     	;# 
  2599     0A1F                     	;# 
  2600     0A1F                     	;# 
  2601     0A1F                     	;# 
  2602     1E0F                     	;# 
  2603     1E10                     	;# 
  2604     1E11                     	;# 
  2605     1E12                     	;# 
  2606     1E13                     	;# 
  2607     1E14                     	;# 
  2608     1E15                     	;# 
  2609     1E16                     	;# 
  2610     1E17                     	;# 
  2611     1E18                     	;# 
  2612     1E19                     	;# 
  2613     1E1A                     	;# 
  2614     1E1B                     	;# 
  2615     1E1C                     	;# 
  2616     1E1D                     	;# 
  2617     1E1E                     	;# 
  2618     1E1F                     	;# 
  2619     1E20                     	;# 
  2620     1E21                     	;# 
  2621     1E22                     	;# 
  2622     1E23                     	;# 
  2623     1E24                     	;# 
  2624     1E25                     	;# 
  2625     1E26                     	;# 
  2626     1E27                     	;# 
  2627     1E28                     	;# 
  2628     1E29                     	;# 
  2629     1E2A                     	;# 
  2630     1E2B                     	;# 
  2631     1E2C                     	;# 
  2632     1E2D                     	;# 
  2633     1E2E                     	;# 
  2634     1E2F                     	;# 
  2635     1E30                     	;# 
  2636     1E31                     	;# 
  2637     1E32                     	;# 
  2638     1E33                     	;# 
  2639     1E34                     	;# 
  2640     1E35                     	;# 
  2641     1E36                     	;# 
  2642     1E37                     	;# 
  2643     1E8F                     	;# 
  2644     1E90                     	;# 
  2645     1E91                     	;# 
  2646     1E92                     	;# 
  2647     1E93                     	;# 
  2648     1E94                     	;# 
  2649     1E95                     	;# 
  2650     1E96                     	;# 
  2651     1E97                     	;# 
  2652     1E9C                     	;# 
  2653     1E9D                     	;# 
  2654     1E9E                     	;# 
  2655     1EA1                     	;# 
  2656     1EA2                     	;# 
  2657     1EA3                     	;# 
  2658     1EA4                     	;# 
  2659     1EA5                     	;# 
  2660     1EA9                     	;# 
  2661     1EAA                     	;# 
  2662     1EAB                     	;# 
  2663     1EAC                     	;# 
  2664     1EB1                     	;# 
  2665     1EB2                     	;# 
  2666     1EB3                     	;# 
  2667     1EB8                     	;# 
  2668     1EB9                     	;# 
  2669     1EBA                     	;# 
  2670     1EBB                     	;# 
  2671     1EBC                     	;# 
  2672     1EBD                     	;# 
  2673     1EBE                     	;# 
  2674     1EC3                     	;# 
  2675     1EC5                     	;# 
  2676     1EC6                     	;# 
  2677     1EC7                     	;# 
  2678     1EC8                     	;# 
  2679     1EC9                     	;# 
  2680     1ECA                     	;# 
  2681     1ECB                     	;# 
  2682     1ECC                     	;# 
  2683     1ECD                     	;# 
  2684     1ECE                     	;# 
  2685     1F10                     	;# 
  2686     1F11                     	;# 
  2687     1F12                     	;# 
  2688     1F13                     	;# 
  2689     1F14                     	;# 
  2690     1F15                     	;# 
  2691     1F16                     	;# 
  2692     1F17                     	;# 
  2693     1F18                     	;# 
  2694     1F19                     	;# 
  2695     1F1A                     	;# 
  2696     1F1B                     	;# 
  2697     1F1C                     	;# 
  2698     1F1D                     	;# 
  2699     1F1E                     	;# 
  2700     1F1F                     	;# 
  2701     1F20                     	;# 
  2702     1F21                     	;# 
  2703     1F22                     	;# 
  2704     1F23                     	;# 
  2705     1F24                     	;# 
  2706     1F25                     	;# 
  2707     1F26                     	;# 
  2708     1F27                     	;# 
  2709     1F38                     	;# 
  2710     1F39                     	;# 
  2711     1F3A                     	;# 
  2712     1F3B                     	;# 
  2713     1F3C                     	;# 
  2714     1F3D                     	;# 
  2715     1F3E                     	;# 
  2716     1F3F                     	;# 
  2717     1F43                     	;# 
  2718     1F44                     	;# 
  2719     1F45                     	;# 
  2720     1F46                     	;# 
  2721     1F47                     	;# 
  2722     1F48                     	;# 
  2723     1F49                     	;# 
  2724     1F4A                     	;# 
  2725     1F4E                     	;# 
  2726     1F4F                     	;# 
  2727     1F50                     	;# 
  2728     1F51                     	;# 
  2729     1F52                     	;# 
  2730     1F53                     	;# 
  2731     1F54                     	;# 
  2732     1F55                     	;# 
  2733     1F65                     	;# 
  2734     1F66                     	;# 
  2735     1F67                     	;# 
  2736     1F68                     	;# 
  2737     1F69                     	;# 
  2738     1F6A                     	;# 
  2739     1F6B                     	;# 
  2740     1FE4                     	;# 
  2741     1FE5                     	;# 
  2742     1FE6                     	;# 
  2743     1FE7                     	;# 
  2744     1FE8                     	;# 
  2745     1FE8                     	;# 
  2746     1FE9                     	;# 
  2747     1FEA                     	;# 
  2748     1FEB                     	;# 
  2749     1FED                     	;# 
  2750     1FEE                     	;# 
  2751     1FEF                     	;# 
  2752     0000                     	;# 
  2753     0001                     	;# 
  2754     0002                     	;# 
  2755     0003                     	;# 
  2756     0004                     	;# 
  2757     0005                     	;# 
  2758     0006                     	;# 
  2759     0007                     	;# 
  2760     0008                     	;# 
  2761     0009                     	;# 
  2762     000A                     	;# 
  2763     000B                     	;# 
  2764     000C                     	;# 
  2765     000D                     	;# 
  2766     000E                     	;# 
  2767     0010                     	;# 
  2768     0012                     	;# 
  2769     0013                     	;# 
  2770     0014                     	;# 
  2771     0016                     	;# 
  2772     0018                     	;# 
  2773     0019                     	;# 
  2774     001A                     	;# 
  2775     001C                     	;# 
  2776     008C                     	;# 
  2777     008C                     	;# 
  2778     008D                     	;# 
  2779     008E                     	;# 
  2780     008E                     	;# 
  2781     008F                     	;# 
  2782     0090                     	;# 
  2783     0090                     	;# 
  2784     0091                     	;# 
  2785     0092                     	;# 
  2786     0092                     	;# 
  2787     0093                     	;# 
  2788     0094                     	;# 
  2789     0094                     	;# 
  2790     0095                     	;# 
  2791     0096                     	;# 
  2792     0096                     	;# 
  2793     0097                     	;# 
  2794     0098                     	;# 
  2795     0099                     	;# 
  2796     009A                     	;# 
  2797     009B                     	;# 
  2798     009B                     	;# 
  2799     009C                     	;# 
  2800     009D                     	;# 
  2801     009D                     	;# 
  2802     009E                     	;# 
  2803     009F                     	;# 
  2804     010C                     	;# 
  2805     010C                     	;# 
  2806     010D                     	;# 
  2807     010E                     	;# 
  2808     010F                     	;# 
  2809     010F                     	;# 
  2810     0110                     	;# 
  2811     0111                     	;# 
  2812     0112                     	;# 
  2813     0113                     	;# 
  2814     0114                     	;# 
  2815     0115                     	;# 
  2816     0116                     	;# 
  2817     0117                     	;# 
  2818     0118                     	;# 
  2819     0119                     	;# 
  2820     0119                     	;# 
  2821     0119                     	;# 
  2822     011A                     	;# 
  2823     011A                     	;# 
  2824     011A                     	;# 
  2825     011B                     	;# 
  2826     011B                     	;# 
  2827     011B                     	;# 
  2828     011B                     	;# 
  2829     011B                     	;# 
  2830     011C                     	;# 
  2831     011C                     	;# 
  2832     011C                     	;# 
  2833     011D                     	;# 
  2834     011D                     	;# 
  2835     011D                     	;# 
  2836     011E                     	;# 
  2837     011E                     	;# 
  2838     011E                     	;# 
  2839     011F                     	;# 
  2840     011F                     	;# 
  2841     011F                     	;# 
  2842     011F                     	;# 
  2843     011F                     	;# 
  2844     018C                     	;# 
  2845     018D                     	;# 
  2846     018E                     	;# 
  2847     018F                     	;# 
  2848     0190                     	;# 
  2849     0191                     	;# 
  2850     0192                     	;# 
  2851     0196                     	;# 
  2852     0197                     	;# 
  2853     0198                     	;# 
  2854     0199                     	;# 
  2855     019A                     	;# 
  2856     019B                     	;# 
  2857     019C                     	;# 
  2858     020C                     	;# 
  2859     020D                     	;# 
  2860     020E                     	;# 
  2861     020E                     	;# 
  2862     020F                     	;# 
  2863     020F                     	;# 
  2864     0210                     	;# 
  2865     0210                     	;# 
  2866     0211                     	;# 
  2867     0211                     	;# 
  2868     0212                     	;# 
  2869     0213                     	;# 
  2870     0214                     	;# 
  2871     0214                     	;# 
  2872     0215                     	;# 
  2873     0215                     	;# 
  2874     0216                     	;# 
  2875     0216                     	;# 
  2876     0217                     	;# 
  2877     0217                     	;# 
  2878     0218                     	;# 
  2879     0219                     	;# 
  2880     021A                     	;# 
  2881     021A                     	;# 
  2882     021B                     	;# 
  2883     021B                     	;# 
  2884     021C                     	;# 
  2885     021C                     	;# 
  2886     021D                     	;# 
  2887     021D                     	;# 
  2888     021E                     	;# 
  2889     021F                     	;# 
  2890     028C                     	;# 
  2891     028C                     	;# 
  2892     028D                     	;# 
  2893     028D                     	;# 
  2894     028E                     	;# 
  2895     028F                     	;# 
  2896     0290                     	;# 
  2897     0291                     	;# 
  2898     0292                     	;# 
  2899     0292                     	;# 
  2900     0293                     	;# 
  2901     0293                     	;# 
  2902     0294                     	;# 
  2903     0295                     	;# 
  2904     0296                     	;# 
  2905     0297                     	;# 
  2906     0298                     	;# 
  2907     0298                     	;# 
  2908     0299                     	;# 
  2909     0299                     	;# 
  2910     029A                     	;# 
  2911     029B                     	;# 
  2912     029C                     	;# 
  2913     029D                     	;# 
  2914     029F                     	;# 
  2915     030C                     	;# 
  2916     030C                     	;# 
  2917     030D                     	;# 
  2918     030E                     	;# 
  2919     030F                     	;# 
  2920     0310                     	;# 
  2921     0310                     	;# 
  2922     0311                     	;# 
  2923     0312                     	;# 
  2924     0313                     	;# 
  2925     0314                     	;# 
  2926     0314                     	;# 
  2927     0315                     	;# 
  2928     0316                     	;# 
  2929     0317                     	;# 
  2930     0318                     	;# 
  2931     0318                     	;# 
  2932     0319                     	;# 
  2933     031A                     	;# 
  2934     031B                     	;# 
  2935     031C                     	;# 
  2936     031C                     	;# 
  2937     031D                     	;# 
  2938     031E                     	;# 
  2939     031F                     	;# 
  2940     038C                     	;# 
  2941     038C                     	;# 
  2942     038D                     	;# 
  2943     038E                     	;# 
  2944     0390                     	;# 
  2945     0390                     	;# 
  2946     0391                     	;# 
  2947     0392                     	;# 
  2948     048C                     	;# 
  2949     048C                     	;# 
  2950     048D                     	;# 
  2951     048E                     	;# 
  2952     048F                     	;# 
  2953     048F                     	;# 
  2954     0490                     	;# 
  2955     0491                     	;# 
  2956     0492                     	;# 
  2957     0492                     	;# 
  2958     0493                     	;# 
  2959     0494                     	;# 
  2960     0495                     	;# 
  2961     0495                     	;# 
  2962     0496                     	;# 
  2963     0497                     	;# 
  2964     0498                     	;# 
  2965     0499                     	;# 
  2966     049A                     	;# 
  2967     049B                     	;# 
  2968     049C                     	;# 
  2969     049D                     	;# 
  2970     050C                     	;# 
  2971     050C                     	;# 
  2972     050D                     	;# 
  2973     050E                     	;# 
  2974     050F                     	;# 
  2975     050F                     	;# 
  2976     0510                     	;# 
  2977     0511                     	;# 
  2978     0512                     	;# 
  2979     0512                     	;# 
  2980     0513                     	;# 
  2981     0514                     	;# 
  2982     0515                     	;# 
  2983     0515                     	;# 
  2984     0516                     	;# 
  2985     0517                     	;# 
  2986     0518                     	;# 
  2987     0519                     	;# 
  2988     051A                     	;# 
  2989     051B                     	;# 
  2990     051C                     	;# 
  2991     051D                     	;# 
  2992     058C                     	;# 
  2993     058C                     	;# 
  2994     058D                     	;# 
  2995     058E                     	;# 
  2996     058F                     	;# 
  2997     058F                     	;# 
  2998     0590                     	;# 
  2999     0591                     	;# 
  3000     0592                     	;# 
  3001     0593                     	;# 
  3002     059C                     	;# 
  3003     059C                     	;# 
  3004     059D                     	;# 
  3005     059D                     	;# 
  3006     059E                     	;# 
  3007     059F                     	;# 
  3008     060C                     	;# 
  3009     060C                     	;# 
  3010     060D                     	;# 
  3011     060D                     	;# 
  3012     060E                     	;# 
  3013     060F                     	;# 
  3014     0610                     	;# 
  3015     0611                     	;# 
  3016     0612                     	;# 
  3017     0613                     	;# 
  3018     0614                     	;# 
  3019     0616                     	;# 
  3020     0616                     	;# 
  3021     0617                     	;# 
  3022     0617                     	;# 
  3023     0618                     	;# 
  3024     0619                     	;# 
  3025     061A                     	;# 
  3026     061B                     	;# 
  3027     061C                     	;# 
  3028     061D                     	;# 
  3029     061E                     	;# 
  3030     068C                     	;# 
  3031     068D                     	;# 
  3032     068E                     	;# 
  3033     068F                     	;# 
  3034     0690                     	;# 
  3035     0691                     	;# 
  3036     0692                     	;# 
  3037     0693                     	;# 
  3038     0694                     	;# 
  3039     070C                     	;# 
  3040     070D                     	;# 
  3041     070E                     	;# 
  3042     070F                     	;# 
  3043     0710                     	;# 
  3044     0711                     	;# 
  3045     0712                     	;# 
  3046     0713                     	;# 
  3047     0714                     	;# 
  3048     0716                     	;# 
  3049     0717                     	;# 
  3050     0718                     	;# 
  3051     0719                     	;# 
  3052     071A                     	;# 
  3053     071B                     	;# 
  3054     071C                     	;# 
  3055     071D                     	;# 
  3056     071E                     	;# 
  3057     0796                     	;# 
  3058     0797                     	;# 
  3059     0798                     	;# 
  3060     0799                     	;# 
  3061     079A                     	;# 
  3062     079B                     	;# 
  3063     079C                     	;# 
  3064     079D                     	;# 
  3065     080C                     	;# 
  3066     080D                     	;# 
  3067     080E                     	;# 
  3068     080F                     	;# 
  3069     0810                     	;# 
  3070     0811                     	;# 
  3071     0813                     	;# 
  3072     0814                     	;# 
  3073     081A                     	;# 
  3074     081A                     	;# 
  3075     081B                     	;# 
  3076     081C                     	;# 
  3077     081C                     	;# 
  3078     081D                     	;# 
  3079     081E                     	;# 
  3080     081F                     	;# 
  3081     088C                     	;# 
  3082     088D                     	;# 
  3083     088E                     	;# 
  3084     088F                     	;# 
  3085     0890                     	;# 
  3086     0891                     	;# 
  3087     0892                     	;# 
  3088     0893                     	;# 
  3089     0895                     	;# 
  3090     0896                     	;# 
  3091     0897                     	;# 
  3092     0898                     	;# 
  3093     0899                     	;# 
  3094     089A                     	;# 
  3095     089B                     	;# 
  3096     090C                     	;# 
  3097     090E                     	;# 
  3098     090F                     	;# 
  3099     091F                     	;# 
  3100     098F                     	;# 
  3101     098F                     	;# 
  3102     0990                     	;# 
  3103     0991                     	;# 
  3104     0992                     	;# 
  3105     0993                     	;# 
  3106     0994                     	;# 
  3107     0995                     	;# 
  3108     0996                     	;# 
  3109     0997                     	;# 
  3110     0A19                     	;# 
  3111     0A19                     	;# 
  3112     0A1A                     	;# 
  3113     0A1A                     	;# 
  3114     0A1B                     	;# 
  3115     0A1B                     	;# 
  3116     0A1B                     	;# 
  3117     0A1C                     	;# 
  3118     0A1C                     	;# 
  3119     0A1D                     	;# 
  3120     0A1D                     	;# 
  3121     0A1E                     	;# 
  3122     0A1E                     	;# 
  3123     0A1F                     	;# 
  3124     0A1F                     	;# 
  3125     0A1F                     	;# 
  3126     1E0F                     	;# 
  3127     1E10                     	;# 
  3128     1E11                     	;# 
  3129     1E12                     	;# 
  3130     1E13                     	;# 
  3131     1E14                     	;# 
  3132     1E15                     	;# 
  3133     1E16                     	;# 
  3134     1E17                     	;# 
  3135     1E18                     	;# 
  3136     1E19                     	;# 
  3137     1E1A                     	;# 
  3138     1E1B                     	;# 
  3139     1E1C                     	;# 
  3140     1E1D                     	;# 
  3141     1E1E                     	;# 
  3142     1E1F                     	;# 
  3143     1E20                     	;# 
  3144     1E21                     	;# 
  3145     1E22                     	;# 
  3146     1E23                     	;# 
  3147     1E24                     	;# 
  3148     1E25                     	;# 
  3149     1E26                     	;# 
  3150     1E27                     	;# 
  3151     1E28                     	;# 
  3152     1E29                     	;# 
  3153     1E2A                     	;# 
  3154     1E2B                     	;# 
  3155     1E2C                     	;# 
  3156     1E2D                     	;# 
  3157     1E2E                     	;# 
  3158     1E2F                     	;# 
  3159     1E30                     	;# 
  3160     1E31                     	;# 
  3161     1E32                     	;# 
  3162     1E33                     	;# 
  3163     1E34                     	;# 
  3164     1E35                     	;# 
  3165     1E36                     	;# 
  3166     1E37                     	;# 
  3167     1E8F                     	;# 
  3168     1E90                     	;# 
  3169     1E91                     	;# 
  3170     1E92                     	;# 
  3171     1E93                     	;# 
  3172     1E94                     	;# 
  3173     1E95                     	;# 
  3174     1E96                     	;# 
  3175     1E97                     	;# 
  3176     1E9C                     	;# 
  3177     1E9D                     	;# 
  3178     1E9E                     	;# 
  3179     1EA1                     	;# 
  3180     1EA2                     	;# 
  3181     1EA3                     	;# 
  3182     1EA4                     	;# 
  3183     1EA5                     	;# 
  3184     1EA9                     	;# 
  3185     1EAA                     	;# 
  3186     1EAB                     	;# 
  3187     1EAC                     	;# 
  3188     1EB1                     	;# 
  3189     1EB2                     	;# 
  3190     1EB3                     	;# 
  3191     1EB8                     	;# 
  3192     1EB9                     	;# 
  3193     1EBA                     	;# 
  3194     1EBB                     	;# 
  3195     1EBC                     	;# 
  3196     1EBD                     	;# 
  3197     1EBE                     	;# 
  3198     1EC3                     	;# 
  3199     1EC5                     	;# 
  3200     1EC6                     	;# 
  3201     1EC7                     	;# 
  3202     1EC8                     	;# 
  3203     1EC9                     	;# 
  3204     1ECA                     	;# 
  3205     1ECB                     	;# 
  3206     1ECC                     	;# 
  3207     1ECD                     	;# 
  3208     1ECE                     	;# 
  3209     1F10                     	;# 
  3210     1F11                     	;# 
  3211     1F12                     	;# 
  3212     1F13                     	;# 
  3213     1F14                     	;# 
  3214     1F15                     	;# 
  3215     1F16                     	;# 
  3216     1F17                     	;# 
  3217     1F18                     	;# 
  3218     1F19                     	;# 
  3219     1F1A                     	;# 
  3220     1F1B                     	;# 
  3221     1F1C                     	;# 
  3222     1F1D                     	;# 
  3223     1F1E                     	;# 
  3224     1F1F                     	;# 
  3225     1F20                     	;# 
  3226     1F21                     	;# 
  3227     1F22                     	;# 
  3228     1F23                     	;# 
  3229     1F24                     	;# 
  3230     1F25                     	;# 
  3231     1F26                     	;# 
  3232     1F27                     	;# 
  3233     1F38                     	;# 
  3234     1F39                     	;# 
  3235     1F3A                     	;# 
  3236     1F3B                     	;# 
  3237     1F3C                     	;# 
  3238     1F3D                     	;# 
  3239     1F3E                     	;# 
  3240     1F3F                     	;# 
  3241     1F43                     	;# 
  3242     1F44                     	;# 
  3243     1F45                     	;# 
  3244     1F46                     	;# 
  3245     1F47                     	;# 
  3246     1F48                     	;# 
  3247     1F49                     	;# 
  3248     1F4A                     	;# 
  3249     1F4E                     	;# 
  3250     1F4F                     	;# 
  3251     1F50                     	;# 
  3252     1F51                     	;# 
  3253     1F52                     	;# 
  3254     1F53                     	;# 
  3255     1F54                     	;# 
  3256     1F55                     	;# 
  3257     1F65                     	;# 
  3258     1F66                     	;# 
  3259     1F67                     	;# 
  3260     1F68                     	;# 
  3261     1F69                     	;# 
  3262     1F6A                     	;# 
  3263     1F6B                     	;# 
  3264     1FE4                     	;# 
  3265     1FE5                     	;# 
  3266     1FE6                     	;# 
  3267     1FE7                     	;# 
  3268     1FE8                     	;# 
  3269     1FE8                     	;# 
  3270     1FE9                     	;# 
  3271     1FEA                     	;# 
  3272     1FEB                     	;# 
  3273     1FED                     	;# 
  3274     1FEE                     	;# 
  3275     1FEF                     	;# 
  3276     0000                     	;# 
  3277     0001                     	;# 
  3278     0002                     	;# 
  3279     0003                     	;# 
  3280     0004                     	;# 
  3281     0005                     	;# 
  3282     0006                     	;# 
  3283     0007                     	;# 
  3284     0008                     	;# 
  3285     0009                     	;# 
  3286     000A                     	;# 
  3287     000B                     	;# 
  3288     000C                     	;# 
  3289     000D                     	;# 
  3290     000E                     	;# 
  3291     0010                     	;# 
  3292     0012                     	;# 
  3293     0013                     	;# 
  3294     0014                     	;# 
  3295     0016                     	;# 
  3296     0018                     	;# 
  3297     0019                     	;# 
  3298     001A                     	;# 
  3299     001C                     	;# 
  3300     008C                     	;# 
  3301     008C                     	;# 
  3302     008D                     	;# 
  3303     008E                     	;# 
  3304     008E                     	;# 
  3305     008F                     	;# 
  3306     0090                     	;# 
  3307     0090                     	;# 
  3308     0091                     	;# 
  3309     0092                     	;# 
  3310     0092                     	;# 
  3311     0093                     	;# 
  3312     0094                     	;# 
  3313     0094                     	;# 
  3314     0095                     	;# 
  3315     0096                     	;# 
  3316     0096                     	;# 
  3317     0097                     	;# 
  3318     0098                     	;# 
  3319     0099                     	;# 
  3320     009A                     	;# 
  3321     009B                     	;# 
  3322     009B                     	;# 
  3323     009C                     	;# 
  3324     009D                     	;# 
  3325     009D                     	;# 
  3326     009E                     	;# 
  3327     009F                     	;# 
  3328     010C                     	;# 
  3329     010C                     	;# 
  3330     010D                     	;# 
  3331     010E                     	;# 
  3332     010F                     	;# 
  3333     010F                     	;# 
  3334     0110                     	;# 
  3335     0111                     	;# 
  3336     0112                     	;# 
  3337     0113                     	;# 
  3338     0114                     	;# 
  3339     0115                     	;# 
  3340     0116                     	;# 
  3341     0117                     	;# 
  3342     0118                     	;# 
  3343     0119                     	;# 
  3344     0119                     	;# 
  3345     0119                     	;# 
  3346     011A                     	;# 
  3347     011A                     	;# 
  3348     011A                     	;# 
  3349     011B                     	;# 
  3350     011B                     	;# 
  3351     011B                     	;# 
  3352     011B                     	;# 
  3353     011B                     	;# 
  3354     011C                     	;# 
  3355     011C                     	;# 
  3356     011C                     	;# 
  3357     011D                     	;# 
  3358     011D                     	;# 
  3359     011D                     	;# 
  3360     011E                     	;# 
  3361     011E                     	;# 
  3362     011E                     	;# 
  3363     011F                     	;# 
  3364     011F                     	;# 
  3365     011F                     	;# 
  3366     011F                     	;# 
  3367     011F                     	;# 
  3368     018C                     	;# 
  3369     018D                     	;# 
  3370     018E                     	;# 
  3371     018F                     	;# 
  3372     0190                     	;# 
  3373     0191                     	;# 
  3374     0192                     	;# 
  3375     0196                     	;# 
  3376     0197                     	;# 
  3377     0198                     	;# 
  3378     0199                     	;# 
  3379     019A                     	;# 
  3380     019B                     	;# 
  3381     019C                     	;# 
  3382     020C                     	;# 
  3383     020D                     	;# 
  3384     020E                     	;# 
  3385     020E                     	;# 
  3386     020F                     	;# 
  3387     020F                     	;# 
  3388     0210                     	;# 
  3389     0210                     	;# 
  3390     0211                     	;# 
  3391     0211                     	;# 
  3392     0212                     	;# 
  3393     0213                     	;# 
  3394     0214                     	;# 
  3395     0214                     	;# 
  3396     0215                     	;# 
  3397     0215                     	;# 
  3398     0216                     	;# 
  3399     0216                     	;# 
  3400     0217                     	;# 
  3401     0217                     	;# 
  3402     0218                     	;# 
  3403     0219                     	;# 
  3404     021A                     	;# 
  3405     021A                     	;# 
  3406     021B                     	;# 
  3407     021B                     	;# 
  3408     021C                     	;# 
  3409     021C                     	;# 
  3410     021D                     	;# 
  3411     021D                     	;# 
  3412     021E                     	;# 
  3413     021F                     	;# 
  3414     028C                     	;# 
  3415     028C                     	;# 
  3416     028D                     	;# 
  3417     028D                     	;# 
  3418     028E                     	;# 
  3419     028F                     	;# 
  3420     0290                     	;# 
  3421     0291                     	;# 
  3422     0292                     	;# 
  3423     0292                     	;# 
  3424     0293                     	;# 
  3425     0293                     	;# 
  3426     0294                     	;# 
  3427     0295                     	;# 
  3428     0296                     	;# 
  3429     0297                     	;# 
  3430     0298                     	;# 
  3431     0298                     	;# 
  3432     0299                     	;# 
  3433     0299                     	;# 
  3434     029A                     	;# 
  3435     029B                     	;# 
  3436     029C                     	;# 
  3437     029D                     	;# 
  3438     029F                     	;# 
  3439     030C                     	;# 
  3440     030C                     	;# 
  3441     030D                     	;# 
  3442     030E                     	;# 
  3443     030F                     	;# 
  3444     0310                     	;# 
  3445     0310                     	;# 
  3446     0311                     	;# 
  3447     0312                     	;# 
  3448     0313                     	;# 
  3449     0314                     	;# 
  3450     0314                     	;# 
  3451     0315                     	;# 
  3452     0316                     	;# 
  3453     0317                     	;# 
  3454     0318                     	;# 
  3455     0318                     	;# 
  3456     0319                     	;# 
  3457     031A                     	;# 
  3458     031B                     	;# 
  3459     031C                     	;# 
  3460     031C                     	;# 
  3461     031D                     	;# 
  3462     031E                     	;# 
  3463     031F                     	;# 
  3464     038C                     	;# 
  3465     038C                     	;# 
  3466     038D                     	;# 
  3467     038E                     	;# 
  3468     0390                     	;# 
  3469     0390                     	;# 
  3470     0391                     	;# 
  3471     0392                     	;# 
  3472     048C                     	;# 
  3473     048C                     	;# 
  3474     048D                     	;# 
  3475     048E                     	;# 
  3476     048F                     	;# 
  3477     048F                     	;# 
  3478     0490                     	;# 
  3479     0491                     	;# 
  3480     0492                     	;# 
  3481     0492                     	;# 
  3482     0493                     	;# 
  3483     0494                     	;# 
  3484     0495                     	;# 
  3485     0495                     	;# 
  3486     0496                     	;# 
  3487     0497                     	;# 
  3488     0498                     	;# 
  3489     0499                     	;# 
  3490     049A                     	;# 
  3491     049B                     	;# 
  3492     049C                     	;# 
  3493     049D                     	;# 
  3494     050C                     	;# 
  3495     050C                     	;# 
  3496     050D                     	;# 
  3497     050E                     	;# 
  3498     050F                     	;# 
  3499     050F                     	;# 
  3500     0510                     	;# 
  3501     0511                     	;# 
  3502     0512                     	;# 
  3503     0512                     	;# 
  3504     0513                     	;# 
  3505     0514                     	;# 
  3506     0515                     	;# 
  3507     0515                     	;# 
  3508     0516                     	;# 
  3509     0517                     	;# 
  3510     0518                     	;# 
  3511     0519                     	;# 
  3512     051A                     	;# 
  3513     051B                     	;# 
  3514     051C                     	;# 
  3515     051D                     	;# 
  3516     058C                     	;# 
  3517     058C                     	;# 
  3518     058D                     	;# 
  3519     058E                     	;# 
  3520     058F                     	;# 
  3521     058F                     	;# 
  3522     0590                     	;# 
  3523     0591                     	;# 
  3524     0592                     	;# 
  3525     0593                     	;# 
  3526     059C                     	;# 
  3527     059C                     	;# 
  3528     059D                     	;# 
  3529     059D                     	;# 
  3530     059E                     	;# 
  3531     059F                     	;# 
  3532     060C                     	;# 
  3533     060C                     	;# 
  3534     060D                     	;# 
  3535     060D                     	;# 
  3536     060E                     	;# 
  3537     060F                     	;# 
  3538     0610                     	;# 
  3539     0611                     	;# 
  3540     0612                     	;# 
  3541     0613                     	;# 
  3542     0614                     	;# 
  3543     0616                     	;# 
  3544     0616                     	;# 
  3545     0617                     	;# 
  3546     0617                     	;# 
  3547     0618                     	;# 
  3548     0619                     	;# 
  3549     061A                     	;# 
  3550     061B                     	;# 
  3551     061C                     	;# 
  3552     061D                     	;# 
  3553     061E                     	;# 
  3554     068C                     	;# 
  3555     068D                     	;# 
  3556     068E                     	;# 
  3557     068F                     	;# 
  3558     0690                     	;# 
  3559     0691                     	;# 
  3560     0692                     	;# 
  3561     0693                     	;# 
  3562     0694                     	;# 
  3563     070C                     	;# 
  3564     070D                     	;# 
  3565     070E                     	;# 
  3566     070F                     	;# 
  3567     0710                     	;# 
  3568     0711                     	;# 
  3569     0712                     	;# 
  3570     0713                     	;# 
  3571     0714                     	;# 
  3572     0716                     	;# 
  3573     0717                     	;# 
  3574     0718                     	;# 
  3575     0719                     	;# 
  3576     071A                     	;# 
  3577     071B                     	;# 
  3578     071C                     	;# 
  3579     071D                     	;# 
  3580     071E                     	;# 
  3581     0796                     	;# 
  3582     0797                     	;# 
  3583     0798                     	;# 
  3584     0799                     	;# 
  3585     079A                     	;# 
  3586     079B                     	;# 
  3587     079C                     	;# 
  3588     079D                     	;# 
  3589     080C                     	;# 
  3590     080D                     	;# 
  3591     080E                     	;# 
  3592     080F                     	;# 
  3593     0810                     	;# 
  3594     0811                     	;# 
  3595     0813                     	;# 
  3596     0814                     	;# 
  3597     081A                     	;# 
  3598     081A                     	;# 
  3599     081B                     	;# 
  3600     081C                     	;# 
  3601     081C                     	;# 
  3602     081D                     	;# 
  3603     081E                     	;# 
  3604     081F                     	;# 
  3605     088C                     	;# 
  3606     088D                     	;# 
  3607     088E                     	;# 
  3608     088F                     	;# 
  3609     0890                     	;# 
  3610     0891                     	;# 
  3611     0892                     	;# 
  3612     0893                     	;# 
  3613     0895                     	;# 
  3614     0896                     	;# 
  3615     0897                     	;# 
  3616     0898                     	;# 
  3617     0899                     	;# 
  3618     089A                     	;# 
  3619     089B                     	;# 
  3620     090C                     	;# 
  3621     090E                     	;# 
  3622     090F                     	;# 
  3623     091F                     	;# 
  3624     098F                     	;# 
  3625     098F                     	;# 
  3626     0990                     	;# 
  3627     0991                     	;# 
  3628     0992                     	;# 
  3629     0993                     	;# 
  3630     0994                     	;# 
  3631     0995                     	;# 
  3632     0996                     	;# 
  3633     0997                     	;# 
  3634     0A19                     	;# 
  3635     0A19                     	;# 
  3636     0A1A                     	;# 
  3637     0A1A                     	;# 
  3638     0A1B                     	;# 
  3639     0A1B                     	;# 
  3640     0A1B                     	;# 
  3641     0A1C                     	;# 
  3642     0A1C                     	;# 
  3643     0A1D                     	;# 
  3644     0A1D                     	;# 
  3645     0A1E                     	;# 
  3646     0A1E                     	;# 
  3647     0A1F                     	;# 
  3648     0A1F                     	;# 
  3649     0A1F                     	;# 
  3650     1E0F                     	;# 
  3651     1E10                     	;# 
  3652     1E11                     	;# 
  3653     1E12                     	;# 
  3654     1E13                     	;# 
  3655     1E14                     	;# 
  3656     1E15                     	;# 
  3657     1E16                     	;# 
  3658     1E17                     	;# 
  3659     1E18                     	;# 
  3660     1E19                     	;# 
  3661     1E1A                     	;# 
  3662     1E1B                     	;# 
  3663     1E1C                     	;# 
  3664     1E1D                     	;# 
  3665     1E1E                     	;# 
  3666     1E1F                     	;# 
  3667     1E20                     	;# 
  3668     1E21                     	;# 
  3669     1E22                     	;# 
  3670     1E23                     	;# 
  3671     1E24                     	;# 
  3672     1E25                     	;# 
  3673     1E26                     	;# 
  3674     1E27                     	;# 
  3675     1E28                     	;# 
  3676     1E29                     	;# 
  3677     1E2A                     	;# 
  3678     1E2B                     	;# 
  3679     1E2C                     	;# 
  3680     1E2D                     	;# 
  3681     1E2E                     	;# 
  3682     1E2F                     	;# 
  3683     1E30                     	;# 
  3684     1E31                     	;# 
  3685     1E32                     	;# 
  3686     1E33                     	;# 
  3687     1E34                     	;# 
  3688     1E35                     	;# 
  3689     1E36                     	;# 
  3690     1E37                     	;# 
  3691     1E8F                     	;# 
  3692     1E90                     	;# 
  3693     1E91                     	;# 
  3694     1E92                     	;# 
  3695     1E93                     	;# 
  3696     1E94                     	;# 
  3697     1E95                     	;# 
  3698     1E96                     	;# 
  3699     1E97                     	;# 
  3700     1E9C                     	;# 
  3701     1E9D                     	;# 
  3702     1E9E                     	;# 
  3703     1EA1                     	;# 
  3704     1EA2                     	;# 
  3705     1EA3                     	;# 
  3706     1EA4                     	;# 
  3707     1EA5                     	;# 
  3708     1EA9                     	;# 
  3709     1EAA                     	;# 
  3710     1EAB                     	;# 
  3711     1EAC                     	;# 
  3712     1EB1                     	;# 
  3713     1EB2                     	;# 
  3714     1EB3                     	;# 
  3715     1EB8                     	;# 
  3716     1EB9                     	;# 
  3717     1EBA                     	;# 
  3718     1EBB                     	;# 
  3719     1EBC                     	;# 
  3720     1EBD                     	;# 
  3721     1EBE                     	;# 
  3722     1EC3                     	;# 
  3723     1EC5                     	;# 
  3724     1EC6                     	;# 
  3725     1EC7                     	;# 
  3726     1EC8                     	;# 
  3727     1EC9                     	;# 
  3728     1ECA                     	;# 
  3729     1ECB                     	;# 
  3730     1ECC                     	;# 
  3731     1ECD                     	;# 
  3732     1ECE                     	;# 
  3733     1F10                     	;# 
  3734     1F11                     	;# 
  3735     1F12                     	;# 
  3736     1F13                     	;# 
  3737     1F14                     	;# 
  3738     1F15                     	;# 
  3739     1F16                     	;# 
  3740     1F17                     	;# 
  3741     1F18                     	;# 
  3742     1F19                     	;# 
  3743     1F1A                     	;# 
  3744     1F1B                     	;# 
  3745     1F1C                     	;# 
  3746     1F1D                     	;# 
  3747     1F1E                     	;# 
  3748     1F1F                     	;# 
  3749     1F20                     	;# 
  3750     1F21                     	;# 
  3751     1F22                     	;# 
  3752     1F23                     	;# 
  3753     1F24                     	;# 
  3754     1F25                     	;# 
  3755     1F26                     	;# 
  3756     1F27                     	;# 
  3757     1F38                     	;# 
  3758     1F39                     	;# 
  3759     1F3A                     	;# 
  3760     1F3B                     	;# 
  3761     1F3C                     	;# 
  3762     1F3D                     	;# 
  3763     1F3E                     	;# 
  3764     1F3F                     	;# 
  3765     1F43                     	;# 
  3766     1F44                     	;# 
  3767     1F45                     	;# 
  3768     1F46                     	;# 
  3769     1F47                     	;# 
  3770     1F48                     	;# 
  3771     1F49                     	;# 
  3772     1F4A                     	;# 
  3773     1F4E                     	;# 
  3774     1F4F                     	;# 
  3775     1F50                     	;# 
  3776     1F51                     	;# 
  3777     1F52                     	;# 
  3778     1F53                     	;# 
  3779     1F54                     	;# 
  3780     1F55                     	;# 
  3781     1F65                     	;# 
  3782     1F66                     	;# 
  3783     1F67                     	;# 
  3784     1F68                     	;# 
  3785     1F69                     	;# 
  3786     1F6A                     	;# 
  3787     1F6B                     	;# 
  3788     1FE4                     	;# 
  3789     1FE5                     	;# 
  3790     1FE6                     	;# 
  3791     1FE7                     	;# 
  3792     1FE8                     	;# 
  3793     1FE8                     	;# 
  3794     1FE9                     	;# 
  3795     1FEA                     	;# 
  3796     1FEB                     	;# 
  3797     1FED                     	;# 
  3798     1FEE                     	;# 
  3799     1FEF                     	;# 
  3800     0000                     	;# 
  3801     0001                     	;# 
  3802     0002                     	;# 
  3803     0003                     	;# 
  3804     0004                     	;# 
  3805     0005                     	;# 
  3806     0006                     	;# 
  3807     0007                     	;# 
  3808     0008                     	;# 
  3809     0009                     	;# 
  3810     000A                     	;# 
  3811     000B                     	;# 
  3812     000C                     	;# 
  3813     000D                     	;# 
  3814     000E                     	;# 
  3815     0010                     	;# 
  3816     0012                     	;# 
  3817     0013                     	;# 
  3818     0014                     	;# 
  3819     0016                     	;# 
  3820     0018                     	;# 
  3821     0019                     	;# 
  3822     001A                     	;# 
  3823     001C                     	;# 
  3824     008C                     	;# 
  3825     008C                     	;# 
  3826     008D                     	;# 
  3827     008E                     	;# 
  3828     008E                     	;# 
  3829     008F                     	;# 
  3830     0090                     	;# 
  3831     0090                     	;# 
  3832     0091                     	;# 
  3833     0092                     	;# 
  3834     0092                     	;# 
  3835     0093                     	;# 
  3836     0094                     	;# 
  3837     0094                     	;# 
  3838     0095                     	;# 
  3839     0096                     	;# 
  3840     0096                     	;# 
  3841     0097                     	;# 
  3842     0098                     	;# 
  3843     0099                     	;# 
  3844     009A                     	;# 
  3845     009B                     	;# 
  3846     009B                     	;# 
  3847     009C                     	;# 
  3848     009D                     	;# 
  3849     009D                     	;# 
  3850     009E                     	;# 
  3851     009F                     	;# 
  3852     010C                     	;# 
  3853     010C                     	;# 
  3854     010D                     	;# 
  3855     010E                     	;# 
  3856     010F                     	;# 
  3857     010F                     	;# 
  3858     0110                     	;# 
  3859     0111                     	;# 
  3860     0112                     	;# 
  3861     0113                     	;# 
  3862     0114                     	;# 
  3863     0115                     	;# 
  3864     0116                     	;# 
  3865     0117                     	;# 
  3866     0118                     	;# 
  3867     0119                     	;# 
  3868     0119                     	;# 
  3869     0119                     	;# 
  3870     011A                     	;# 
  3871     011A                     	;# 
  3872     011A                     	;# 
  3873     011B                     	;# 
  3874     011B                     	;# 
  3875     011B                     	;# 
  3876     011B                     	;# 
  3877     011B                     	;# 
  3878     011C                     	;# 
  3879     011C                     	;# 
  3880     011C                     	;# 
  3881     011D                     	;# 
  3882     011D                     	;# 
  3883     011D                     	;# 
  3884     011E                     	;# 
  3885     011E                     	;# 
  3886     011E                     	;# 
  3887     011F                     	;# 
  3888     011F                     	;# 
  3889     011F                     	;# 
  3890     011F                     	;# 
  3891     011F                     	;# 
  3892     018C                     	;# 
  3893     018D                     	;# 
  3894     018E                     	;# 
  3895     018F                     	;# 
  3896     0190                     	;# 
  3897     0191                     	;# 
  3898     0192                     	;# 
  3899     0196                     	;# 
  3900     0197                     	;# 
  3901     0198                     	;# 
  3902     0199                     	;# 
  3903     019A                     	;# 
  3904     019B                     	;# 
  3905     019C                     	;# 
  3906     020C                     	;# 
  3907     020D                     	;# 
  3908     020E                     	;# 
  3909     020E                     	;# 
  3910     020F                     	;# 
  3911     020F                     	;# 
  3912     0210                     	;# 
  3913     0210                     	;# 
  3914     0211                     	;# 
  3915     0211                     	;# 
  3916     0212                     	;# 
  3917     0213                     	;# 
  3918     0214                     	;# 
  3919     0214                     	;# 
  3920     0215                     	;# 
  3921     0215                     	;# 
  3922     0216                     	;# 
  3923     0216                     	;# 
  3924     0217                     	;# 
  3925     0217                     	;# 
  3926     0218                     	;# 
  3927     0219                     	;# 
  3928     021A                     	;# 
  3929     021A                     	;# 
  3930     021B                     	;# 
  3931     021B                     	;# 
  3932     021C                     	;# 
  3933     021C                     	;# 
  3934     021D                     	;# 
  3935     021D                     	;# 
  3936     021E                     	;# 
  3937     021F                     	;# 
  3938     028C                     	;# 
  3939     028C                     	;# 
  3940     028D                     	;# 
  3941     028D                     	;# 
  3942     028E                     	;# 
  3943     028F                     	;# 
  3944     0290                     	;# 
  3945     0291                     	;# 
  3946     0292                     	;# 
  3947     0292                     	;# 
  3948     0293                     	;# 
  3949     0293                     	;# 
  3950     0294                     	;# 
  3951     0295                     	;# 
  3952     0296                     	;# 
  3953     0297                     	;# 
  3954     0298                     	;# 
  3955     0298                     	;# 
  3956     0299                     	;# 
  3957     0299                     	;# 
  3958     029A                     	;# 
  3959     029B                     	;# 
  3960     029C                     	;# 
  3961     029D                     	;# 
  3962     029F                     	;# 
  3963     030C                     	;# 
  3964     030C                     	;# 
  3965     030D                     	;# 
  3966     030E                     	;# 
  3967     030F                     	;# 
  3968     0310                     	;# 
  3969     0310                     	;# 
  3970     0311                     	;# 
  3971     0312                     	;# 
  3972     0313                     	;# 
  3973     0314                     	;# 
  3974     0314                     	;# 
  3975     0315                     	;# 
  3976     0316                     	;# 
  3977     0317                     	;# 
  3978     0318                     	;# 
  3979     0318                     	;# 
  3980     0319                     	;# 
  3981     031A                     	;# 
  3982     031B                     	;# 
  3983     031C                     	;# 
  3984     031C                     	;# 
  3985     031D                     	;# 
  3986     031E                     	;# 
  3987     031F                     	;# 
  3988     038C                     	;# 
  3989     038C                     	;# 
  3990     038D                     	;# 
  3991     038E                     	;# 
  3992     0390                     	;# 
  3993     0390                     	;# 
  3994     0391                     	;# 
  3995     0392                     	;# 
  3996     048C                     	;# 
  3997     048C                     	;# 
  3998     048D                     	;# 
  3999     048E                     	;# 
  4000     048F                     	;# 
  4001     048F                     	;# 
  4002     0490                     	;# 
  4003     0491                     	;# 
  4004     0492                     	;# 
  4005     0492                     	;# 
  4006     0493                     	;# 
  4007     0494                     	;# 
  4008     0495                     	;# 
  4009     0495                     	;# 
  4010     0496                     	;# 
  4011     0497                     	;# 
  4012     0498                     	;# 
  4013     0499                     	;# 
  4014     049A                     	;# 
  4015     049B                     	;# 
  4016     049C                     	;# 
  4017     049D                     	;# 
  4018     050C                     	;# 
  4019     050C                     	;# 
  4020     050D                     	;# 
  4021     050E                     	;# 
  4022     050F                     	;# 
  4023     050F                     	;# 
  4024     0510                     	;# 
  4025     0511                     	;# 
  4026     0512                     	;# 
  4027     0512                     	;# 
  4028     0513                     	;# 
  4029     0514                     	;# 
  4030     0515                     	;# 
  4031     0515                     	;# 
  4032     0516                     	;# 
  4033     0517                     	;# 
  4034     0518                     	;# 
  4035     0519                     	;# 
  4036     051A                     	;# 
  4037     051B                     	;# 
  4038     051C                     	;# 
  4039     051D                     	;# 
  4040     058C                     	;# 
  4041     058C                     	;# 
  4042     058D                     	;# 
  4043     058E                     	;# 
  4044     058F                     	;# 
  4045     058F                     	;# 
  4046     0590                     	;# 
  4047     0591                     	;# 
  4048     0592                     	;# 
  4049     0593                     	;# 
  4050     059C                     	;# 
  4051     059C                     	;# 
  4052     059D                     	;# 
  4053     059D                     	;# 
  4054     059E                     	;# 
  4055     059F                     	;# 
  4056     060C                     	;# 
  4057     060C                     	;# 
  4058     060D                     	;# 
  4059     060D                     	;# 
  4060     060E                     	;# 
  4061     060F                     	;# 
  4062     0610                     	;# 
  4063     0611                     	;# 
  4064     0612                     	;# 
  4065     0613                     	;# 
  4066     0614                     	;# 
  4067     0616                     	;# 
  4068     0616                     	;# 
  4069     0617                     	;# 
  4070     0617                     	;# 
  4071     0618                     	;# 
  4072     0619                     	;# 
  4073     061A                     	;# 
  4074     061B                     	;# 
  4075     061C                     	;# 
  4076     061D                     	;# 
  4077     061E                     	;# 
  4078     068C                     	;# 
  4079     068D                     	;# 
  4080     068E                     	;# 
  4081     068F                     	;# 
  4082     0690                     	;# 
  4083     0691                     	;# 
  4084     0692                     	;# 
  4085     0693                     	;# 
  4086     0694                     	;# 
  4087     070C                     	;# 
  4088     070D                     	;# 
  4089     070E                     	;# 
  4090     070F                     	;# 
  4091     0710                     	;# 
  4092     0711                     	;# 
  4093     0712                     	;# 
  4094     0713                     	;# 
  4095     0714                     	;# 
  4096     0716                     	;# 
  4097     0717                     	;# 
  4098     0718                     	;# 
  4099     0719                     	;# 
  4100     071A                     	;# 
  4101     071B                     	;# 
  4102     071C                     	;# 
  4103     071D                     	;# 
  4104     071E                     	;# 
  4105     0796                     	;# 
  4106     0797                     	;# 
  4107     0798                     	;# 
  4108     0799                     	;# 
  4109     079A                     	;# 
  4110     079B                     	;# 
  4111     079C                     	;# 
  4112     079D                     	;# 
  4113     080C                     	;# 
  4114     080D                     	;# 
  4115     080E                     	;# 
  4116     080F                     	;# 
  4117     0810                     	;# 
  4118     0811                     	;# 
  4119     0813                     	;# 
  4120     0814                     	;# 
  4121     081A                     	;# 
  4122     081A                     	;# 
  4123     081B                     	;# 
  4124     081C                     	;# 
  4125     081C                     	;# 
  4126     081D                     	;# 
  4127     081E                     	;# 
  4128     081F                     	;# 
  4129     088C                     	;# 
  4130     088D                     	;# 
  4131     088E                     	;# 
  4132     088F                     	;# 
  4133     0890                     	;# 
  4134     0891                     	;# 
  4135     0892                     	;# 
  4136     0893                     	;# 
  4137     0895                     	;# 
  4138     0896                     	;# 
  4139     0897                     	;# 
  4140     0898                     	;# 
  4141     0899                     	;# 
  4142     089A                     	;# 
  4143     089B                     	;# 
  4144     090C                     	;# 
  4145     090E                     	;# 
  4146     090F                     	;# 
  4147     091F                     	;# 
  4148     098F                     	;# 
  4149     098F                     	;# 
  4150     0990                     	;# 
  4151     0991                     	;# 
  4152     0992                     	;# 
  4153     0993                     	;# 
  4154     0994                     	;# 
  4155     0995                     	;# 
  4156     0996                     	;# 
  4157     0997                     	;# 
  4158     0A19                     	;# 
  4159     0A19                     	;# 
  4160     0A1A                     	;# 
  4161     0A1A                     	;# 
  4162     0A1B                     	;# 
  4163     0A1B                     	;# 
  4164     0A1B                     	;# 
  4165     0A1C                     	;# 
  4166     0A1C                     	;# 
  4167     0A1D                     	;# 
  4168     0A1D                     	;# 
  4169     0A1E                     	;# 
  4170     0A1E                     	;# 
  4171     0A1F                     	;# 
  4172     0A1F                     	;# 
  4173     0A1F                     	;# 
  4174     1E0F                     	;# 
  4175     1E10                     	;# 
  4176     1E11                     	;# 
  4177     1E12                     	;# 
  4178     1E13                     	;# 
  4179     1E14                     	;# 
  4180     1E15                     	;# 
  4181     1E16                     	;# 
  4182     1E17                     	;# 
  4183     1E18                     	;# 
  4184     1E19                     	;# 
  4185     1E1A                     	;# 
  4186     1E1B                     	;# 
  4187     1E1C                     	;# 
  4188     1E1D                     	;# 
  4189     1E1E                     	;# 
  4190     1E1F                     	;# 
  4191     1E20                     	;# 
  4192     1E21                     	;# 
  4193     1E22                     	;# 
  4194     1E23                     	;# 
  4195     1E24                     	;# 
  4196     1E25                     	;# 
  4197     1E26                     	;# 
  4198     1E27                     	;# 
  4199     1E28                     	;# 
  4200     1E29                     	;# 
  4201     1E2A                     	;# 
  4202     1E2B                     	;# 
  4203     1E2C                     	;# 
  4204     1E2D                     	;# 
  4205     1E2E                     	;# 
  4206     1E2F                     	;# 
  4207     1E30                     	;# 
  4208     1E31                     	;# 
  4209     1E32                     	;# 
  4210     1E33                     	;# 
  4211     1E34                     	;# 
  4212     1E35                     	;# 
  4213     1E36                     	;# 
  4214     1E37                     	;# 
  4215     1E8F                     	;# 
  4216     1E90                     	;# 
  4217     1E91                     	;# 
  4218     1E92                     	;# 
  4219     1E93                     	;# 
  4220     1E94                     	;# 
  4221     1E95                     	;# 
  4222     1E96                     	;# 
  4223     1E97                     	;# 
  4224     1E9C                     	;# 
  4225     1E9D                     	;# 
  4226     1E9E                     	;# 
  4227     1EA1                     	;# 
  4228     1EA2                     	;# 
  4229     1EA3                     	;# 
  4230     1EA4                     	;# 
  4231     1EA5                     	;# 
  4232     1EA9                     	;# 
  4233     1EAA                     	;# 
  4234     1EAB                     	;# 
  4235     1EAC                     	;# 
  4236     1EB1                     	;# 
  4237     1EB2                     	;# 
  4238     1EB3                     	;# 
  4239     1EB8                     	;# 
  4240     1EB9                     	;# 
  4241     1EBA                     	;# 
  4242     1EBB                     	;# 
  4243     1EBC                     	;# 
  4244     1EBD                     	;# 
  4245     1EBE                     	;# 
  4246     1EC3                     	;# 
  4247     1EC5                     	;# 
  4248     1EC6                     	;# 
  4249     1EC7                     	;# 
  4250     1EC8                     	;# 
  4251     1EC9                     	;# 
  4252     1ECA                     	;# 
  4253     1ECB                     	;# 
  4254     1ECC                     	;# 
  4255     1ECD                     	;# 
  4256     1ECE                     	;# 
  4257     1F10                     	;# 
  4258     1F11                     	;# 
  4259     1F12                     	;# 
  4260     1F13                     	;# 
  4261     1F14                     	;# 
  4262     1F15                     	;# 
  4263     1F16                     	;# 
  4264     1F17                     	;# 
  4265     1F18                     	;# 
  4266     1F19                     	;# 
  4267     1F1A                     	;# 
  4268     1F1B                     	;# 
  4269     1F1C                     	;# 
  4270     1F1D                     	;# 
  4271     1F1E                     	;# 
  4272     1F1F                     	;# 
  4273     1F20                     	;# 
  4274     1F21                     	;# 
  4275     1F22                     	;# 
  4276     1F23                     	;# 
  4277     1F24                     	;# 
  4278     1F25                     	;# 
  4279     1F26                     	;# 
  4280     1F27                     	;# 
  4281     1F38                     	;# 
  4282     1F39                     	;# 
  4283     1F3A                     	;# 
  4284     1F3B                     	;# 
  4285     1F3C                     	;# 
  4286     1F3D                     	;# 
  4287     1F3E                     	;# 
  4288     1F3F                     	;# 
  4289     1F43                     	;# 
  4290     1F44                     	;# 
  4291     1F45                     	;# 
  4292     1F46                     	;# 
  4293     1F47                     	;# 
  4294     1F48                     	;# 
  4295     1F49                     	;# 
  4296     1F4A                     	;# 
  4297     1F4E                     	;# 
  4298     1F4F                     	;# 
  4299     1F50                     	;# 
  4300     1F51                     	;# 
  4301     1F52                     	;# 
  4302     1F53                     	;# 
  4303     1F54                     	;# 
  4304     1F55                     	;# 
  4305     1F65                     	;# 
  4306     1F66                     	;# 
  4307     1F67                     	;# 
  4308     1F68                     	;# 
  4309     1F69                     	;# 
  4310     1F6A                     	;# 
  4311     1F6B                     	;# 
  4312     1FE4                     	;# 
  4313     1FE5                     	;# 
  4314     1FE6                     	;# 
  4315     1FE7                     	;# 
  4316     1FE8                     	;# 
  4317     1FE8                     	;# 
  4318     1FE9                     	;# 
  4319     1FEA                     	;# 
  4320     1FEB                     	;# 
  4321     1FED                     	;# 
  4322     1FEE                     	;# 
  4323     1FEF                     	;# 
  4324     0000                     	;# 
  4325     0001                     	;# 
  4326     0002                     	;# 
  4327     0003                     	;# 
  4328     0004                     	;# 
  4329     0005                     	;# 
  4330     0006                     	;# 
  4331     0007                     	;# 
  4332     0008                     	;# 
  4333     0009                     	;# 
  4334     000A                     	;# 
  4335     000B                     	;# 
  4336     000C                     	;# 
  4337     000D                     	;# 
  4338     000E                     	;# 
  4339     0010                     	;# 
  4340     0012                     	;# 
  4341     0013                     	;# 
  4342     0014                     	;# 
  4343     0016                     	;# 
  4344     0018                     	;# 
  4345     0019                     	;# 
  4346     001A                     	;# 
  4347     001C                     	;# 
  4348     008C                     	;# 
  4349     008C                     	;# 
  4350     008D                     	;# 
  4351     008E                     	;# 
  4352     008E                     	;# 
  4353     008F                     	;# 
  4354     0090                     	;# 
  4355     0090                     	;# 
  4356     0091                     	;# 
  4357     0092                     	;# 
  4358     0092                     	;# 
  4359     0093                     	;# 
  4360     0094                     	;# 
  4361     0094                     	;# 
  4362     0095                     	;# 
  4363     0096                     	;# 
  4364     0096                     	;# 
  4365     0097                     	;# 
  4366     0098                     	;# 
  4367     0099                     	;# 
  4368     009A                     	;# 
  4369     009B                     	;# 
  4370     009B                     	;# 
  4371     009C                     	;# 
  4372     009D                     	;# 
  4373     009D                     	;# 
  4374     009E                     	;# 
  4375     009F                     	;# 
  4376     010C                     	;# 
  4377     010C                     	;# 
  4378     010D                     	;# 
  4379     010E                     	;# 
  4380     010F                     	;# 
  4381     010F                     	;# 
  4382     0110                     	;# 
  4383     0111                     	;# 
  4384     0112                     	;# 
  4385     0113                     	;# 
  4386     0114                     	;# 
  4387     0115                     	;# 
  4388     0116                     	;# 
  4389     0117                     	;# 
  4390     0118                     	;# 
  4391     0119                     	;# 
  4392     0119                     	;# 
  4393     0119                     	;# 
  4394     011A                     	;# 
  4395     011A                     	;# 
  4396     011A                     	;# 
  4397     011B                     	;# 
  4398     011B                     	;# 
  4399     011B                     	;# 
  4400     011B                     	;# 
  4401     011B                     	;# 
  4402     011C                     	;# 
  4403     011C                     	;# 
  4404     011C                     	;# 
  4405     011D                     	;# 
  4406     011D                     	;# 
  4407     011D                     	;# 
  4408     011E                     	;# 
  4409     011E                     	;# 
  4410     011E                     	;# 
  4411     011F                     	;# 
  4412     011F                     	;# 
  4413     011F                     	;# 
  4414     011F                     	;# 
  4415     011F                     	;# 
  4416     018C                     	;# 
  4417     018D                     	;# 
  4418     018E                     	;# 
  4419     018F                     	;# 
  4420     0190                     	;# 
  4421     0191                     	;# 
  4422     0192                     	;# 
  4423     0196                     	;# 
  4424     0197                     	;# 
  4425     0198                     	;# 
  4426     0199                     	;# 
  4427     019A                     	;# 
  4428     019B                     	;# 
  4429     019C                     	;# 
  4430     020C                     	;# 
  4431     020D                     	;# 
  4432     020E                     	;# 
  4433     020E                     	;# 
  4434     020F                     	;# 
  4435     020F                     	;# 
  4436     0210                     	;# 
  4437     0210                     	;# 
  4438     0211                     	;# 
  4439     0211                     	;# 
  4440     0212                     	;# 
  4441     0213                     	;# 
  4442     0214                     	;# 
  4443     0214                     	;# 
  4444     0215                     	;# 
  4445     0215                     	;# 
  4446     0216                     	;# 
  4447     0216                     	;# 
  4448     0217                     	;# 
  4449     0217                     	;# 
  4450     0218                     	;# 
  4451     0219                     	;# 
  4452     021A                     	;# 
  4453     021A                     	;# 
  4454     021B                     	;# 
  4455     021B                     	;# 
  4456     021C                     	;# 
  4457     021C                     	;# 
  4458     021D                     	;# 
  4459     021D                     	;# 
  4460     021E                     	;# 
  4461     021F                     	;# 
  4462     028C                     	;# 
  4463     028C                     	;# 
  4464     028D                     	;# 
  4465     028D                     	;# 
  4466     028E                     	;# 
  4467     028F                     	;# 
  4468     0290                     	;# 
  4469     0291                     	;# 
  4470     0292                     	;# 
  4471     0292                     	;# 
  4472     0293                     	;# 
  4473     0293                     	;# 
  4474     0294                     	;# 
  4475     0295                     	;# 
  4476     0296                     	;# 
  4477     0297                     	;# 
  4478     0298                     	;# 
  4479     0298                     	;# 
  4480     0299                     	;# 
  4481     0299                     	;# 
  4482     029A                     	;# 
  4483     029B                     	;# 
  4484     029C                     	;# 
  4485     029D                     	;# 
  4486     029F                     	;# 
  4487     030C                     	;# 
  4488     030C                     	;# 
  4489     030D                     	;# 
  4490     030E                     	;# 
  4491     030F                     	;# 
  4492     0310                     	;# 
  4493     0310                     	;# 
  4494     0311                     	;# 
  4495     0312                     	;# 
  4496     0313                     	;# 
  4497     0314                     	;# 
  4498     0314                     	;# 
  4499     0315                     	;# 
  4500     0316                     	;# 
  4501     0317                     	;# 
  4502     0318                     	;# 
  4503     0318                     	;# 
  4504     0319                     	;# 
  4505     031A                     	;# 
  4506     031B                     	;# 
  4507     031C                     	;# 
  4508     031C                     	;# 
  4509     031D                     	;# 
  4510     031E                     	;# 
  4511     031F                     	;# 
  4512     038C                     	;# 
  4513     038C                     	;# 
  4514     038D                     	;# 
  4515     038E                     	;# 
  4516     0390                     	;# 
  4517     0390                     	;# 
  4518     0391                     	;# 
  4519     0392                     	;# 
  4520     048C                     	;# 
  4521     048C                     	;# 
  4522     048D                     	;# 
  4523     048E                     	;# 
  4524     048F                     	;# 
  4525     048F                     	;# 
  4526     0490                     	;# 
  4527     0491                     	;# 
  4528     0492                     	;# 
  4529     0492                     	;# 
  4530     0493                     	;# 
  4531     0494                     	;# 
  4532     0495                     	;# 
  4533     0495                     	;# 
  4534     0496                     	;# 
  4535     0497                     	;# 
  4536     0498                     	;# 
  4537     0499                     	;# 
  4538     049A                     	;# 
  4539     049B                     	;# 
  4540     049C                     	;# 
  4541     049D                     	;# 
  4542     050C                     	;# 
  4543     050C                     	;# 
  4544     050D                     	;# 
  4545     050E                     	;# 
  4546     050F                     	;# 
  4547     050F                     	;# 
  4548     0510                     	;# 
  4549     0511                     	;# 
  4550     0512                     	;# 
  4551     0512                     	;# 
  4552     0513                     	;# 
  4553     0514                     	;# 
  4554     0515                     	;# 
  4555     0515                     	;# 
  4556     0516                     	;# 
  4557     0517                     	;# 
  4558     0518                     	;# 
  4559     0519                     	;# 
  4560     051A                     	;# 
  4561     051B                     	;# 
  4562     051C                     	;# 
  4563     051D                     	;# 
  4564     058C                     	;# 
  4565     058C                     	;# 
  4566     058D                     	;# 
  4567     058E                     	;# 
  4568     058F                     	;# 
  4569     058F                     	;# 
  4570     0590                     	;# 
  4571     0591                     	;# 
  4572     0592                     	;# 
  4573     0593                     	;# 
  4574     059C                     	;# 
  4575     059C                     	;# 
  4576     059D                     	;# 
  4577     059D                     	;# 
  4578     059E                     	;# 
  4579     059F                     	;# 
  4580     060C                     	;# 
  4581     060C                     	;# 
  4582     060D                     	;# 
  4583     060D                     	;# 
  4584     060E                     	;# 
  4585     060F                     	;# 
  4586     0610                     	;# 
  4587     0611                     	;# 
  4588     0612                     	;# 
  4589     0613                     	;# 
  4590     0614                     	;# 
  4591     0616                     	;# 
  4592     0616                     	;# 
  4593     0617                     	;# 
  4594     0617                     	;# 
  4595     0618                     	;# 
  4596     0619                     	;# 
  4597     061A                     	;# 
  4598     061B                     	;# 
  4599     061C                     	;# 
  4600     061D                     	;# 
  4601     061E                     	;# 
  4602     068C                     	;# 
  4603     068D                     	;# 
  4604     068E                     	;# 
  4605     068F                     	;# 
  4606     0690                     	;# 
  4607     0691                     	;# 
  4608     0692                     	;# 
  4609     0693                     	;# 
  4610     0694                     	;# 
  4611     070C                     	;# 
  4612     070D                     	;# 
  4613     070E                     	;# 
  4614     070F                     	;# 
  4615     0710                     	;# 
  4616     0711                     	;# 
  4617     0712                     	;# 
  4618     0713                     	;# 
  4619     0714                     	;# 
  4620     0716                     	;# 
  4621     0717                     	;# 
  4622     0718                     	;# 
  4623     0719                     	;# 
  4624     071A                     	;# 
  4625     071B                     	;# 
  4626     071C                     	;# 
  4627     071D                     	;# 
  4628     071E                     	;# 
  4629     0796                     	;# 
  4630     0797                     	;# 
  4631     0798                     	;# 
  4632     0799                     	;# 
  4633     079A                     	;# 
  4634     079B                     	;# 
  4635     079C                     	;# 
  4636     079D                     	;# 
  4637     080C                     	;# 
  4638     080D                     	;# 
  4639     080E                     	;# 
  4640     080F                     	;# 
  4641     0810                     	;# 
  4642     0811                     	;# 
  4643     0813                     	;# 
  4644     0814                     	;# 
  4645     081A                     	;# 
  4646     081A                     	;# 
  4647     081B                     	;# 
  4648     081C                     	;# 
  4649     081C                     	;# 
  4650     081D                     	;# 
  4651     081E                     	;# 
  4652     081F                     	;# 
  4653     088C                     	;# 
  4654     088D                     	;# 
  4655     088E                     	;# 
  4656     088F                     	;# 
  4657     0890                     	;# 
  4658     0891                     	;# 
  4659     0892                     	;# 
  4660     0893                     	;# 
  4661     0895                     	;# 
  4662     0896                     	;# 
  4663     0897                     	;# 
  4664     0898                     	;# 
  4665     0899                     	;# 
  4666     089A                     	;# 
  4667     089B                     	;# 
  4668     090C                     	;# 
  4669     090E                     	;# 
  4670     090F                     	;# 
  4671     091F                     	;# 
  4672     098F                     	;# 
  4673     098F                     	;# 
  4674     0990                     	;# 
  4675     0991                     	;# 
  4676     0992                     	;# 
  4677     0993                     	;# 
  4678     0994                     	;# 
  4679     0995                     	;# 
  4680     0996                     	;# 
  4681     0997                     	;# 
  4682     0A19                     	;# 
  4683     0A19                     	;# 
  4684     0A1A                     	;# 
  4685     0A1A                     	;# 
  4686     0A1B                     	;# 
  4687     0A1B                     	;# 
  4688     0A1B                     	;# 
  4689     0A1C                     	;# 
  4690     0A1C                     	;# 
  4691     0A1D                     	;# 
  4692     0A1D                     	;# 
  4693     0A1E                     	;# 
  4694     0A1E                     	;# 
  4695     0A1F                     	;# 
  4696     0A1F                     	;# 
  4697     0A1F                     	;# 
  4698     1E0F                     	;# 
  4699     1E10                     	;# 
  4700     1E11                     	;# 
  4701     1E12                     	;# 
  4702     1E13                     	;# 
  4703     1E14                     	;# 
  4704     1E15                     	;# 
  4705     1E16                     	;# 
  4706     1E17                     	;# 
  4707     1E18                     	;# 
  4708     1E19                     	;# 
  4709     1E1A                     	;# 
  4710     1E1B                     	;# 
  4711     1E1C                     	;# 
  4712     1E1D                     	;# 
  4713     1E1E                     	;# 
  4714     1E1F                     	;# 
  4715     1E20                     	;# 
  4716     1E21                     	;# 
  4717     1E22                     	;# 
  4718     1E23                     	;# 
  4719     1E24                     	;# 
  4720     1E25                     	;# 
  4721     1E26                     	;# 
  4722     1E27                     	;# 
  4723     1E28                     	;# 
  4724     1E29                     	;# 
  4725     1E2A                     	;# 
  4726     1E2B                     	;# 
  4727     1E2C                     	;# 
  4728     1E2D                     	;# 
  4729     1E2E                     	;# 
  4730     1E2F                     	;# 
  4731     1E30                     	;# 
  4732     1E31                     	;# 
  4733     1E32                     	;# 
  4734     1E33                     	;# 
  4735     1E34                     	;# 
  4736     1E35                     	;# 
  4737     1E36                     	;# 
  4738     1E37                     	;# 
  4739     1E8F                     	;# 
  4740     1E90                     	;# 
  4741     1E91                     	;# 
  4742     1E92                     	;# 
  4743     1E93                     	;# 
  4744     1E94                     	;# 
  4745     1E95                     	;# 
  4746     1E96                     	;# 
  4747     1E97                     	;# 
  4748     1E9C                     	;# 
  4749     1E9D                     	;# 
  4750     1E9E                     	;# 
  4751     1EA1                     	;# 
  4752     1EA2                     	;# 
  4753     1EA3                     	;# 
  4754     1EA4                     	;# 
  4755     1EA5                     	;# 
  4756     1EA9                     	;# 
  4757     1EAA                     	;# 
  4758     1EAB                     	;# 
  4759     1EAC                     	;# 
  4760     1EB1                     	;# 
  4761     1EB2                     	;# 
  4762     1EB3                     	;# 
  4763     1EB8                     	;# 
  4764     1EB9                     	;# 
  4765     1EBA                     	;# 
  4766     1EBB                     	;# 
  4767     1EBC                     	;# 
  4768     1EBD                     	;# 
  4769     1EBE                     	;# 
  4770     1EC3                     	;# 
  4771     1EC5                     	;# 
  4772     1EC6                     	;# 
  4773     1EC7                     	;# 
  4774     1EC8                     	;# 
  4775     1EC9                     	;# 
  4776     1ECA                     	;# 
  4777     1ECB                     	;# 
  4778     1ECC                     	;# 
  4779     1ECD                     	;# 
  4780     1ECE                     	;# 
  4781     1F10                     	;# 
  4782     1F11                     	;# 
  4783     1F12                     	;# 
  4784     1F13                     	;# 
  4785     1F14                     	;# 
  4786     1F15                     	;# 
  4787     1F16                     	;# 
  4788     1F17                     	;# 
  4789     1F18                     	;# 
  4790     1F19                     	;# 
  4791     1F1A                     	;# 
  4792     1F1B                     	;# 
  4793     1F1C                     	;# 
  4794     1F1D                     	;# 
  4795     1F1E                     	;# 
  4796     1F1F                     	;# 
  4797     1F20                     	;# 
  4798     1F21                     	;# 
  4799     1F22                     	;# 
  4800     1F23                     	;# 
  4801     1F24                     	;# 
  4802     1F25                     	;# 
  4803     1F26                     	;# 
  4804     1F27                     	;# 
  4805     1F38                     	;# 
  4806     1F39                     	;# 
  4807     1F3A                     	;# 
  4808     1F3B                     	;# 
  4809     1F3C                     	;# 
  4810     1F3D                     	;# 
  4811     1F3E                     	;# 
  4812     1F3F                     	;# 
  4813     1F43                     	;# 
  4814     1F44                     	;# 
  4815     1F45                     	;# 
  4816     1F46                     	;# 
  4817     1F47                     	;# 
  4818     1F48                     	;# 
  4819     1F49                     	;# 
  4820     1F4A                     	;# 
  4821     1F4E                     	;# 
  4822     1F4F                     	;# 
  4823     1F50                     	;# 
  4824     1F51                     	;# 
  4825     1F52                     	;# 
  4826     1F53                     	;# 
  4827     1F54                     	;# 
  4828     1F55                     	;# 
  4829     1F65                     	;# 
  4830     1F66                     	;# 
  4831     1F67                     	;# 
  4832     1F68                     	;# 
  4833     1F69                     	;# 
  4834     1F6A                     	;# 
  4835     1F6B                     	;# 
  4836     1FE4                     	;# 
  4837     1FE5                     	;# 
  4838     1FE6                     	;# 
  4839     1FE7                     	;# 
  4840     1FE8                     	;# 
  4841     1FE8                     	;# 
  4842     1FE9                     	;# 
  4843     1FEA                     	;# 
  4844     1FEB                     	;# 
  4845     1FED                     	;# 
  4846     1FEE                     	;# 
  4847     1FEF                     	;# 
  4848     0000                     	;# 
  4849     0001                     	;# 
  4850     0002                     	;# 
  4851     0003                     	;# 
  4852     0004                     	;# 
  4853     0005                     	;# 
  4854     0006                     	;# 
  4855     0007                     	;# 
  4856     0008                     	;# 
  4857     0009                     	;# 
  4858     000A                     	;# 
  4859     000B                     	;# 
  4860     000C                     	;# 
  4861     000D                     	;# 
  4862     000E                     	;# 
  4863     0010                     	;# 
  4864     0012                     	;# 
  4865     0013                     	;# 
  4866     0014                     	;# 
  4867     0016                     	;# 
  4868     0018                     	;# 
  4869     0019                     	;# 
  4870     001A                     	;# 
  4871     001C                     	;# 
  4872     008C                     	;# 
  4873     008C                     	;# 
  4874     008D                     	;# 
  4875     008E                     	;# 
  4876     008E                     	;# 
  4877     008F                     	;# 
  4878     0090                     	;# 
  4879     0090                     	;# 
  4880     0091                     	;# 
  4881     0092                     	;# 
  4882     0092                     	;# 
  4883     0093                     	;# 
  4884     0094                     	;# 
  4885     0094                     	;# 
  4886     0095                     	;# 
  4887     0096                     	;# 
  4888     0096                     	;# 
  4889     0097                     	;# 
  4890     0098                     	;# 
  4891     0099                     	;# 
  4892     009A                     	;# 
  4893     009B                     	;# 
  4894     009B                     	;# 
  4895     009C                     	;# 
  4896     009D                     	;# 
  4897     009D                     	;# 
  4898     009E                     	;# 
  4899     009F                     	;# 
  4900     010C                     	;# 
  4901     010C                     	;# 
  4902     010D                     	;# 
  4903     010E                     	;# 
  4904     010F                     	;# 
  4905     010F                     	;# 
  4906     0110                     	;# 
  4907     0111                     	;# 
  4908     0112                     	;# 
  4909     0113                     	;# 
  4910     0114                     	;# 
  4911     0115                     	;# 
  4912     0116                     	;# 
  4913     0117                     	;# 
  4914     0118                     	;# 
  4915     0119                     	;# 
  4916     0119                     	;# 
  4917     0119                     	;# 
  4918     011A                     	;# 
  4919     011A                     	;# 
  4920     011A                     	;# 
  4921     011B                     	;# 
  4922     011B                     	;# 
  4923     011B                     	;# 
  4924     011B                     	;# 
  4925     011B                     	;# 
  4926     011C                     	;# 
  4927     011C                     	;# 
  4928     011C                     	;# 
  4929     011D                     	;# 
  4930     011D                     	;# 
  4931     011D                     	;# 
  4932     011E                     	;# 
  4933     011E                     	;# 
  4934     011E                     	;# 
  4935     011F                     	;# 
  4936     011F                     	;# 
  4937     011F                     	;# 
  4938     011F                     	;# 
  4939     011F                     	;# 
  4940     018C                     	;# 
  4941     018D                     	;# 
  4942     018E                     	;# 
  4943     018F                     	;# 
  4944     0190                     	;# 
  4945     0191                     	;# 
  4946     0192                     	;# 
  4947     0196                     	;# 
  4948     0197                     	;# 
  4949     0198                     	;# 
  4950     0199                     	;# 
  4951     019A                     	;# 
  4952     019B                     	;# 
  4953     019C                     	;# 
  4954     020C                     	;# 
  4955     020D                     	;# 
  4956     020E                     	;# 
  4957     020E                     	;# 
  4958     020F                     	;# 
  4959     020F                     	;# 
  4960     0210                     	;# 
  4961     0210                     	;# 
  4962     0211                     	;# 
  4963     0211                     	;# 
  4964     0212                     	;# 
  4965     0213                     	;# 
  4966     0214                     	;# 
  4967     0214                     	;# 
  4968     0215                     	;# 
  4969     0215                     	;# 
  4970     0216                     	;# 
  4971     0216                     	;# 
  4972     0217                     	;# 
  4973     0217                     	;# 
  4974     0218                     	;# 
  4975     0219                     	;# 
  4976     021A                     	;# 
  4977     021A                     	;# 
  4978     021B                     	;# 
  4979     021B                     	;# 
  4980     021C                     	;# 
  4981     021C                     	;# 
  4982     021D                     	;# 
  4983     021D                     	;# 
  4984     021E                     	;# 
  4985     021F                     	;# 
  4986     028C                     	;# 
  4987     028C                     	;# 
  4988     028D                     	;# 
  4989     028D                     	;# 
  4990     028E                     	;# 
  4991     028F                     	;# 
  4992     0290                     	;# 
  4993     0291                     	;# 
  4994     0292                     	;# 
  4995     0292                     	;# 
  4996     0293                     	;# 
  4997     0293                     	;# 
  4998     0294                     	;# 
  4999     0295                     	;# 
  5000     0296                     	;# 
  5001     0297                     	;# 
  5002     0298                     	;# 
  5003     0298                     	;# 
  5004     0299                     	;# 
  5005     0299                     	;# 
  5006     029A                     	;# 
  5007     029B                     	;# 
  5008     029C                     	;# 
  5009     029D                     	;# 
  5010     029F                     	;# 
  5011     030C                     	;# 
  5012     030C                     	;# 
  5013     030D                     	;# 
  5014     030E                     	;# 
  5015     030F                     	;# 
  5016     0310                     	;# 
  5017     0310                     	;# 
  5018     0311                     	;# 
  5019     0312                     	;# 
  5020     0313                     	;# 
  5021     0314                     	;# 
  5022     0314                     	;# 
  5023     0315                     	;# 
  5024     0316                     	;# 
  5025     0317                     	;# 
  5026     0318                     	;# 
  5027     0318                     	;# 
  5028     0319                     	;# 
  5029     031A                     	;# 
  5030     031B                     	;# 
  5031     031C                     	;# 
  5032     031C                     	;# 
  5033     031D                     	;# 
  5034     031E                     	;# 
  5035     031F                     	;# 
  5036     038C                     	;# 
  5037     038C                     	;# 
  5038     038D                     	;# 
  5039     038E                     	;# 
  5040     0390                     	;# 
  5041     0390                     	;# 
  5042     0391                     	;# 
  5043     0392                     	;# 
  5044     048C                     	;# 
  5045     048C                     	;# 
  5046     048D                     	;# 
  5047     048E                     	;# 
  5048     048F                     	;# 
  5049     048F                     	;# 
  5050     0490                     	;# 
  5051     0491                     	;# 
  5052     0492                     	;# 
  5053     0492                     	;# 
  5054     0493                     	;# 
  5055     0494                     	;# 
  5056     0495                     	;# 
  5057     0495                     	;# 
  5058     0496                     	;# 
  5059     0497                     	;# 
  5060     0498                     	;# 
  5061     0499                     	;# 
  5062     049A                     	;# 
  5063     049B                     	;# 
  5064     049C                     	;# 
  5065     049D                     	;# 
  5066     050C                     	;# 
  5067     050C                     	;# 
  5068     050D                     	;# 
  5069     050E                     	;# 
  5070     050F                     	;# 
  5071     050F                     	;# 
  5072     0510                     	;# 
  5073     0511                     	;# 
  5074     0512                     	;# 
  5075     0512                     	;# 
  5076     0513                     	;# 
  5077     0514                     	;# 
  5078     0515                     	;# 
  5079     0515                     	;# 
  5080     0516                     	;# 
  5081     0517                     	;# 
  5082     0518                     	;# 
  5083     0519                     	;# 
  5084     051A                     	;# 
  5085     051B                     	;# 
  5086     051C                     	;# 
  5087     051D                     	;# 
  5088     058C                     	;# 
  5089     058C                     	;# 
  5090     058D                     	;# 
  5091     058E                     	;# 
  5092     058F                     	;# 
  5093     058F                     	;# 
  5094     0590                     	;# 
  5095     0591                     	;# 
  5096     0592                     	;# 
  5097     0593                     	;# 
  5098     059C                     	;# 
  5099     059C                     	;# 
  5100     059D                     	;# 
  5101     059D                     	;# 
  5102     059E                     	;# 
  5103     059F                     	;# 
  5104     060C                     	;# 
  5105     060C                     	;# 
  5106     060D                     	;# 
  5107     060D                     	;# 
  5108     060E                     	;# 
  5109     060F                     	;# 
  5110     0610                     	;# 
  5111     0611                     	;# 
  5112     0612                     	;# 
  5113     0613                     	;# 
  5114     0614                     	;# 
  5115     0616                     	;# 
  5116     0616                     	;# 
  5117     0617                     	;# 
  5118     0617                     	;# 
  5119     0618                     	;# 
  5120     0619                     	;# 
  5121     061A                     	;# 
  5122     061B                     	;# 
  5123     061C                     	;# 
  5124     061D                     	;# 
  5125     061E                     	;# 
  5126     068C                     	;# 
  5127     068D                     	;# 
  5128     068E                     	;# 
  5129     068F                     	;# 
  5130     0690                     	;# 
  5131     0691                     	;# 
  5132     0692                     	;# 
  5133     0693                     	;# 
  5134     0694                     	;# 
  5135     070C                     	;# 
  5136     070D                     	;# 
  5137     070E                     	;# 
  5138     070F                     	;# 
  5139     0710                     	;# 
  5140     0711                     	;# 
  5141     0712                     	;# 
  5142     0713                     	;# 
  5143     0714                     	;# 
  5144     0716                     	;# 
  5145     0717                     	;# 
  5146     0718                     	;# 
  5147     0719                     	;# 
  5148     071A                     	;# 
  5149     071B                     	;# 
  5150     071C                     	;# 
  5151     071D                     	;# 
  5152     071E                     	;# 
  5153     0796                     	;# 
  5154     0797                     	;# 
  5155     0798                     	;# 
  5156     0799                     	;# 
  5157     079A                     	;# 
  5158     079B                     	;# 
  5159     079C                     	;# 
  5160     079D                     	;# 
  5161     080C                     	;# 
  5162     080D                     	;# 
  5163     080E                     	;# 
  5164     080F                     	;# 
  5165     0810                     	;# 
  5166     0811                     	;# 
  5167     0813                     	;# 
  5168     0814                     	;# 
  5169     081A                     	;# 
  5170     081A                     	;# 
  5171     081B                     	;# 
  5172     081C                     	;# 
  5173     081C                     	;# 
  5174     081D                     	;# 
  5175     081E                     	;# 
  5176     081F                     	;# 
  5177     088C                     	;# 
  5178     088D                     	;# 
  5179     088E                     	;# 
  5180     088F                     	;# 
  5181     0890                     	;# 
  5182     0891                     	;# 
  5183     0892                     	;# 
  5184     0893                     	;# 
  5185     0895                     	;# 
  5186     0896                     	;# 
  5187     0897                     	;# 
  5188     0898                     	;# 
  5189     0899                     	;# 
  5190     089A                     	;# 
  5191     089B                     	;# 
  5192     090C                     	;# 
  5193     090E                     	;# 
  5194     090F                     	;# 
  5195     091F                     	;# 
  5196     098F                     	;# 
  5197     098F                     	;# 
  5198     0990                     	;# 
  5199     0991                     	;# 
  5200     0992                     	;# 
  5201     0993                     	;# 
  5202     0994                     	;# 
  5203     0995                     	;# 
  5204     0996                     	;# 
  5205     0997                     	;# 
  5206     0A19                     	;# 
  5207     0A19                     	;# 
  5208     0A1A                     	;# 
  5209     0A1A                     	;# 
  5210     0A1B                     	;# 
  5211     0A1B                     	;# 
  5212     0A1B                     	;# 
  5213     0A1C                     	;# 
  5214     0A1C                     	;# 
  5215     0A1D                     	;# 
  5216     0A1D                     	;# 
  5217     0A1E                     	;# 
  5218     0A1E                     	;# 
  5219     0A1F                     	;# 
  5220     0A1F                     	;# 
  5221     0A1F                     	;# 
  5222     1E0F                     	;# 
  5223     1E10                     	;# 
  5224     1E11                     	;# 
  5225     1E12                     	;# 
  5226     1E13                     	;# 
  5227     1E14                     	;# 
  5228     1E15                     	;# 
  5229     1E16                     	;# 
  5230     1E17                     	;# 
  5231     1E18                     	;# 
  5232     1E19                     	;# 
  5233     1E1A                     	;# 
  5234     1E1B                     	;# 
  5235     1E1C                     	;# 
  5236     1E1D                     	;# 
  5237     1E1E                     	;# 
  5238     1E1F                     	;# 
  5239     1E20                     	;# 
  5240     1E21                     	;# 
  5241     1E22                     	;# 
  5242     1E23                     	;# 
  5243     1E24                     	;# 
  5244     1E25                     	;# 
  5245     1E26                     	;# 
  5246     1E27                     	;# 
  5247     1E28                     	;# 
  5248     1E29                     	;# 
  5249     1E2A                     	;# 
  5250     1E2B                     	;# 
  5251     1E2C                     	;# 
  5252     1E2D                     	;# 
  5253     1E2E                     	;# 
  5254     1E2F                     	;# 
  5255     1E30                     	;# 
  5256     1E31                     	;# 
  5257     1E32                     	;# 
  5258     1E33                     	;# 
  5259     1E34                     	;# 
  5260     1E35                     	;# 
  5261     1E36                     	;# 
  5262     1E37                     	;# 
  5263     1E8F                     	;# 
  5264     1E90                     	;# 
  5265     1E91                     	;# 
  5266     1E92                     	;# 
  5267     1E93                     	;# 
  5268     1E94                     	;# 
  5269     1E95                     	;# 
  5270     1E96                     	;# 
  5271     1E97                     	;# 
  5272     1E9C                     	;# 
  5273     1E9D                     	;# 
  5274     1E9E                     	;# 
  5275     1EA1                     	;# 
  5276     1EA2                     	;# 
  5277     1EA3                     	;# 
  5278     1EA4                     	;# 
  5279     1EA5                     	;# 
  5280     1EA9                     	;# 
  5281     1EAA                     	;# 
  5282     1EAB                     	;# 
  5283     1EAC                     	;# 
  5284     1EB1                     	;# 
  5285     1EB2                     	;# 
  5286     1EB3                     	;# 
  5287     1EB8                     	;# 
  5288     1EB9                     	;# 
  5289     1EBA                     	;# 
  5290     1EBB                     	;# 
  5291     1EBC                     	;# 
  5292     1EBD                     	;# 
  5293     1EBE                     	;# 
  5294     1EC3                     	;# 
  5295     1EC5                     	;# 
  5296     1EC6                     	;# 
  5297     1EC7                     	;# 
  5298     1EC8                     	;# 
  5299     1EC9                     	;# 
  5300     1ECA                     	;# 
  5301     1ECB                     	;# 
  5302     1ECC                     	;# 
  5303     1ECD                     	;# 
  5304     1ECE                     	;# 
  5305     1F10                     	;# 
  5306     1F11                     	;# 
  5307     1F12                     	;# 
  5308     1F13                     	;# 
  5309     1F14                     	;# 
  5310     1F15                     	;# 
  5311     1F16                     	;# 
  5312     1F17                     	;# 
  5313     1F18                     	;# 
  5314     1F19                     	;# 
  5315     1F1A                     	;# 
  5316     1F1B                     	;# 
  5317     1F1C                     	;# 
  5318     1F1D                     	;# 
  5319     1F1E                     	;# 
  5320     1F1F                     	;# 
  5321     1F20                     	;# 
  5322     1F21                     	;# 
  5323     1F22                     	;# 
  5324     1F23                     	;# 
  5325     1F24                     	;# 
  5326     1F25                     	;# 
  5327     1F26                     	;# 
  5328     1F27                     	;# 
  5329     1F38                     	;# 
  5330     1F39                     	;# 
  5331     1F3A                     	;# 
  5332     1F3B                     	;# 
  5333     1F3C                     	;# 
  5334     1F3D                     	;# 
  5335     1F3E                     	;# 
  5336     1F3F                     	;# 
  5337     1F43                     	;# 
  5338     1F44                     	;# 
  5339     1F45                     	;# 
  5340     1F46                     	;# 
  5341     1F47                     	;# 
  5342     1F48                     	;# 
  5343     1F49                     	;# 
  5344     1F4A                     	;# 
  5345     1F4E                     	;# 
  5346     1F4F                     	;# 
  5347     1F50                     	;# 
  5348     1F51                     	;# 
  5349     1F52                     	;# 
  5350     1F53                     	;# 
  5351     1F54                     	;# 
  5352     1F55                     	;# 
  5353     1F65                     	;# 
  5354     1F66                     	;# 
  5355     1F67                     	;# 
  5356     1F68                     	;# 
  5357     1F69                     	;# 
  5358     1F6A                     	;# 
  5359     1F6B                     	;# 
  5360     1FE4                     	;# 
  5361     1FE5                     	;# 
  5362     1FE6                     	;# 
  5363     1FE7                     	;# 
  5364     1FE8                     	;# 
  5365     1FE8                     	;# 
  5366     1FE9                     	;# 
  5367     1FEA                     	;# 
  5368     1FEB                     	;# 
  5369     1FED                     	;# 
  5370     1FEE                     	;# 
  5371     1FEF                     	;# 
  5372     0000                     	;# 
  5373     0001                     	;# 
  5374     0002                     	;# 
  5375     0003                     	;# 
  5376     0004                     	;# 
  5377     0005                     	;# 
  5378     0006                     	;# 
  5379     0007                     	;# 
  5380     0008                     	;# 
  5381     0009                     	;# 
  5382     000A                     	;# 
  5383     000B                     	;# 
  5384     000C                     	;# 
  5385     000D                     	;# 
  5386     000E                     	;# 
  5387     0010                     	;# 
  5388     0012                     	;# 
  5389     0013                     	;# 
  5390     0014                     	;# 
  5391     0016                     	;# 
  5392     0018                     	;# 
  5393     0019                     	;# 
  5394     001A                     	;# 
  5395     001C                     	;# 
  5396     008C                     	;# 
  5397     008C                     	;# 
  5398     008D                     	;# 
  5399     008E                     	;# 
  5400     008E                     	;# 
  5401     008F                     	;# 
  5402     0090                     	;# 
  5403     0090                     	;# 
  5404     0091                     	;# 
  5405     0092                     	;# 
  5406     0092                     	;# 
  5407     0093                     	;# 
  5408     0094                     	;# 
  5409     0094                     	;# 
  5410     0095                     	;# 
  5411     0096                     	;# 
  5412     0096                     	;# 
  5413     0097                     	;# 
  5414     0098                     	;# 
  5415     0099                     	;# 
  5416     009A                     	;# 
  5417     009B                     	;# 
  5418     009B                     	;# 
  5419     009C                     	;# 
  5420     009D                     	;# 
  5421     009D                     	;# 
  5422     009E                     	;# 
  5423     009F                     	;# 
  5424     010C                     	;# 
  5425     010C                     	;# 
  5426     010D                     	;# 
  5427     010E                     	;# 
  5428     010F                     	;# 
  5429     010F                     	;# 
  5430     0110                     	;# 
  5431     0111                     	;# 
  5432     0112                     	;# 
  5433     0113                     	;# 
  5434     0114                     	;# 
  5435     0115                     	;# 
  5436     0116                     	;# 
  5437     0117                     	;# 
  5438     0118                     	;# 
  5439     0119                     	;# 
  5440     0119                     	;# 
  5441     0119                     	;# 
  5442     011A                     	;# 
  5443     011A                     	;# 
  5444     011A                     	;# 
  5445     011B                     	;# 
  5446     011B                     	;# 
  5447     011B                     	;# 
  5448     011B                     	;# 
  5449     011B                     	;# 
  5450     011C                     	;# 
  5451     011C                     	;# 
  5452     011C                     	;# 
  5453     011D                     	;# 
  5454     011D                     	;# 
  5455     011D                     	;# 
  5456     011E                     	;# 
  5457     011E                     	;# 
  5458     011E                     	;# 
  5459     011F                     	;# 
  5460     011F                     	;# 
  5461     011F                     	;# 
  5462     011F                     	;# 
  5463     011F                     	;# 
  5464     018C                     	;# 
  5465     018D                     	;# 
  5466     018E                     	;# 
  5467     018F                     	;# 
  5468     0190                     	;# 
  5469     0191                     	;# 
  5470     0192                     	;# 
  5471     0196                     	;# 
  5472     0197                     	;# 
  5473     0198                     	;# 
  5474     0199                     	;# 
  5475     019A                     	;# 
  5476     019B                     	;# 
  5477     019C                     	;# 
  5478     020C                     	;# 
  5479     020D                     	;# 
  5480     020E                     	;# 
  5481     020E                     	;# 
  5482     020F                     	;# 
  5483     020F                     	;# 
  5484     0210                     	;# 
  5485     0210                     	;# 
  5486     0211                     	;# 
  5487     0211                     	;# 
  5488     0212                     	;# 
  5489     0213                     	;# 
  5490     0214                     	;# 
  5491     0214                     	;# 
  5492     0215                     	;# 
  5493     0215                     	;# 
  5494     0216                     	;# 
  5495     0216                     	;# 
  5496     0217                     	;# 
  5497     0217                     	;# 
  5498     0218                     	;# 
  5499     0219                     	;# 
  5500     021A                     	;# 
  5501     021A                     	;# 
  5502     021B                     	;# 
  5503     021B                     	;# 
  5504     021C                     	;# 
  5505     021C                     	;# 
  5506     021D                     	;# 
  5507     021D                     	;# 
  5508     021E                     	;# 
  5509     021F                     	;# 
  5510     028C                     	;# 
  5511     028C                     	;# 
  5512     028D                     	;# 
  5513     028D                     	;# 
  5514     028E                     	;# 
  5515     028F                     	;# 
  5516     0290                     	;# 
  5517     0291                     	;# 
  5518     0292                     	;# 
  5519     0292                     	;# 
  5520     0293                     	;# 
  5521     0293                     	;# 
  5522     0294                     	;# 
  5523     0295                     	;# 
  5524     0296                     	;# 
  5525     0297                     	;# 
  5526     0298                     	;# 
  5527     0298                     	;# 
  5528     0299                     	;# 
  5529     0299                     	;# 
  5530     029A                     	;# 
  5531     029B                     	;# 
  5532     029C                     	;# 
  5533     029D                     	;# 
  5534     029F                     	;# 
  5535     030C                     	;# 
  5536     030C                     	;# 
  5537     030D                     	;# 
  5538     030E                     	;# 
  5539     030F                     	;# 
  5540     0310                     	;# 
  5541     0310                     	;# 
  5542     0311                     	;# 
  5543     0312                     	;# 
  5544     0313                     	;# 
  5545     0314                     	;# 
  5546     0314                     	;# 
  5547     0315                     	;# 
  5548     0316                     	;# 
  5549     0317                     	;# 
  5550     0318                     	;# 
  5551     0318                     	;# 
  5552     0319                     	;# 
  5553     031A                     	;# 
  5554     031B                     	;# 
  5555     031C                     	;# 
  5556     031C                     	;# 
  5557     031D                     	;# 
  5558     031E                     	;# 
  5559     031F                     	;# 
  5560     038C                     	;# 
  5561     038C                     	;# 
  5562     038D                     	;# 
  5563     038E                     	;# 
  5564     0390                     	;# 
  5565     0390                     	;# 
  5566     0391                     	;# 
  5567     0392                     	;# 
  5568     048C                     	;# 
  5569     048C                     	;# 
  5570     048D                     	;# 
  5571     048E                     	;# 
  5572     048F                     	;# 
  5573     048F                     	;# 
  5574     0490                     	;# 
  5575     0491                     	;# 
  5576     0492                     	;# 
  5577     0492                     	;# 
  5578     0493                     	;# 
  5579     0494                     	;# 
  5580     0495                     	;# 
  5581     0495                     	;# 
  5582     0496                     	;# 
  5583     0497                     	;# 
  5584     0498                     	;# 
  5585     0499                     	;# 
  5586     049A                     	;# 
  5587     049B                     	;# 
  5588     049C                     	;# 
  5589     049D                     	;# 
  5590     050C                     	;# 
  5591     050C                     	;# 
  5592     050D                     	;# 
  5593     050E                     	;# 
  5594     050F                     	;# 
  5595     050F                     	;# 
  5596     0510                     	;# 
  5597     0511                     	;# 
  5598     0512                     	;# 
  5599     0512                     	;# 
  5600     0513                     	;# 
  5601     0514                     	;# 
  5602     0515                     	;# 
  5603     0515                     	;# 
  5604     0516                     	;# 
  5605     0517                     	;# 
  5606     0518                     	;# 
  5607     0519                     	;# 
  5608     051A                     	;# 
  5609     051B                     	;# 
  5610     051C                     	;# 
  5611     051D                     	;# 
  5612     058C                     	;# 
  5613     058C                     	;# 
  5614     058D                     	;# 
  5615     058E                     	;# 
  5616     058F                     	;# 
  5617     058F                     	;# 
  5618     0590                     	;# 
  5619     0591                     	;# 
  5620     0592                     	;# 
  5621     0593                     	;# 
  5622     059C                     	;# 
  5623     059C                     	;# 
  5624     059D                     	;# 
  5625     059D                     	;# 
  5626     059E                     	;# 
  5627     059F                     	;# 
  5628     060C                     	;# 
  5629     060C                     	;# 
  5630     060D                     	;# 
  5631     060D                     	;# 
  5632     060E                     	;# 
  5633     060F                     	;# 
  5634     0610                     	;# 
  5635     0611                     	;# 
  5636     0612                     	;# 
  5637     0613                     	;# 
  5638     0614                     	;# 
  5639     0616                     	;# 
  5640     0616                     	;# 
  5641     0617                     	;# 
  5642     0617                     	;# 
  5643     0618                     	;# 
  5644     0619                     	;# 
  5645     061A                     	;# 
  5646     061B                     	;# 
  5647     061C                     	;# 
  5648     061D                     	;# 
  5649     061E                     	;# 
  5650     068C                     	;# 
  5651     068D                     	;# 
  5652     068E                     	;# 
  5653     068F                     	;# 
  5654     0690                     	;# 
  5655     0691                     	;# 
  5656     0692                     	;# 
  5657     0693                     	;# 
  5658     0694                     	;# 
  5659     070C                     	;# 
  5660     070D                     	;# 
  5661     070E                     	;# 
  5662     070F                     	;# 
  5663     0710                     	;# 
  5664     0711                     	;# 
  5665     0712                     	;# 
  5666     0713                     	;# 
  5667     0714                     	;# 
  5668     0716                     	;# 
  5669     0717                     	;# 
  5670     0718                     	;# 
  5671     0719                     	;# 
  5672     071A                     	;# 
  5673     071B                     	;# 
  5674     071C                     	;# 
  5675     071D                     	;# 
  5676     071E                     	;# 
  5677     0796                     	;# 
  5678     0797                     	;# 
  5679     0798                     	;# 
  5680     0799                     	;# 
  5681     079A                     	;# 
  5682     079B                     	;# 
  5683     079C                     	;# 
  5684     079D                     	;# 
  5685     080C                     	;# 
  5686     080D                     	;# 
  5687     080E                     	;# 
  5688     080F                     	;# 
  5689     0810                     	;# 
  5690     0811                     	;# 
  5691     0813                     	;# 
  5692     0814                     	;# 
  5693     081A                     	;# 
  5694     081A                     	;# 
  5695     081B                     	;# 
  5696     081C                     	;# 
  5697     081C                     	;# 
  5698     081D                     	;# 
  5699     081E                     	;# 
  5700     081F                     	;# 
  5701     088C                     	;# 
  5702     088D                     	;# 
  5703     088E                     	;# 
  5704     088F                     	;# 
  5705     0890                     	;# 
  5706     0891                     	;# 
  5707     0892                     	;# 
  5708     0893                     	;# 
  5709     0895                     	;# 
  5710     0896                     	;# 
  5711     0897                     	;# 
  5712     0898                     	;# 
  5713     0899                     	;# 
  5714     089A                     	;# 
  5715     089B                     	;# 
  5716     090C                     	;# 
  5717     090E                     	;# 
  5718     090F                     	;# 
  5719     091F                     	;# 
  5720     098F                     	;# 
  5721     098F                     	;# 
  5722     0990                     	;# 
  5723     0991                     	;# 
  5724     0992                     	;# 
  5725     0993                     	;# 
  5726     0994                     	;# 
  5727     0995                     	;# 
  5728     0996                     	;# 
  5729     0997                     	;# 
  5730     0A19                     	;# 
  5731     0A19                     	;# 
  5732     0A1A                     	;# 
  5733     0A1A                     	;# 
  5734     0A1B                     	;# 
  5735     0A1B                     	;# 
  5736     0A1B                     	;# 
  5737     0A1C                     	;# 
  5738     0A1C                     	;# 
  5739     0A1D                     	;# 
  5740     0A1D                     	;# 
  5741     0A1E                     	;# 
  5742     0A1E                     	;# 
  5743     0A1F                     	;# 
  5744     0A1F                     	;# 
  5745     0A1F                     	;# 
  5746     1E0F                     	;# 
  5747     1E10                     	;# 
  5748     1E11                     	;# 
  5749     1E12                     	;# 
  5750     1E13                     	;# 
  5751     1E14                     	;# 
  5752     1E15                     	;# 
  5753     1E16                     	;# 
  5754     1E17                     	;# 
  5755     1E18                     	;# 
  5756     1E19                     	;# 
  5757     1E1A                     	;# 
  5758     1E1B                     	;# 
  5759     1E1C                     	;# 
  5760     1E1D                     	;# 
  5761     1E1E                     	;# 
  5762     1E1F                     	;# 
  5763     1E20                     	;# 
  5764     1E21                     	;# 
  5765     1E22                     	;# 
  5766     1E23                     	;# 
  5767     1E24                     	;# 
  5768     1E25                     	;# 
  5769     1E26                     	;# 
  5770     1E27                     	;# 
  5771     1E28                     	;# 
  5772     1E29                     	;# 
  5773     1E2A                     	;# 
  5774     1E2B                     	;# 
  5775     1E2C                     	;# 
  5776     1E2D                     	;# 
  5777     1E2E                     	;# 
  5778     1E2F                     	;# 
  5779     1E30                     	;# 
  5780     1E31                     	;# 
  5781     1E32                     	;# 
  5782     1E33                     	;# 
  5783     1E34                     	;# 
  5784     1E35                     	;# 
  5785     1E36                     	;# 
  5786     1E37                     	;# 
  5787     1E8F                     	;# 
  5788     1E90                     	;# 
  5789     1E91                     	;# 
  5790     1E92                     	;# 
  5791     1E93                     	;# 
  5792     1E94                     	;# 
  5793     1E95                     	;# 
  5794     1E96                     	;# 
  5795     1E97                     	;# 
  5796     1E9C                     	;# 
  5797     1E9D                     	;# 
  5798     1E9E                     	;# 
  5799     1EA1                     	;# 
  5800     1EA2                     	;# 
  5801     1EA3                     	;# 
  5802     1EA4                     	;# 
  5803     1EA5                     	;# 
  5804     1EA9                     	;# 
  5805     1EAA                     	;# 
  5806     1EAB                     	;# 
  5807     1EAC                     	;# 
  5808     1EB1                     	;# 
  5809     1EB2                     	;# 
  5810     1EB3                     	;# 
  5811     1EB8                     	;# 
  5812     1EB9                     	;# 
  5813     1EBA                     	;# 
  5814     1EBB                     	;# 
  5815     1EBC                     	;# 
  5816     1EBD                     	;# 
  5817     1EBE                     	;# 
  5818     1EC3                     	;# 
  5819     1EC5                     	;# 
  5820     1EC6                     	;# 
  5821     1EC7                     	;# 
  5822     1EC8                     	;# 
  5823     1EC9                     	;# 
  5824     1ECA                     	;# 
  5825     1ECB                     	;# 
  5826     1ECC                     	;# 
  5827     1ECD                     	;# 
  5828     1ECE                     	;# 
  5829     1F10                     	;# 
  5830     1F11                     	;# 
  5831     1F12                     	;# 
  5832     1F13                     	;# 
  5833     1F14                     	;# 
  5834     1F15                     	;# 
  5835     1F16                     	;# 
  5836     1F17                     	;# 
  5837     1F18                     	;# 
  5838     1F19                     	;# 
  5839     1F1A                     	;# 
  5840     1F1B                     	;# 
  5841     1F1C                     	;# 
  5842     1F1D                     	;# 
  5843     1F1E                     	;# 
  5844     1F1F                     	;# 
  5845     1F20                     	;# 
  5846     1F21                     	;# 
  5847     1F22                     	;# 
  5848     1F23                     	;# 
  5849     1F24                     	;# 
  5850     1F25                     	;# 
  5851     1F26                     	;# 
  5852     1F27                     	;# 
  5853     1F38                     	;# 
  5854     1F39                     	;# 
  5855     1F3A                     	;# 
  5856     1F3B                     	;# 
  5857     1F3C                     	;# 
  5858     1F3D                     	;# 
  5859     1F3E                     	;# 
  5860     1F3F                     	;# 
  5861     1F43                     	;# 
  5862     1F44                     	;# 
  5863     1F45                     	;# 
  5864     1F46                     	;# 
  5865     1F47                     	;# 
  5866     1F48                     	;# 
  5867     1F49                     	;# 
  5868     1F4A                     	;# 
  5869     1F4E                     	;# 
  5870     1F4F                     	;# 
  5871     1F50                     	;# 
  5872     1F51                     	;# 
  5873     1F52                     	;# 
  5874     1F53                     	;# 
  5875     1F54                     	;# 
  5876     1F55                     	;# 
  5877     1F65                     	;# 
  5878     1F66                     	;# 
  5879     1F67                     	;# 
  5880     1F68                     	;# 
  5881     1F69                     	;# 
  5882     1F6A                     	;# 
  5883     1F6B                     	;# 
  5884     1FE4                     	;# 
  5885     1FE5                     	;# 
  5886     1FE6                     	;# 
  5887     1FE7                     	;# 
  5888     1FE8                     	;# 
  5889     1FE8                     	;# 
  5890     1FE9                     	;# 
  5891     1FEA                     	;# 
  5892     1FEB                     	;# 
  5893     1FED                     	;# 
  5894     1FEE                     	;# 
  5895     1FEF                     	;# 
  5896     0000                     	;# 
  5897     0001                     	;# 
  5898     0002                     	;# 
  5899     0003                     	;# 
  5900     0004                     	;# 
  5901     0005                     	;# 
  5902     0006                     	;# 
  5903     0007                     	;# 
  5904     0008                     	;# 
  5905     0009                     	;# 
  5906     000A                     	;# 
  5907     000B                     	;# 
  5908     000C                     	;# 
  5909     000D                     	;# 
  5910     000E                     	;# 
  5911     0010                     	;# 
  5912     0012                     	;# 
  5913     0013                     	;# 
  5914     0014                     	;# 
  5915     0016                     	;# 
  5916     0018                     	;# 
  5917     0019                     	;# 
  5918     001A                     	;# 
  5919     001C                     	;# 
  5920     008C                     	;# 
  5921     008C                     	;# 
  5922     008D                     	;# 
  5923     008E                     	;# 
  5924     008E                     	;# 
  5925     008F                     	;# 
  5926     0090                     	;# 
  5927     0090                     	;# 
  5928     0091                     	;# 
  5929     0092                     	;# 
  5930     0092                     	;# 
  5931     0093                     	;# 
  5932     0094                     	;# 
  5933     0094                     	;# 
  5934     0095                     	;# 
  5935     0096                     	;# 
  5936     0096                     	;# 
  5937     0097                     	;# 
  5938     0098                     	;# 
  5939     0099                     	;# 
  5940     009A                     	;# 
  5941     009B                     	;# 
  5942     009B                     	;# 
  5943     009C                     	;# 
  5944     009D                     	;# 
  5945     009D                     	;# 
  5946     009E                     	;# 
  5947     009F                     	;# 
  5948     010C                     	;# 
  5949     010C                     	;# 
  5950     010D                     	;# 
  5951     010E                     	;# 
  5952     010F                     	;# 
  5953     010F                     	;# 
  5954     0110                     	;# 
  5955     0111                     	;# 
  5956     0112                     	;# 
  5957     0113                     	;# 
  5958     0114                     	;# 
  5959     0115                     	;# 
  5960     0116                     	;# 
  5961     0117                     	;# 
  5962     0118                     	;# 
  5963     0119                     	;# 
  5964     0119                     	;# 
  5965     0119                     	;# 
  5966     011A                     	;# 
  5967     011A                     	;# 
  5968     011A                     	;# 
  5969     011B                     	;# 
  5970     011B                     	;# 
  5971     011B                     	;# 
  5972     011B                     	;# 
  5973     011B                     	;# 
  5974     011C                     	;# 
  5975     011C                     	;# 
  5976     011C                     	;# 
  5977     011D                     	;# 
  5978     011D                     	;# 
  5979     011D                     	;# 
  5980     011E                     	;# 
  5981     011E                     	;# 
  5982     011E                     	;# 
  5983     011F                     	;# 
  5984     011F                     	;# 
  5985     011F                     	;# 
  5986     011F                     	;# 
  5987     011F                     	;# 
  5988     018C                     	;# 
  5989     018D                     	;# 
  5990     018E                     	;# 
  5991     018F                     	;# 
  5992     0190                     	;# 
  5993     0191                     	;# 
  5994     0192                     	;# 
  5995     0196                     	;# 
  5996     0197                     	;# 
  5997     0198                     	;# 
  5998     0199                     	;# 
  5999     019A                     	;# 
  6000     019B                     	;# 
  6001     019C                     	;# 
  6002     020C                     	;# 
  6003     020D                     	;# 
  6004     020E                     	;# 
  6005     020E                     	;# 
  6006     020F                     	;# 
  6007     020F                     	;# 
  6008     0210                     	;# 
  6009     0210                     	;# 
  6010     0211                     	;# 
  6011     0211                     	;# 
  6012     0212                     	;# 
  6013     0213                     	;# 
  6014     0214                     	;# 
  6015     0214                     	;# 
  6016     0215                     	;# 
  6017     0215                     	;# 
  6018     0216                     	;# 
  6019     0216                     	;# 
  6020     0217                     	;# 
  6021     0217                     	;# 
  6022     0218                     	;# 
  6023     0219                     	;# 
  6024     021A                     	;# 
  6025     021A                     	;# 
  6026     021B                     	;# 
  6027     021B                     	;# 
  6028     021C                     	;# 
  6029     021C                     	;# 
  6030     021D                     	;# 
  6031     021D                     	;# 
  6032     021E                     	;# 
  6033     021F                     	;# 
  6034     028C                     	;# 
  6035     028C                     	;# 
  6036     028D                     	;# 
  6037     028D                     	;# 
  6038     028E                     	;# 
  6039     028F                     	;# 
  6040     0290                     	;# 
  6041     0291                     	;# 
  6042     0292                     	;# 
  6043     0292                     	;# 
  6044     0293                     	;# 
  6045     0293                     	;# 
  6046     0294                     	;# 
  6047     0295                     	;# 
  6048     0296                     	;# 
  6049     0297                     	;# 
  6050     0298                     	;# 
  6051     0298                     	;# 
  6052     0299                     	;# 
  6053     0299                     	;# 
  6054     029A                     	;# 
  6055     029B                     	;# 
  6056     029C                     	;# 
  6057     029D                     	;# 
  6058     029F                     	;# 
  6059     030C                     	;# 
  6060     030C                     	;# 
  6061     030D                     	;# 
  6062     030E                     	;# 
  6063     030F                     	;# 
  6064     0310                     	;# 
  6065     0310                     	;# 
  6066     0311                     	;# 
  6067     0312                     	;# 
  6068     0313                     	;# 
  6069     0314                     	;# 
  6070     0314                     	;# 
  6071     0315                     	;# 
  6072     0316                     	;# 
  6073     0317                     	;# 
  6074     0318                     	;# 
  6075     0318                     	;# 
  6076     0319                     	;# 
  6077     031A                     	;# 
  6078     031B                     	;# 
  6079     031C                     	;# 
  6080     031C                     	;# 
  6081     031D                     	;# 
  6082     031E                     	;# 
  6083     031F                     	;# 
  6084     038C                     	;# 
  6085     038C                     	;# 
  6086     038D                     	;# 
  6087     038E                     	;# 
  6088     0390                     	;# 
  6089     0390                     	;# 
  6090     0391                     	;# 
  6091     0392                     	;# 
  6092     048C                     	;# 
  6093     048C                     	;# 
  6094     048D                     	;# 
  6095     048E                     	;# 
  6096     048F                     	;# 
  6097     048F                     	;# 
  6098     0490                     	;# 
  6099     0491                     	;# 
  6100     0492                     	;# 
  6101     0492                     	;# 
  6102     0493                     	;# 
  6103     0494                     	;# 
  6104     0495                     	;# 
  6105     0495                     	;# 
  6106     0496                     	;# 
  6107     0497                     	;# 
  6108     0498                     	;# 
  6109     0499                     	;# 
  6110     049A                     	;# 
  6111     049B                     	;# 
  6112     049C                     	;# 
  6113     049D                     	;# 
  6114     050C                     	;# 
  6115     050C                     	;# 
  6116     050D                     	;# 
  6117     050E                     	;# 
  6118     050F                     	;# 
  6119     050F                     	;# 
  6120     0510                     	;# 
  6121     0511                     	;# 
  6122     0512                     	;# 
  6123     0512                     	;# 
  6124     0513                     	;# 
  6125     0514                     	;# 
  6126     0515                     	;# 
  6127     0515                     	;# 
  6128     0516                     	;# 
  6129     0517                     	;# 
  6130     0518                     	;# 
  6131     0519                     	;# 
  6132     051A                     	;# 
  6133     051B                     	;# 
  6134     051C                     	;# 
  6135     051D                     	;# 
  6136     058C                     	;# 
  6137     058C                     	;# 
  6138     058D                     	;# 
  6139     058E                     	;# 
  6140     058F                     	;# 
  6141     058F                     	;# 
  6142     0590                     	;# 
  6143     0591                     	;# 
  6144     0592                     	;# 
  6145     0593                     	;# 
  6146     059C                     	;# 
  6147     059C                     	;# 
  6148     059D                     	;# 
  6149     059D                     	;# 
  6150     059E                     	;# 
  6151     059F                     	;# 
  6152     060C                     	;# 
  6153     060C                     	;# 
  6154     060D                     	;# 
  6155     060D                     	;# 
  6156     060E                     	;# 
  6157     060F                     	;# 
  6158     0610                     	;# 
  6159     0611                     	;# 
  6160     0612                     	;# 
  6161     0613                     	;# 
  6162     0614                     	;# 
  6163     0616                     	;# 
  6164     0616                     	;# 
  6165     0617                     	;# 
  6166     0617                     	;# 
  6167     0618                     	;# 
  6168     0619                     	;# 
  6169     061A                     	;# 
  6170     061B                     	;# 
  6171     061C                     	;# 
  6172     061D                     	;# 
  6173     061E                     	;# 
  6174     068C                     	;# 
  6175     068D                     	;# 
  6176     068E                     	;# 
  6177     068F                     	;# 
  6178     0690                     	;# 
  6179     0691                     	;# 
  6180     0692                     	;# 
  6181     0693                     	;# 
  6182     0694                     	;# 
  6183     070C                     	;# 
  6184     070D                     	;# 
  6185     070E                     	;# 
  6186     070F                     	;# 
  6187     0710                     	;# 
  6188     0711                     	;# 
  6189     0712                     	;# 
  6190     0713                     	;# 
  6191     0714                     	;# 
  6192     0716                     	;# 
  6193     0717                     	;# 
  6194     0718                     	;# 
  6195     0719                     	;# 
  6196     071A                     	;# 
  6197     071B                     	;# 
  6198     071C                     	;# 
  6199     071D                     	;# 
  6200     071E                     	;# 
  6201     0796                     	;# 
  6202     0797                     	;# 
  6203     0798                     	;# 
  6204     0799                     	;# 
  6205     079A                     	;# 
  6206     079B                     	;# 
  6207     079C                     	;# 
  6208     079D                     	;# 
  6209     080C                     	;# 
  6210     080D                     	;# 
  6211     080E                     	;# 
  6212     080F                     	;# 
  6213     0810                     	;# 
  6214     0811                     	;# 
  6215     0813                     	;# 
  6216     0814                     	;# 
  6217     081A                     	;# 
  6218     081A                     	;# 
  6219     081B                     	;# 
  6220     081C                     	;# 
  6221     081C                     	;# 
  6222     081D                     	;# 
  6223     081E                     	;# 
  6224     081F                     	;# 
  6225     088C                     	;# 
  6226     088D                     	;# 
  6227     088E                     	;# 
  6228     088F                     	;# 
  6229     0890                     	;# 
  6230     0891                     	;# 
  6231     0892                     	;# 
  6232     0893                     	;# 
  6233     0895                     	;# 
  6234     0896                     	;# 
  6235     0897                     	;# 
  6236     0898                     	;# 
  6237     0899                     	;# 
  6238     089A                     	;# 
  6239     089B                     	;# 
  6240     090C                     	;# 
  6241     090E                     	;# 
  6242     090F                     	;# 
  6243     091F                     	;# 
  6244     098F                     	;# 
  6245     098F                     	;# 
  6246     0990                     	;# 
  6247     0991                     	;# 
  6248     0992                     	;# 
  6249     0993                     	;# 
  6250     0994                     	;# 
  6251     0995                     	;# 
  6252     0996                     	;# 
  6253     0997                     	;# 
  6254     0A19                     	;# 
  6255     0A19                     	;# 
  6256     0A1A                     	;# 
  6257     0A1A                     	;# 
  6258     0A1B                     	;# 
  6259     0A1B                     	;# 
  6260     0A1B                     	;# 
  6261     0A1C                     	;# 
  6262     0A1C                     	;# 
  6263     0A1D                     	;# 
  6264     0A1D                     	;# 
  6265     0A1E                     	;# 
  6266     0A1E                     	;# 
  6267     0A1F                     	;# 
  6268     0A1F                     	;# 
  6269     0A1F                     	;# 
  6270     1E0F                     	;# 
  6271     1E10                     	;# 
  6272     1E11                     	;# 
  6273     1E12                     	;# 
  6274     1E13                     	;# 
  6275     1E14                     	;# 
  6276     1E15                     	;# 
  6277     1E16                     	;# 
  6278     1E17                     	;# 
  6279     1E18                     	;# 
  6280     1E19                     	;# 
  6281     1E1A                     	;# 
  6282     1E1B                     	;# 
  6283     1E1C                     	;# 
  6284     1E1D                     	;# 
  6285     1E1E                     	;# 
  6286     1E1F                     	;# 
  6287     1E20                     	;# 
  6288     1E21                     	;# 
  6289     1E22                     	;# 
  6290     1E23                     	;# 
  6291     1E24                     	;# 
  6292     1E25                     	;# 
  6293     1E26                     	;# 
  6294     1E27                     	;# 
  6295     1E28                     	;# 
  6296     1E29                     	;# 
  6297     1E2A                     	;# 
  6298     1E2B                     	;# 
  6299     1E2C                     	;# 
  6300     1E2D                     	;# 
  6301     1E2E                     	;# 
  6302     1E2F                     	;# 
  6303     1E30                     	;# 
  6304     1E31                     	;# 
  6305     1E32                     	;# 
  6306     1E33                     	;# 
  6307     1E34                     	;# 
  6308     1E35                     	;# 
  6309     1E36                     	;# 
  6310     1E37                     	;# 
  6311     1E8F                     	;# 
  6312     1E90                     	;# 
  6313     1E91                     	;# 
  6314     1E92                     	;# 
  6315     1E93                     	;# 
  6316     1E94                     	;# 
  6317     1E95                     	;# 
  6318     1E96                     	;# 
  6319     1E97                     	;# 
  6320     1E9C                     	;# 
  6321     1E9D                     	;# 
  6322     1E9E                     	;# 
  6323     1EA1                     	;# 
  6324     1EA2                     	;# 
  6325     1EA3                     	;# 
  6326     1EA4                     	;# 
  6327     1EA5                     	;# 
  6328     1EA9                     	;# 
  6329     1EAA                     	;# 
  6330     1EAB                     	;# 
  6331     1EAC                     	;# 
  6332     1EB1                     	;# 
  6333     1EB2                     	;# 
  6334     1EB3                     	;# 
  6335     1EB8                     	;# 
  6336     1EB9                     	;# 
  6337     1EBA                     	;# 
  6338     1EBB                     	;# 
  6339     1EBC                     	;# 
  6340     1EBD                     	;# 
  6341     1EBE                     	;# 
  6342     1EC3                     	;# 
  6343     1EC5                     	;# 
  6344     1EC6                     	;# 
  6345     1EC7                     	;# 
  6346     1EC8                     	;# 
  6347     1EC9                     	;# 
  6348     1ECA                     	;# 
  6349     1ECB                     	;# 
  6350     1ECC                     	;# 
  6351     1ECD                     	;# 
  6352     1ECE                     	;# 
  6353     1F10                     	;# 
  6354     1F11                     	;# 
  6355     1F12                     	;# 
  6356     1F13                     	;# 
  6357     1F14                     	;# 
  6358     1F15                     	;# 
  6359     1F16                     	;# 
  6360     1F17                     	;# 
  6361     1F18                     	;# 
  6362     1F19                     	;# 
  6363     1F1A                     	;# 
  6364     1F1B                     	;# 
  6365     1F1C                     	;# 
  6366     1F1D                     	;# 
  6367     1F1E                     	;# 
  6368     1F1F                     	;# 
  6369     1F20                     	;# 
  6370     1F21                     	;# 
  6371     1F22                     	;# 
  6372     1F23                     	;# 
  6373     1F24                     	;# 
  6374     1F25                     	;# 
  6375     1F26                     	;# 
  6376     1F27                     	;# 
  6377     1F38                     	;# 
  6378     1F39                     	;# 
  6379     1F3A                     	;# 
  6380     1F3B                     	;# 
  6381     1F3C                     	;# 
  6382     1F3D                     	;# 
  6383     1F3E                     	;# 
  6384     1F3F                     	;# 
  6385     1F43                     	;# 
  6386     1F44                     	;# 
  6387     1F45                     	;# 
  6388     1F46                     	;# 
  6389     1F47                     	;# 
  6390     1F48                     	;# 
  6391     1F49                     	;# 
  6392     1F4A                     	;# 
  6393     1F4E                     	;# 
  6394     1F4F                     	;# 
  6395     1F50                     	;# 
  6396     1F51                     	;# 
  6397     1F52                     	;# 
  6398     1F53                     	;# 
  6399     1F54                     	;# 
  6400     1F55                     	;# 
  6401     1F65                     	;# 
  6402     1F66                     	;# 
  6403     1F67                     	;# 
  6404     1F68                     	;# 
  6405     1F69                     	;# 
  6406     1F6A                     	;# 
  6407     1F6B                     	;# 
  6408     1FE4                     	;# 
  6409     1FE5                     	;# 
  6410     1FE6                     	;# 
  6411     1FE7                     	;# 
  6412     1FE8                     	;# 
  6413     1FE8                     	;# 
  6414     1FE9                     	;# 
  6415     1FEA                     	;# 
  6416     1FEB                     	;# 
  6417     1FED                     	;# 
  6418     1FEE                     	;# 
  6419     1FEF                     	;# 
  6420     0000                     	;# 
  6421     0001                     	;# 
  6422     0002                     	;# 
  6423     0003                     	;# 
  6424     0004                     	;# 
  6425     0005                     	;# 
  6426     0006                     	;# 
  6427     0007                     	;# 
  6428     0008                     	;# 
  6429     0009                     	;# 
  6430     000A                     	;# 
  6431     000B                     	;# 
  6432     000C                     	;# 
  6433     000D                     	;# 
  6434     000E                     	;# 
  6435     0010                     	;# 
  6436     0012                     	;# 
  6437     0013                     	;# 
  6438     0014                     	;# 
  6439     0016                     	;# 
  6440     0018                     	;# 
  6441     0019                     	;# 
  6442     001A                     	;# 
  6443     001C                     	;# 
  6444     008C                     	;# 
  6445     008C                     	;# 
  6446     008D                     	;# 
  6447     008E                     	;# 
  6448     008E                     	;# 
  6449     008F                     	;# 
  6450     0090                     	;# 
  6451     0090                     	;# 
  6452     0091                     	;# 
  6453     0092                     	;# 
  6454     0092                     	;# 
  6455     0093                     	;# 
  6456     0094                     	;# 
  6457     0094                     	;# 
  6458     0095                     	;# 
  6459     0096                     	;# 
  6460     0096                     	;# 
  6461     0097                     	;# 
  6462     0098                     	;# 
  6463     0099                     	;# 
  6464     009A                     	;# 
  6465     009B                     	;# 
  6466     009B                     	;# 
  6467     009C                     	;# 
  6468     009D                     	;# 
  6469     009D                     	;# 
  6470     009E                     	;# 
  6471     009F                     	;# 
  6472     010C                     	;# 
  6473     010C                     	;# 
  6474     010D                     	;# 
  6475     010E                     	;# 
  6476     010F                     	;# 
  6477     010F                     	;# 
  6478     0110                     	;# 
  6479     0111                     	;# 
  6480     0112                     	;# 
  6481     0113                     	;# 
  6482     0114                     	;# 
  6483     0115                     	;# 
  6484     0116                     	;# 
  6485     0117                     	;# 
  6486     0118                     	;# 
  6487     0119                     	;# 
  6488     0119                     	;# 
  6489     0119                     	;# 
  6490     011A                     	;# 
  6491     011A                     	;# 
  6492     011A                     	;# 
  6493     011B                     	;# 
  6494     011B                     	;# 
  6495     011B                     	;# 
  6496     011B                     	;# 
  6497     011B                     	;# 
  6498     011C                     	;# 
  6499     011C                     	;# 
  6500     011C                     	;# 
  6501     011D                     	;# 
  6502     011D                     	;# 
  6503     011D                     	;# 
  6504     011E                     	;# 
  6505     011E                     	;# 
  6506     011E                     	;# 
  6507     011F                     	;# 
  6508     011F                     	;# 
  6509     011F                     	;# 
  6510     011F                     	;# 
  6511     011F                     	;# 
  6512     018C                     	;# 
  6513     018D                     	;# 
  6514     018E                     	;# 
  6515     018F                     	;# 
  6516     0190                     	;# 
  6517     0191                     	;# 
  6518     0192                     	;# 
  6519     0196                     	;# 
  6520     0197                     	;# 
  6521     0198                     	;# 
  6522     0199                     	;# 
  6523     019A                     	;# 
  6524     019B                     	;# 
  6525     019C                     	;# 
  6526     020C                     	;# 
  6527     020D                     	;# 
  6528     020E                     	;# 
  6529     020E                     	;# 
  6530     020F                     	;# 
  6531     020F                     	;# 
  6532     0210                     	;# 
  6533     0210                     	;# 
  6534     0211                     	;# 
  6535     0211                     	;# 
  6536     0212                     	;# 
  6537     0213                     	;# 
  6538     0214                     	;# 
  6539     0214                     	;# 
  6540     0215                     	;# 
  6541     0215                     	;# 
  6542     0216                     	;# 
  6543     0216                     	;# 
  6544     0217                     	;# 
  6545     0217                     	;# 
  6546     0218                     	;# 
  6547     0219                     	;# 
  6548     021A                     	;# 
  6549     021A                     	;# 
  6550     021B                     	;# 
  6551     021B                     	;# 
  6552     021C                     	;# 
  6553     021C                     	;# 
  6554     021D                     	;# 
  6555     021D                     	;# 
  6556     021E                     	;# 
  6557     021F                     	;# 
  6558     028C                     	;# 
  6559     028C                     	;# 
  6560     028D                     	;# 
  6561     028D                     	;# 
  6562     028E                     	;# 
  6563     028F                     	;# 
  6564     0290                     	;# 
  6565     0291                     	;# 
  6566     0292                     	;# 
  6567     0292                     	;# 
  6568     0293                     	;# 
  6569     0293                     	;# 
  6570     0294                     	;# 
  6571     0295                     	;# 
  6572     0296                     	;# 
  6573     0297                     	;# 
  6574     0298                     	;# 
  6575     0298                     	;# 
  6576     0299                     	;# 
  6577     0299                     	;# 
  6578     029A                     	;# 
  6579     029B                     	;# 
  6580     029C                     	;# 
  6581     029D                     	;# 
  6582     029F                     	;# 
  6583     030C                     	;# 
  6584     030C                     	;# 
  6585     030D                     	;# 
  6586     030E                     	;# 
  6587     030F                     	;# 
  6588     0310                     	;# 
  6589     0310                     	;# 
  6590     0311                     	;# 
  6591     0312                     	;# 
  6592     0313                     	;# 
  6593     0314                     	;# 
  6594     0314                     	;# 
  6595     0315                     	;# 
  6596     0316                     	;# 
  6597     0317                     	;# 
  6598     0318                     	;# 
  6599     0318                     	;# 
  6600     0319                     	;# 
  6601     031A                     	;# 
  6602     031B                     	;# 
  6603     031C                     	;# 
  6604     031C                     	;# 
  6605     031D                     	;# 
  6606     031E                     	;# 
  6607     031F                     	;# 
  6608     038C                     	;# 
  6609     038C                     	;# 
  6610     038D                     	;# 
  6611     038E                     	;# 
  6612     0390                     	;# 
  6613     0390                     	;# 
  6614     0391                     	;# 
  6615     0392                     	;# 
  6616     048C                     	;# 
  6617     048C                     	;# 
  6618     048D                     	;# 
  6619     048E                     	;# 
  6620     048F                     	;# 
  6621     048F                     	;# 
  6622     0490                     	;# 
  6623     0491                     	;# 
  6624     0492                     	;# 
  6625     0492                     	;# 
  6626     0493                     	;# 
  6627     0494                     	;# 
  6628     0495                     	;# 
  6629     0495                     	;# 
  6630     0496                     	;# 
  6631     0497                     	;# 
  6632     0498                     	;# 
  6633     0499                     	;# 
  6634     049A                     	;# 
  6635     049B                     	;# 
  6636     049C                     	;# 
  6637     049D                     	;# 
  6638     050C                     	;# 
  6639     050C                     	;# 
  6640     050D                     	;# 
  6641     050E                     	;# 
  6642     050F                     	;# 
  6643     050F                     	;# 
  6644     0510                     	;# 
  6645     0511                     	;# 
  6646     0512                     	;# 
  6647     0512                     	;# 
  6648     0513                     	;# 
  6649     0514                     	;# 
  6650     0515                     	;# 
  6651     0515                     	;# 
  6652     0516                     	;# 
  6653     0517                     	;# 
  6654     0518                     	;# 
  6655     0519                     	;# 
  6656     051A                     	;# 
  6657     051B                     	;# 
  6658     051C                     	;# 
  6659     051D                     	;# 
  6660     058C                     	;# 
  6661     058C                     	;# 
  6662     058D                     	;# 
  6663     058E                     	;# 
  6664     058F                     	;# 
  6665     058F                     	;# 
  6666     0590                     	;# 
  6667     0591                     	;# 
  6668     0592                     	;# 
  6669     0593                     	;# 
  6670     059C                     	;# 
  6671     059C                     	;# 
  6672     059D                     	;# 
  6673     059D                     	;# 
  6674     059E                     	;# 
  6675     059F                     	;# 
  6676     060C                     	;# 
  6677     060C                     	;# 
  6678     060D                     	;# 
  6679     060D                     	;# 
  6680     060E                     	;# 
  6681     060F                     	;# 
  6682     0610                     	;# 
  6683     0611                     	;# 
  6684     0612                     	;# 
  6685     0613                     	;# 
  6686     0614                     	;# 
  6687     0616                     	;# 
  6688     0616                     	;# 
  6689     0617                     	;# 
  6690     0617                     	;# 
  6691     0618                     	;# 
  6692     0619                     	;# 
  6693     061A                     	;# 
  6694     061B                     	;# 
  6695     061C                     	;# 
  6696     061D                     	;# 
  6697     061E                     	;# 
  6698     068C                     	;# 
  6699     068D                     	;# 
  6700     068E                     	;# 
  6701     068F                     	;# 
  6702     0690                     	;# 
  6703     0691                     	;# 
  6704     0692                     	;# 
  6705     0693                     	;# 
  6706     0694                     	;# 
  6707     070C                     	;# 
  6708     070D                     	;# 
  6709     070E                     	;# 
  6710     070F                     	;# 
  6711     0710                     	;# 
  6712     0711                     	;# 
  6713     0712                     	;# 
  6714     0713                     	;# 
  6715     0714                     	;# 
  6716     0716                     	;# 
  6717     0717                     	;# 
  6718     0718                     	;# 
  6719     0719                     	;# 
  6720     071A                     	;# 
  6721     071B                     	;# 
  6722     071C                     	;# 
  6723     071D                     	;# 
  6724     071E                     	;# 
  6725     0796                     	;# 
  6726     0797                     	;# 
  6727     0798                     	;# 
  6728     0799                     	;# 
  6729     079A                     	;# 
  6730     079B                     	;# 
  6731     079C                     	;# 
  6732     079D                     	;# 
  6733     080C                     	;# 
  6734     080D                     	;# 
  6735     080E                     	;# 
  6736     080F                     	;# 
  6737     0810                     	;# 
  6738     0811                     	;# 
  6739     0813                     	;# 
  6740     0814                     	;# 
  6741     081A                     	;# 
  6742     081A                     	;# 
  6743     081B                     	;# 
  6744     081C                     	;# 
  6745     081C                     	;# 
  6746     081D                     	;# 
  6747     081E                     	;# 
  6748     081F                     	;# 
  6749     088C                     	;# 
  6750     088D                     	;# 
  6751     088E                     	;# 
  6752     088F                     	;# 
  6753     0890                     	;# 
  6754     0891                     	;# 
  6755     0892                     	;# 
  6756     0893                     	;# 
  6757     0895                     	;# 
  6758     0896                     	;# 
  6759     0897                     	;# 
  6760     0898                     	;# 
  6761     0899                     	;# 
  6762     089A                     	;# 
  6763     089B                     	;# 
  6764     090C                     	;# 
  6765     090E                     	;# 
  6766     090F                     	;# 
  6767     091F                     	;# 
  6768     098F                     	;# 
  6769     098F                     	;# 
  6770     0990                     	;# 
  6771     0991                     	;# 
  6772     0992                     	;# 
  6773     0993                     	;# 
  6774     0994                     	;# 
  6775     0995                     	;# 
  6776     0996                     	;# 
  6777     0997                     	;# 
  6778     0A19                     	;# 
  6779     0A19                     	;# 
  6780     0A1A                     	;# 
  6781     0A1A                     	;# 
  6782     0A1B                     	;# 
  6783     0A1B                     	;# 
  6784     0A1B                     	;# 
  6785     0A1C                     	;# 
  6786     0A1C                     	;# 
  6787     0A1D                     	;# 
  6788     0A1D                     	;# 
  6789     0A1E                     	;# 
  6790     0A1E                     	;# 
  6791     0A1F                     	;# 
  6792     0A1F                     	;# 
  6793     0A1F                     	;# 
  6794     1E0F                     	;# 
  6795     1E10                     	;# 
  6796     1E11                     	;# 
  6797     1E12                     	;# 
  6798     1E13                     	;# 
  6799     1E14                     	;# 
  6800     1E15                     	;# 
  6801     1E16                     	;# 
  6802     1E17                     	;# 
  6803     1E18                     	;# 
  6804     1E19                     	;# 
  6805     1E1A                     	;# 
  6806     1E1B                     	;# 
  6807     1E1C                     	;# 
  6808     1E1D                     	;# 
  6809     1E1E                     	;# 
  6810     1E1F                     	;# 
  6811     1E20                     	;# 
  6812     1E21                     	;# 
  6813     1E22                     	;# 
  6814     1E23                     	;# 
  6815     1E24                     	;# 
  6816     1E25                     	;# 
  6817     1E26                     	;# 
  6818     1E27                     	;# 
  6819     1E28                     	;# 
  6820     1E29                     	;# 
  6821     1E2A                     	;# 
  6822     1E2B                     	;# 
  6823     1E2C                     	;# 
  6824     1E2D                     	;# 
  6825     1E2E                     	;# 
  6826     1E2F                     	;# 
  6827     1E30                     	;# 
  6828     1E31                     	;# 
  6829     1E32                     	;# 
  6830     1E33                     	;# 
  6831     1E34                     	;# 
  6832     1E35                     	;# 
  6833     1E36                     	;# 
  6834     1E37                     	;# 
  6835     1E8F                     	;# 
  6836     1E90                     	;# 
  6837     1E91                     	;# 
  6838     1E92                     	;# 
  6839     1E93                     	;# 
  6840     1E94                     	;# 
  6841     1E95                     	;# 
  6842     1E96                     	;# 
  6843     1E97                     	;# 
  6844     1E9C                     	;# 
  6845     1E9D                     	;# 
  6846     1E9E                     	;# 
  6847     1EA1                     	;# 
  6848     1EA2                     	;# 
  6849     1EA3                     	;# 
  6850     1EA4                     	;# 
  6851     1EA5                     	;# 
  6852     1EA9                     	;# 
  6853     1EAA                     	;# 
  6854     1EAB                     	;# 
  6855     1EAC                     	;# 
  6856     1EB1                     	;# 
  6857     1EB2                     	;# 
  6858     1EB3                     	;# 
  6859     1EB8                     	;# 
  6860     1EB9                     	;# 
  6861     1EBA                     	;# 
  6862     1EBB                     	;# 
  6863     1EBC                     	;# 
  6864     1EBD                     	;# 
  6865     1EBE                     	;# 
  6866     1EC3                     	;# 
  6867     1EC5                     	;# 
  6868     1EC6                     	;# 
  6869     1EC7                     	;# 
  6870     1EC8                     	;# 
  6871     1EC9                     	;# 
  6872     1ECA                     	;# 
  6873     1ECB                     	;# 
  6874     1ECC                     	;# 
  6875     1ECD                     	;# 
  6876     1ECE                     	;# 
  6877     1F10                     	;# 
  6878     1F11                     	;# 
  6879     1F12                     	;# 
  6880     1F13                     	;# 
  6881     1F14                     	;# 
  6882     1F15                     	;# 
  6883     1F16                     	;# 
  6884     1F17                     	;# 
  6885     1F18                     	;# 
  6886     1F19                     	;# 
  6887     1F1A                     	;# 
  6888     1F1B                     	;# 
  6889     1F1C                     	;# 
  6890     1F1D                     	;# 
  6891     1F1E                     	;# 
  6892     1F1F                     	;# 
  6893     1F20                     	;# 
  6894     1F21                     	;# 
  6895     1F22                     	;# 
  6896     1F23                     	;# 
  6897     1F24                     	;# 
  6898     1F25                     	;# 
  6899     1F26                     	;# 
  6900     1F27                     	;# 
  6901     1F38                     	;# 
  6902     1F39                     	;# 
  6903     1F3A                     	;# 
  6904     1F3B                     	;# 
  6905     1F3C                     	;# 
  6906     1F3D                     	;# 
  6907     1F3E                     	;# 
  6908     1F3F                     	;# 
  6909     1F43                     	;# 
  6910     1F44                     	;# 
  6911     1F45                     	;# 
  6912     1F46                     	;# 
  6913     1F47                     	;# 
  6914     1F48                     	;# 
  6915     1F49                     	;# 
  6916     1F4A                     	;# 
  6917     1F4E                     	;# 
  6918     1F4F                     	;# 
  6919     1F50                     	;# 
  6920     1F51                     	;# 
  6921     1F52                     	;# 
  6922     1F53                     	;# 
  6923     1F54                     	;# 
  6924     1F55                     	;# 
  6925     1F65                     	;# 
  6926     1F66                     	;# 
  6927     1F67                     	;# 
  6928     1F68                     	;# 
  6929     1F69                     	;# 
  6930     1F6A                     	;# 
  6931     1F6B                     	;# 
  6932     1FE4                     	;# 
  6933     1FE5                     	;# 
  6934     1FE6                     	;# 
  6935     1FE7                     	;# 
  6936     1FE8                     	;# 
  6937     1FE8                     	;# 
  6938     1FE9                     	;# 
  6939     1FEA                     	;# 
  6940     1FEB                     	;# 
  6941     1FED                     	;# 
  6942     1FEE                     	;# 
  6943     1FEF                     	;# 
  6944     0000                     	;# 
  6945     0001                     	;# 
  6946     0002                     	;# 
  6947     0003                     	;# 
  6948     0004                     	;# 
  6949     0005                     	;# 
  6950     0006                     	;# 
  6951     0007                     	;# 
  6952     0008                     	;# 
  6953     0009                     	;# 
  6954     000A                     	;# 
  6955     000B                     	;# 
  6956     000C                     	;# 
  6957     000D                     	;# 
  6958     000E                     	;# 
  6959     0010                     	;# 
  6960     0012                     	;# 
  6961     0013                     	;# 
  6962     0014                     	;# 
  6963     0016                     	;# 
  6964     0018                     	;# 
  6965     0019                     	;# 
  6966     001A                     	;# 
  6967     001C                     	;# 
  6968     008C                     	;# 
  6969     008C                     	;# 
  6970     008D                     	;# 
  6971     008E                     	;# 
  6972     008E                     	;# 
  6973     008F                     	;# 
  6974     0090                     	;# 
  6975     0090                     	;# 
  6976     0091                     	;# 
  6977     0092                     	;# 
  6978     0092                     	;# 
  6979     0093                     	;# 
  6980     0094                     	;# 
  6981     0094                     	;# 
  6982     0095                     	;# 
  6983     0096                     	;# 
  6984     0096                     	;# 
  6985     0097                     	;# 
  6986     0098                     	;# 
  6987     0099                     	;# 
  6988     009A                     	;# 
  6989     009B                     	;# 
  6990     009B                     	;# 
  6991     009C                     	;# 
  6992     009D                     	;# 
  6993     009D                     	;# 
  6994     009E                     	;# 
  6995     009F                     	;# 
  6996     010C                     	;# 
  6997     010C                     	;# 
  6998     010D                     	;# 
  6999     010E                     	;# 
  7000     010F                     	;# 
  7001     010F                     	;# 
  7002     0110                     	;# 
  7003     0111                     	;# 
  7004     0112                     	;# 
  7005     0113                     	;# 
  7006     0114                     	;# 
  7007     0115                     	;# 
  7008     0116                     	;# 
  7009     0117                     	;# 
  7010     0118                     	;# 
  7011     0119                     	;# 
  7012     0119                     	;# 
  7013     0119                     	;# 
  7014     011A                     	;# 
  7015     011A                     	;# 
  7016     011A                     	;# 
  7017     011B                     	;# 
  7018     011B                     	;# 
  7019     011B                     	;# 
  7020     011B                     	;# 
  7021     011B                     	;# 
  7022     011C                     	;# 
  7023     011C                     	;# 
  7024     011C                     	;# 
  7025     011D                     	;# 
  7026     011D                     	;# 
  7027     011D                     	;# 
  7028     011E                     	;# 
  7029     011E                     	;# 
  7030     011E                     	;# 
  7031     011F                     	;# 
  7032     011F                     	;# 
  7033     011F                     	;# 
  7034     011F                     	;# 
  7035     011F                     	;# 
  7036     018C                     	;# 
  7037     018D                     	;# 
  7038     018E                     	;# 
  7039     018F                     	;# 
  7040     0190                     	;# 
  7041     0191                     	;# 
  7042     0192                     	;# 
  7043     0196                     	;# 
  7044     0197                     	;# 
  7045     0198                     	;# 
  7046     0199                     	;# 
  7047     019A                     	;# 
  7048     019B                     	;# 
  7049     019C                     	;# 
  7050     020C                     	;# 
  7051     020D                     	;# 
  7052     020E                     	;# 
  7053     020E                     	;# 
  7054     020F                     	;# 
  7055     020F                     	;# 
  7056     0210                     	;# 
  7057     0210                     	;# 
  7058     0211                     	;# 
  7059     0211                     	;# 
  7060     0212                     	;# 
  7061     0213                     	;# 
  7062     0214                     	;# 
  7063     0214                     	;# 
  7064     0215                     	;# 
  7065     0215                     	;# 
  7066     0216                     	;# 
  7067     0216                     	;# 
  7068     0217                     	;# 
  7069     0217                     	;# 
  7070     0218                     	;# 
  7071     0219                     	;# 
  7072     021A                     	;# 
  7073     021A                     	;# 
  7074     021B                     	;# 
  7075     021B                     	;# 
  7076     021C                     	;# 
  7077     021C                     	;# 
  7078     021D                     	;# 
  7079     021D                     	;# 
  7080     021E                     	;# 
  7081     021F                     	;# 
  7082     028C                     	;# 
  7083     028C                     	;# 
  7084     028D                     	;# 
  7085     028D                     	;# 
  7086     028E                     	;# 
  7087     028F                     	;# 
  7088     0290                     	;# 
  7089     0291                     	;# 
  7090     0292                     	;# 
  7091     0292                     	;# 
  7092     0293                     	;# 
  7093     0293                     	;# 
  7094     0294                     	;# 
  7095     0295                     	;# 
  7096     0296                     	;# 
  7097     0297                     	;# 
  7098     0298                     	;# 
  7099     0298                     	;# 
  7100     0299                     	;# 
  7101     0299                     	;# 
  7102     029A                     	;# 
  7103     029B                     	;# 
  7104     029C                     	;# 
  7105     029D                     	;# 
  7106     029F                     	;# 
  7107     030C                     	;# 
  7108     030C                     	;# 
  7109     030D                     	;# 
  7110     030E                     	;# 
  7111     030F                     	;# 
  7112     0310                     	;# 
  7113     0310                     	;# 
  7114     0311                     	;# 
  7115     0312                     	;# 
  7116     0313                     	;# 
  7117     0314                     	;# 
  7118     0314                     	;# 
  7119     0315                     	;# 
  7120     0316                     	;# 
  7121     0317                     	;# 
  7122     0318                     	;# 
  7123     0318                     	;# 
  7124     0319                     	;# 
  7125     031A                     	;# 
  7126     031B                     	;# 
  7127     031C                     	;# 
  7128     031C                     	;# 
  7129     031D                     	;# 
  7130     031E                     	;# 
  7131     031F                     	;# 
  7132     038C                     	;# 
  7133     038C                     	;# 
  7134     038D                     	;# 
  7135     038E                     	;# 
  7136     0390                     	;# 
  7137     0390                     	;# 
  7138     0391                     	;# 
  7139     0392                     	;# 
  7140     048C                     	;# 
  7141     048C                     	;# 
  7142     048D                     	;# 
  7143     048E                     	;# 
  7144     048F                     	;# 
  7145     048F                     	;# 
  7146     0490                     	;# 
  7147     0491                     	;# 
  7148     0492                     	;# 
  7149     0492                     	;# 
  7150     0493                     	;# 
  7151     0494                     	;# 
  7152     0495                     	;# 
  7153     0495                     	;# 
  7154     0496                     	;# 
  7155     0497                     	;# 
  7156     0498                     	;# 
  7157     0499                     	;# 
  7158     049A                     	;# 
  7159     049B                     	;# 
  7160     049C                     	;# 
  7161     049D                     	;# 
  7162     050C                     	;# 
  7163     050C                     	;# 
  7164     050D                     	;# 
  7165     050E                     	;# 
  7166     050F                     	;# 
  7167     050F                     	;# 
  7168     0510                     	;# 
  7169     0511                     	;# 
  7170     0512                     	;# 
  7171     0512                     	;# 
  7172     0513                     	;# 
  7173     0514                     	;# 
  7174     0515                     	;# 
  7175     0515                     	;# 
  7176     0516                     	;# 
  7177     0517                     	;# 
  7178     0518                     	;# 
  7179     0519                     	;# 
  7180     051A                     	;# 
  7181     051B                     	;# 
  7182     051C                     	;# 
  7183     051D                     	;# 
  7184     058C                     	;# 
  7185     058C                     	;# 
  7186     058D                     	;# 
  7187     058E                     	;# 
  7188     058F                     	;# 
  7189     058F                     	;# 
  7190     0590                     	;# 
  7191     0591                     	;# 
  7192     0592                     	;# 
  7193     0593                     	;# 
  7194     059C                     	;# 
  7195     059C                     	;# 
  7196     059D                     	;# 
  7197     059D                     	;# 
  7198     059E                     	;# 
  7199     059F                     	;# 
  7200     060C                     	;# 
  7201     060C                     	;# 
  7202     060D                     	;# 
  7203     060D                     	;# 
  7204     060E                     	;# 
  7205     060F                     	;# 
  7206     0610                     	;# 
  7207     0611                     	;# 
  7208     0612                     	;# 
  7209     0613                     	;# 
  7210     0614                     	;# 
  7211     0616                     	;# 
  7212     0616                     	;# 
  7213     0617                     	;# 
  7214     0617                     	;# 
  7215     0618                     	;# 
  7216     0619                     	;# 
  7217     061A                     	;# 
  7218     061B                     	;# 
  7219     061C                     	;# 
  7220     061D                     	;# 
  7221     061E                     	;# 
  7222     068C                     	;# 
  7223     068D                     	;# 
  7224     068E                     	;# 
  7225     068F                     	;# 
  7226     0690                     	;# 
  7227     0691                     	;# 
  7228     0692                     	;# 
  7229     0693                     	;# 
  7230     0694                     	;# 
  7231     070C                     	;# 
  7232     070D                     	;# 
  7233     070E                     	;# 
  7234     070F                     	;# 
  7235     0710                     	;# 
  7236     0711                     	;# 
  7237     0712                     	;# 
  7238     0713                     	;# 
  7239     0714                     	;# 
  7240     0716                     	;# 
  7241     0717                     	;# 
  7242     0718                     	;# 
  7243     0719                     	;# 
  7244     071A                     	;# 
  7245     071B                     	;# 
  7246     071C                     	;# 
  7247     071D                     	;# 
  7248     071E                     	;# 
  7249     0796                     	;# 
  7250     0797                     	;# 
  7251     0798                     	;# 
  7252     0799                     	;# 
  7253     079A                     	;# 
  7254     079B                     	;# 
  7255     079C                     	;# 
  7256     079D                     	;# 
  7257     080C                     	;# 
  7258     080D                     	;# 
  7259     080E                     	;# 
  7260     080F                     	;# 
  7261     0810                     	;# 
  7262     0811                     	;# 
  7263     0813                     	;# 
  7264     0814                     	;# 
  7265     081A                     	;# 
  7266     081A                     	;# 
  7267     081B                     	;# 
  7268     081C                     	;# 
  7269     081C                     	;# 
  7270     081D                     	;# 
  7271     081E                     	;# 
  7272     081F                     	;# 
  7273     088C                     	;# 
  7274     088D                     	;# 
  7275     088E                     	;# 
  7276     088F                     	;# 
  7277     0890                     	;# 
  7278     0891                     	;# 
  7279     0892                     	;# 
  7280     0893                     	;# 
  7281     0895                     	;# 
  7282     0896                     	;# 
  7283     0897                     	;# 
  7284     0898                     	;# 
  7285     0899                     	;# 
  7286     089A                     	;# 
  7287     089B                     	;# 
  7288     090C                     	;# 
  7289     090E                     	;# 
  7290     090F                     	;# 
  7291     091F                     	;# 
  7292     098F                     	;# 
  7293     098F                     	;# 
  7294     0990                     	;# 
  7295     0991                     	;# 
  7296     0992                     	;# 
  7297     0993                     	;# 
  7298     0994                     	;# 
  7299     0995                     	;# 
  7300     0996                     	;# 
  7301     0997                     	;# 
  7302     0A19                     	;# 
  7303     0A19                     	;# 
  7304     0A1A                     	;# 
  7305     0A1A                     	;# 
  7306     0A1B                     	;# 
  7307     0A1B                     	;# 
  7308     0A1B                     	;# 
  7309     0A1C                     	;# 
  7310     0A1C                     	;# 
  7311     0A1D                     	;# 
  7312     0A1D                     	;# 
  7313     0A1E                     	;# 
  7314     0A1E                     	;# 
  7315     0A1F                     	;# 
  7316     0A1F                     	;# 
  7317     0A1F                     	;# 
  7318     1E0F                     	;# 
  7319     1E10                     	;# 
  7320     1E11                     	;# 
  7321     1E12                     	;# 
  7322     1E13                     	;# 
  7323     1E14                     	;# 
  7324     1E15                     	;# 
  7325     1E16                     	;# 
  7326     1E17                     	;# 
  7327     1E18                     	;# 
  7328     1E19                     	;# 
  7329     1E1A                     	;# 
  7330     1E1B                     	;# 
  7331     1E1C                     	;# 
  7332     1E1D                     	;# 
  7333     1E1E                     	;# 
  7334     1E1F                     	;# 
  7335     1E20                     	;# 
  7336     1E21                     	;# 
  7337     1E22                     	;# 
  7338     1E23                     	;# 
  7339     1E24                     	;# 
  7340     1E25                     	;# 
  7341     1E26                     	;# 
  7342     1E27                     	;# 
  7343     1E28                     	;# 
  7344     1E29                     	;# 
  7345     1E2A                     	;# 
  7346     1E2B                     	;# 
  7347     1E2C                     	;# 
  7348     1E2D                     	;# 
  7349     1E2E                     	;# 
  7350     1E2F                     	;# 
  7351     1E30                     	;# 
  7352     1E31                     	;# 
  7353     1E32                     	;# 
  7354     1E33                     	;# 
  7355     1E34                     	;# 
  7356     1E35                     	;# 
  7357     1E36                     	;# 
  7358     1E37                     	;# 
  7359     1E8F                     	;# 
  7360     1E90                     	;# 
  7361     1E91                     	;# 
  7362     1E92                     	;# 
  7363     1E93                     	;# 
  7364     1E94                     	;# 
  7365     1E95                     	;# 
  7366     1E96                     	;# 
  7367     1E97                     	;# 
  7368     1E9C                     	;# 
  7369     1E9D                     	;# 
  7370     1E9E                     	;# 
  7371     1EA1                     	;# 
  7372     1EA2                     	;# 
  7373     1EA3                     	;# 
  7374     1EA4                     	;# 
  7375     1EA5                     	;# 
  7376     1EA9                     	;# 
  7377     1EAA                     	;# 
  7378     1EAB                     	;# 
  7379     1EAC                     	;# 
  7380     1EB1                     	;# 
  7381     1EB2                     	;# 
  7382     1EB3                     	;# 
  7383     1EB8                     	;# 
  7384     1EB9                     	;# 
  7385     1EBA                     	;# 
  7386     1EBB                     	;# 
  7387     1EBC                     	;# 
  7388     1EBD                     	;# 
  7389     1EBE                     	;# 
  7390     1EC3                     	;# 
  7391     1EC5                     	;# 
  7392     1EC6                     	;# 
  7393     1EC7                     	;# 
  7394     1EC8                     	;# 
  7395     1EC9                     	;# 
  7396     1ECA                     	;# 
  7397     1ECB                     	;# 
  7398     1ECC                     	;# 
  7399     1ECD                     	;# 
  7400     1ECE                     	;# 
  7401     1F10                     	;# 
  7402     1F11                     	;# 
  7403     1F12                     	;# 
  7404     1F13                     	;# 
  7405     1F14                     	;# 
  7406     1F15                     	;# 
  7407     1F16                     	;# 
  7408     1F17                     	;# 
  7409     1F18                     	;# 
  7410     1F19                     	;# 
  7411     1F1A                     	;# 
  7412     1F1B                     	;# 
  7413     1F1C                     	;# 
  7414     1F1D                     	;# 
  7415     1F1E                     	;# 
  7416     1F1F                     	;# 
  7417     1F20                     	;# 
  7418     1F21                     	;# 
  7419     1F22                     	;# 
  7420     1F23                     	;# 
  7421     1F24                     	;# 
  7422     1F25                     	;# 
  7423     1F26                     	;# 
  7424     1F27                     	;# 
  7425     1F38                     	;# 
  7426     1F39                     	;# 
  7427     1F3A                     	;# 
  7428     1F3B                     	;# 
  7429     1F3C                     	;# 
  7430     1F3D                     	;# 
  7431     1F3E                     	;# 
  7432     1F3F                     	;# 
  7433     1F43                     	;# 
  7434     1F44                     	;# 
  7435     1F45                     	;# 
  7436     1F46                     	;# 
  7437     1F47                     	;# 
  7438     1F48                     	;# 
  7439     1F49                     	;# 
  7440     1F4A                     	;# 
  7441     1F4E                     	;# 
  7442     1F4F                     	;# 
  7443     1F50                     	;# 
  7444     1F51                     	;# 
  7445     1F52                     	;# 
  7446     1F53                     	;# 
  7447     1F54                     	;# 
  7448     1F55                     	;# 
  7449     1F65                     	;# 
  7450     1F66                     	;# 
  7451     1F67                     	;# 
  7452     1F68                     	;# 
  7453     1F69                     	;# 
  7454     1F6A                     	;# 
  7455     1F6B                     	;# 
  7456     1FE4                     	;# 
  7457     1FE5                     	;# 
  7458     1FE6                     	;# 
  7459     1FE7                     	;# 
  7460     1FE8                     	;# 
  7461     1FE8                     	;# 
  7462     1FE9                     	;# 
  7463     1FEA                     	;# 
  7464     1FEB                     	;# 
  7465     1FED                     	;# 
  7466     1FEE                     	;# 
  7467     1FEF                     	;# 
  7468     0000                     	;# 
  7469     0001                     	;# 
  7470     0002                     	;# 
  7471     0003                     	;# 
  7472     0004                     	;# 
  7473     0005                     	;# 
  7474     0006                     	;# 
  7475     0007                     	;# 
  7476     0008                     	;# 
  7477     0009                     	;# 
  7478     000A                     	;# 
  7479     000B                     	;# 
  7480     000C                     	;# 
  7481     000D                     	;# 
  7482     000E                     	;# 
  7483     0010                     	;# 
  7484     0012                     	;# 
  7485     0013                     	;# 
  7486     0014                     	;# 
  7487     0016                     	;# 
  7488     0018                     	;# 
  7489     0019                     	;# 
  7490     001A                     	;# 
  7491     001C                     	;# 
  7492     008C                     	;# 
  7493     008C                     	;# 
  7494     008D                     	;# 
  7495     008E                     	;# 
  7496     008E                     	;# 
  7497     008F                     	;# 
  7498     0090                     	;# 
  7499     0090                     	;# 
  7500     0091                     	;# 
  7501     0092                     	;# 
  7502     0092                     	;# 
  7503     0093                     	;# 
  7504     0094                     	;# 
  7505     0094                     	;# 
  7506     0095                     	;# 
  7507     0096                     	;# 
  7508     0096                     	;# 
  7509     0097                     	;# 
  7510     0098                     	;# 
  7511     0099                     	;# 
  7512     009A                     	;# 
  7513     009B                     	;# 
  7514     009B                     	;# 
  7515     009C                     	;# 
  7516     009D                     	;# 
  7517     009D                     	;# 
  7518     009E                     	;# 
  7519     009F                     	;# 
  7520     010C                     	;# 
  7521     010C                     	;# 
  7522     010D                     	;# 
  7523     010E                     	;# 
  7524     010F                     	;# 
  7525     010F                     	;# 
  7526     0110                     	;# 
  7527     0111                     	;# 
  7528     0112                     	;# 
  7529     0113                     	;# 
  7530     0114                     	;# 
  7531     0115                     	;# 
  7532     0116                     	;# 
  7533     0117                     	;# 
  7534     0118                     	;# 
  7535     0119                     	;# 
  7536     0119                     	;# 
  7537     0119                     	;# 
  7538     011A                     	;# 
  7539     011A                     	;# 
  7540     011A                     	;# 
  7541     011B                     	;# 
  7542     011B                     	;# 
  7543     011B                     	;# 
  7544     011B                     	;# 
  7545     011B                     	;# 
  7546     011C                     	;# 
  7547     011C                     	;# 
  7548     011C                     	;# 
  7549     011D                     	;# 
  7550     011D                     	;# 
  7551     011D                     	;# 
  7552     011E                     	;# 
  7553     011E                     	;# 
  7554     011E                     	;# 
  7555     011F                     	;# 
  7556     011F                     	;# 
  7557     011F                     	;# 
  7558     011F                     	;# 
  7559     011F                     	;# 
  7560     018C                     	;# 
  7561     018D                     	;# 
  7562     018E                     	;# 
  7563     018F                     	;# 
  7564     0190                     	;# 
  7565     0191                     	;# 
  7566     0192                     	;# 
  7567     0196                     	;# 
  7568     0197                     	;# 
  7569     0198                     	;# 
  7570     0199                     	;# 
  7571     019A                     	;# 
  7572     019B                     	;# 
  7573     019C                     	;# 
  7574     020C                     	;# 
  7575     020D                     	;# 
  7576     020E                     	;# 
  7577     020E                     	;# 
  7578     020F                     	;# 
  7579     020F                     	;# 
  7580     0210                     	;# 
  7581     0210                     	;# 
  7582     0211                     	;# 
  7583     0211                     	;# 
  7584     0212                     	;# 
  7585     0213                     	;# 
  7586     0214                     	;# 
  7587     0214                     	;# 
  7588     0215                     	;# 
  7589     0215                     	;# 
  7590     0216                     	;# 
  7591     0216                     	;# 
  7592     0217                     	;# 
  7593     0217                     	;# 
  7594     0218                     	;# 
  7595     0219                     	;# 
  7596     021A                     	;# 
  7597     021A                     	;# 
  7598     021B                     	;# 
  7599     021B                     	;# 
  7600     021C                     	;# 
  7601     021C                     	;# 
  7602     021D                     	;# 
  7603     021D                     	;# 
  7604     021E                     	;# 
  7605     021F                     	;# 
  7606     028C                     	;# 
  7607     028C                     	;# 
  7608     028D                     	;# 
  7609     028D                     	;# 
  7610     028E                     	;# 
  7611     028F                     	;# 
  7612     0290                     	;# 
  7613     0291                     	;# 
  7614     0292                     	;# 
  7615     0292                     	;# 
  7616     0293                     	;# 
  7617     0293                     	;# 
  7618     0294                     	;# 
  7619     0295                     	;# 
  7620     0296                     	;# 
  7621     0297                     	;# 
  7622     0298                     	;# 
  7623     0298                     	;# 
  7624     0299                     	;# 
  7625     0299                     	;# 
  7626     029A                     	;# 
  7627     029B                     	;# 
  7628     029C                     	;# 
  7629     029D                     	;# 
  7630     029F                     	;# 
  7631     030C                     	;# 
  7632     030C                     	;# 
  7633     030D                     	;# 
  7634     030E                     	;# 
  7635     030F                     	;# 
  7636     0310                     	;# 
  7637     0310                     	;# 
  7638     0311                     	;# 
  7639     0312                     	;# 
  7640     0313                     	;# 
  7641     0314                     	;# 
  7642     0314                     	;# 
  7643     0315                     	;# 
  7644     0316                     	;# 
  7645     0317                     	;# 
  7646     0318                     	;# 
  7647     0318                     	;# 
  7648     0319                     	;# 
  7649     031A                     	;# 
  7650     031B                     	;# 
  7651     031C                     	;# 
  7652     031C                     	;# 
  7653     031D                     	;# 
  7654     031E                     	;# 
  7655     031F                     	;# 
  7656     038C                     	;# 
  7657     038C                     	;# 
  7658     038D                     	;# 
  7659     038E                     	;# 
  7660     0390                     	;# 
  7661     0390                     	;# 
  7662     0391                     	;# 
  7663     0392                     	;# 
  7664     048C                     	;# 
  7665     048C                     	;# 
  7666     048D                     	;# 
  7667     048E                     	;# 
  7668     048F                     	;# 
  7669     048F                     	;# 
  7670     0490                     	;# 
  7671     0491                     	;# 
  7672     0492                     	;# 
  7673     0492                     	;# 
  7674     0493                     	;# 
  7675     0494                     	;# 
  7676     0495                     	;# 
  7677     0495                     	;# 
  7678     0496                     	;# 
  7679     0497                     	;# 
  7680     0498                     	;# 
  7681     0499                     	;# 
  7682     049A                     	;# 
  7683     049B                     	;# 
  7684     049C                     	;# 
  7685     049D                     	;# 
  7686     050C                     	;# 
  7687     050C                     	;# 
  7688     050D                     	;# 
  7689     050E                     	;# 
  7690     050F                     	;# 
  7691     050F                     	;# 
  7692     0510                     	;# 
  7693     0511                     	;# 
  7694     0512                     	;# 
  7695     0512                     	;# 
  7696     0513                     	;# 
  7697     0514                     	;# 
  7698     0515                     	;# 
  7699     0515                     	;# 
  7700     0516                     	;# 
  7701     0517                     	;# 
  7702     0518                     	;# 
  7703     0519                     	;# 
  7704     051A                     	;# 
  7705     051B                     	;# 
  7706     051C                     	;# 
  7707     051D                     	;# 
  7708     058C                     	;# 
  7709     058C                     	;# 
  7710     058D                     	;# 
  7711     058E                     	;# 
  7712     058F                     	;# 
  7713     058F                     	;# 
  7714     0590                     	;# 
  7715     0591                     	;# 
  7716     0592                     	;# 
  7717     0593                     	;# 
  7718     059C                     	;# 
  7719     059C                     	;# 
  7720     059D                     	;# 
  7721     059D                     	;# 
  7722     059E                     	;# 
  7723     059F                     	;# 
  7724     060C                     	;# 
  7725     060C                     	;# 
  7726     060D                     	;# 
  7727     060D                     	;# 
  7728     060E                     	;# 
  7729     060F                     	;# 
  7730     0610                     	;# 
  7731     0611                     	;# 
  7732     0612                     	;# 
  7733     0613                     	;# 
  7734     0614                     	;# 
  7735     0616                     	;# 
  7736     0616                     	;# 
  7737     0617                     	;# 
  7738     0617                     	;# 
  7739     0618                     	;# 
  7740     0619                     	;# 
  7741     061A                     	;# 
  7742     061B                     	;# 
  7743     061C                     	;# 
  7744     061D                     	;# 
  7745     061E                     	;# 
  7746     068C                     	;# 
  7747     068D                     	;# 
  7748     068E                     	;# 
  7749     068F                     	;# 
  7750     0690                     	;# 
  7751     0691                     	;# 
  7752     0692                     	;# 
  7753     0693                     	;# 
  7754     0694                     	;# 
  7755     070C                     	;# 
  7756     070D                     	;# 
  7757     070E                     	;# 
  7758     070F                     	;# 
  7759     0710                     	;# 
  7760     0711                     	;# 
  7761     0712                     	;# 
  7762     0713                     	;# 
  7763     0714                     	;# 
  7764     0716                     	;# 
  7765     0717                     	;# 
  7766     0718                     	;# 
  7767     0719                     	;# 
  7768     071A                     	;# 
  7769     071B                     	;# 
  7770     071C                     	;# 
  7771     071D                     	;# 
  7772     071E                     	;# 
  7773     0796                     	;# 
  7774     0797                     	;# 
  7775     0798                     	;# 
  7776     0799                     	;# 
  7777     079A                     	;# 
  7778     079B                     	;# 
  7779     079C                     	;# 
  7780     079D                     	;# 
  7781     080C                     	;# 
  7782     080D                     	;# 
  7783     080E                     	;# 
  7784     080F                     	;# 
  7785     0810                     	;# 
  7786     0811                     	;# 
  7787     0813                     	;# 
  7788     0814                     	;# 
  7789     081A                     	;# 
  7790     081A                     	;# 
  7791     081B                     	;# 
  7792     081C                     	;# 
  7793     081C                     	;# 
  7794     081D                     	;# 
  7795     081E                     	;# 
  7796     081F                     	;# 
  7797     088C                     	;# 
  7798     088D                     	;# 
  7799     088E                     	;# 
  7800     088F                     	;# 
  7801     0890                     	;# 
  7802     0891                     	;# 
  7803     0892                     	;# 
  7804     0893                     	;# 
  7805     0895                     	;# 
  7806     0896                     	;# 
  7807     0897                     	;# 
  7808     0898                     	;# 
  7809     0899                     	;# 
  7810     089A                     	;# 
  7811     089B                     	;# 
  7812     090C                     	;# 
  7813     090E                     	;# 
  7814     090F                     	;# 
  7815     091F                     	;# 
  7816     098F                     	;# 
  7817     098F                     	;# 
  7818     0990                     	;# 
  7819     0991                     	;# 
  7820     0992                     	;# 
  7821     0993                     	;# 
  7822     0994                     	;# 
  7823     0995                     	;# 
  7824     0996                     	;# 
  7825     0997                     	;# 
  7826     0A19                     	;# 
  7827     0A19                     	;# 
  7828     0A1A                     	;# 
  7829     0A1A                     	;# 
  7830     0A1B                     	;# 
  7831     0A1B                     	;# 
  7832     0A1B                     	;# 
  7833     0A1C                     	;# 
  7834     0A1C                     	;# 
  7835     0A1D                     	;# 
  7836     0A1D                     	;# 
  7837     0A1E                     	;# 
  7838     0A1E                     	;# 
  7839     0A1F                     	;# 
  7840     0A1F                     	;# 
  7841     0A1F                     	;# 
  7842     1E0F                     	;# 
  7843     1E10                     	;# 
  7844     1E11                     	;# 
  7845     1E12                     	;# 
  7846     1E13                     	;# 
  7847     1E14                     	;# 
  7848     1E15                     	;# 
  7849     1E16                     	;# 
  7850     1E17                     	;# 
  7851     1E18                     	;# 
  7852     1E19                     	;# 
  7853     1E1A                     	;# 
  7854     1E1B                     	;# 
  7855     1E1C                     	;# 
  7856     1E1D                     	;# 
  7857     1E1E                     	;# 
  7858     1E1F                     	;# 
  7859     1E20                     	;# 
  7860     1E21                     	;# 
  7861     1E22                     	;# 
  7862     1E23                     	;# 
  7863     1E24                     	;# 
  7864     1E25                     	;# 
  7865     1E26                     	;# 
  7866     1E27                     	;# 
  7867     1E28                     	;# 
  7868     1E29                     	;# 
  7869     1E2A                     	;# 
  7870     1E2B                     	;# 
  7871     1E2C                     	;# 
  7872     1E2D                     	;# 
  7873     1E2E                     	;# 
  7874     1E2F                     	;# 
  7875     1E30                     	;# 
  7876     1E31                     	;# 
  7877     1E32                     	;# 
  7878     1E33                     	;# 
  7879     1E34                     	;# 
  7880     1E35                     	;# 
  7881     1E36                     	;# 
  7882     1E37                     	;# 
  7883     1E8F                     	;# 
  7884     1E90                     	;# 
  7885     1E91                     	;# 
  7886     1E92                     	;# 
  7887     1E93                     	;# 
  7888     1E94                     	;# 
  7889     1E95                     	;# 
  7890     1E96                     	;# 
  7891     1E97                     	;# 
  7892     1E9C                     	;# 
  7893     1E9D                     	;# 
  7894     1E9E                     	;# 
  7895     1EA1                     	;# 
  7896     1EA2                     	;# 
  7897     1EA3                     	;# 
  7898     1EA4                     	;# 
  7899     1EA5                     	;# 
  7900     1EA9                     	;# 
  7901     1EAA                     	;# 
  7902     1EAB                     	;# 
  7903     1EAC                     	;# 
  7904     1EB1                     	;# 
  7905     1EB2                     	;# 
  7906     1EB3                     	;# 
  7907     1EB8                     	;# 
  7908     1EB9                     	;# 
  7909     1EBA                     	;# 
  7910     1EBB                     	;# 
  7911     1EBC                     	;# 
  7912     1EBD                     	;# 
  7913     1EBE                     	;# 
  7914     1EC3                     	;# 
  7915     1EC5                     	;# 
  7916     1EC6                     	;# 
  7917     1EC7                     	;# 
  7918     1EC8                     	;# 
  7919     1EC9                     	;# 
  7920     1ECA                     	;# 
  7921     1ECB                     	;# 
  7922     1ECC                     	;# 
  7923     1ECD                     	;# 
  7924     1ECE                     	;# 
  7925     1F10                     	;# 
  7926     1F11                     	;# 
  7927     1F12                     	;# 
  7928     1F13                     	;# 
  7929     1F14                     	;# 
  7930     1F15                     	;# 
  7931     1F16                     	;# 
  7932     1F17                     	;# 
  7933     1F18                     	;# 
  7934     1F19                     	;# 
  7935     1F1A                     	;# 
  7936     1F1B                     	;# 
  7937     1F1C                     	;# 
  7938     1F1D                     	;# 
  7939     1F1E                     	;# 
  7940     1F1F                     	;# 
  7941     1F20                     	;# 
  7942     1F21                     	;# 
  7943     1F22                     	;# 
  7944     1F23                     	;# 
  7945     1F24                     	;# 
  7946     1F25                     	;# 
  7947     1F26                     	;# 
  7948     1F27                     	;# 
  7949     1F38                     	;# 
  7950     1F39                     	;# 
  7951     1F3A                     	;# 
  7952     1F3B                     	;# 
  7953     1F3C                     	;# 
  7954     1F3D                     	;# 
  7955     1F3E                     	;# 
  7956     1F3F                     	;# 
  7957     1F43                     	;# 
  7958     1F44                     	;# 
  7959     1F45                     	;# 
  7960     1F46                     	;# 
  7961     1F47                     	;# 
  7962     1F48                     	;# 
  7963     1F49                     	;# 
  7964     1F4A                     	;# 
  7965     1F4E                     	;# 
  7966     1F4F                     	;# 
  7967     1F50                     	;# 
  7968     1F51                     	;# 
  7969     1F52                     	;# 
  7970     1F53                     	;# 
  7971     1F54                     	;# 
  7972     1F55                     	;# 
  7973     1F65                     	;# 
  7974     1F66                     	;# 
  7975     1F67                     	;# 
  7976     1F68                     	;# 
  7977     1F69                     	;# 
  7978     1F6A                     	;# 
  7979     1F6B                     	;# 
  7980     1FE4                     	;# 
  7981     1FE5                     	;# 
  7982     1FE6                     	;# 
  7983     1FE7                     	;# 
  7984     1FE8                     	;# 
  7985     1FE8                     	;# 
  7986     1FE9                     	;# 
  7987     1FEA                     	;# 
  7988     1FEB                     	;# 
  7989     1FED                     	;# 
  7990     1FEE                     	;# 
  7991     1FEF                     	;# 
  7992     0000                     	;# 
  7993     0001                     	;# 
  7994     0002                     	;# 
  7995     0003                     	;# 
  7996     0004                     	;# 
  7997     0005                     	;# 
  7998     0006                     	;# 
  7999     0007                     	;# 
  8000     0008                     	;# 
  8001     0009                     	;# 
  8002     000A                     	;# 
  8003     000B                     	;# 
  8004     000C                     	;# 
  8005     000D                     	;# 
  8006     000E                     	;# 
  8007     0010                     	;# 
  8008     0012                     	;# 
  8009     0013                     	;# 
  8010     0014                     	;# 
  8011     0016                     	;# 
  8012     0018                     	;# 
  8013     0019                     	;# 
  8014     001A                     	;# 
  8015     001C                     	;# 
  8016     008C                     	;# 
  8017     008C                     	;# 
  8018     008D                     	;# 
  8019     008E                     	;# 
  8020     008E                     	;# 
  8021     008F                     	;# 
  8022     0090                     	;# 
  8023     0090                     	;# 
  8024     0091                     	;# 
  8025     0092                     	;# 
  8026     0092                     	;# 
  8027     0093                     	;# 
  8028     0094                     	;# 
  8029     0094                     	;# 
  8030     0095                     	;# 
  8031     0096                     	;# 
  8032     0096                     	;# 
  8033     0097                     	;# 
  8034     0098                     	;# 
  8035     0099                     	;# 
  8036     009A                     	;# 
  8037     009B                     	;# 
  8038     009B                     	;# 
  8039     009C                     	;# 
  8040     009D                     	;# 
  8041     009D                     	;# 
  8042     009E                     	;# 
  8043     009F                     	;# 
  8044     010C                     	;# 
  8045     010C                     	;# 
  8046     010D                     	;# 
  8047     010E                     	;# 
  8048     010F                     	;# 
  8049     010F                     	;# 
  8050     0110                     	;# 
  8051     0111                     	;# 
  8052     0112                     	;# 
  8053     0113                     	;# 
  8054     0114                     	;# 
  8055     0115                     	;# 
  8056     0116                     	;# 
  8057     0117                     	;# 
  8058     0118                     	;# 
  8059     0119                     	;# 
  8060     0119                     	;# 
  8061     0119                     	;# 
  8062     011A                     	;# 
  8063     011A                     	;# 
  8064     011A                     	;# 
  8065     011B                     	;# 
  8066     011B                     	;# 
  8067     011B                     	;# 
  8068     011B                     	;# 
  8069     011B                     	;# 
  8070     011C                     	;# 
  8071     011C                     	;# 
  8072     011C                     	;# 
  8073     011D                     	;# 
  8074     011D                     	;# 
  8075     011D                     	;# 
  8076     011E                     	;# 
  8077     011E                     	;# 
  8078     011E                     	;# 
  8079     011F                     	;# 
  8080     011F                     	;# 
  8081     011F                     	;# 
  8082     011F                     	;# 
  8083     011F                     	;# 
  8084     018C                     	;# 
  8085     018D                     	;# 
  8086     018E                     	;# 
  8087     018F                     	;# 
  8088     0190                     	;# 
  8089     0191                     	;# 
  8090     0192                     	;# 
  8091     0196                     	;# 
  8092     0197                     	;# 
  8093     0198                     	;# 
  8094     0199                     	;# 
  8095     019A                     	;# 
  8096     019B                     	;# 
  8097     019C                     	;# 
  8098     020C                     	;# 
  8099     020D                     	;# 
  8100     020E                     	;# 
  8101     020E                     	;# 
  8102     020F                     	;# 
  8103     020F                     	;# 
  8104     0210                     	;# 
  8105     0210                     	;# 
  8106     0211                     	;# 
  8107     0211                     	;# 
  8108     0212                     	;# 
  8109     0213                     	;# 
  8110     0214                     	;# 
  8111     0214                     	;# 
  8112     0215                     	;# 
  8113     0215                     	;# 
  8114     0216                     	;# 
  8115     0216                     	;# 
  8116     0217                     	;# 
  8117     0217                     	;# 
  8118     0218                     	;# 
  8119     0219                     	;# 
  8120     021A                     	;# 
  8121     021A                     	;# 
  8122     021B                     	;# 
  8123     021B                     	;# 
  8124     021C                     	;# 
  8125     021C                     	;# 
  8126     021D                     	;# 
  8127     021D                     	;# 
  8128     021E                     	;# 
  8129     021F                     	;# 
  8130     028C                     	;# 
  8131     028C                     	;# 
  8132     028D                     	;# 
  8133     028D                     	;# 
  8134     028E                     	;# 
  8135     028F                     	;# 
  8136     0290                     	;# 
  8137     0291                     	;# 
  8138     0292                     	;# 
  8139     0292                     	;# 
  8140     0293                     	;# 
  8141     0293                     	;# 
  8142     0294                     	;# 
  8143     0295                     	;# 
  8144     0296                     	;# 
  8145     0297                     	;# 
  8146     0298                     	;# 
  8147     0298                     	;# 
  8148     0299                     	;# 
  8149     0299                     	;# 
  8150     029A                     	;# 
  8151     029B                     	;# 
  8152     029C                     	;# 
  8153     029D                     	;# 
  8154     029F                     	;# 
  8155     030C                     	;# 
  8156     030C                     	;# 
  8157     030D                     	;# 
  8158     030E                     	;# 
  8159     030F                     	;# 
  8160     0310                     	;# 
  8161     0310                     	;# 
  8162     0311                     	;# 
  8163     0312                     	;# 
  8164     0313                     	;# 
  8165     0314                     	;# 
  8166     0314                     	;# 
  8167     0315                     	;# 
  8168     0316                     	;# 
  8169     0317                     	;# 
  8170     0318                     	;# 
  8171     0318                     	;# 
  8172     0319                     	;# 
  8173     031A                     	;# 
  8174     031B                     	;# 
  8175     031C                     	;# 
  8176     031C                     	;# 
  8177     031D                     	;# 
  8178     031E                     	;# 
  8179     031F                     	;# 
  8180     038C                     	;# 
  8181     038C                     	;# 
  8182     038D                     	;# 
  8183     038E                     	;# 
  8184     0390                     	;# 
  8185     0390                     	;# 
  8186     0391                     	;# 
  8187     0392                     	;# 
  8188     048C                     	;# 
  8189     048C                     	;# 
  8190     048D                     	;# 
  8191     048E                     	;# 
  8192     048F                     	;# 
  8193     048F                     	;# 
  8194     0490                     	;# 
  8195     0491                     	;# 
  8196     0492                     	;# 
  8197     0492                     	;# 
  8198     0493                     	;# 
  8199     0494                     	;# 
  8200     0495                     	;# 
  8201     0495                     	;# 
  8202     0496                     	;# 
  8203     0497                     	;# 
  8204     0498                     	;# 
  8205     0499                     	;# 
  8206     049A                     	;# 
  8207     049B                     	;# 
  8208     049C                     	;# 
  8209     049D                     	;# 
  8210     050C                     	;# 
  8211     050C                     	;# 
  8212     050D                     	;# 
  8213     050E                     	;# 
  8214     050F                     	;# 
  8215     050F                     	;# 
  8216     0510                     	;# 
  8217     0511                     	;# 
  8218     0512                     	;# 
  8219     0512                     	;# 
  8220     0513                     	;# 
  8221     0514                     	;# 
  8222     0515                     	;# 
  8223     0515                     	;# 
  8224     0516                     	;# 
  8225     0517                     	;# 
  8226     0518                     	;# 
  8227     0519                     	;# 
  8228     051A                     	;# 
  8229     051B                     	;# 
  8230     051C                     	;# 
  8231     051D                     	;# 
  8232     058C                     	;# 
  8233     058C                     	;# 
  8234     058D                     	;# 
  8235     058E                     	;# 
  8236     058F                     	;# 
  8237     058F                     	;# 
  8238     0590                     	;# 
  8239     0591                     	;# 
  8240     0592                     	;# 
  8241     0593                     	;# 
  8242     059C                     	;# 
  8243     059C                     	;# 
  8244     059D                     	;# 
  8245     059D                     	;# 
  8246     059E                     	;# 
  8247     059F                     	;# 
  8248     060C                     	;# 
  8249     060C                     	;# 
  8250     060D                     	;# 
  8251     060D                     	;# 
  8252     060E                     	;# 
  8253     060F                     	;# 
  8254     0610                     	;# 
  8255     0611                     	;# 
  8256     0612                     	;# 
  8257     0613                     	;# 
  8258     0614                     	;# 
  8259     0616                     	;# 
  8260     0616                     	;# 
  8261     0617                     	;# 
  8262     0617                     	;# 
  8263     0618                     	;# 
  8264     0619                     	;# 
  8265     061A                     	;# 
  8266     061B                     	;# 
  8267     061C                     	;# 
  8268     061D                     	;# 
  8269     061E                     	;# 
  8270     068C                     	;# 
  8271     068D                     	;# 
  8272     068E                     	;# 
  8273     068F                     	;# 
  8274     0690                     	;# 
  8275     0691                     	;# 
  8276     0692                     	;# 
  8277     0693                     	;# 
  8278     0694                     	;# 
  8279     070C                     	;# 
  8280     070D                     	;# 
  8281     070E                     	;# 
  8282     070F                     	;# 
  8283     0710                     	;# 
  8284     0711                     	;# 
  8285     0712                     	;# 
  8286     0713                     	;# 
  8287     0714                     	;# 
  8288     0716                     	;# 
  8289     0717                     	;# 
  8290     0718                     	;# 
  8291     0719                     	;# 
  8292     071A                     	;# 
  8293     071B                     	;# 
  8294     071C                     	;# 
  8295     071D                     	;# 
  8296     071E                     	;# 
  8297     0796                     	;# 
  8298     0797                     	;# 
  8299     0798                     	;# 
  8300     0799                     	;# 
  8301     079A                     	;# 
  8302     079B                     	;# 
  8303     079C                     	;# 
  8304     079D                     	;# 
  8305     080C                     	;# 
  8306     080D                     	;# 
  8307     080E                     	;# 
  8308     080F                     	;# 
  8309     0810                     	;# 
  8310     0811                     	;# 
  8311     0813                     	;# 
  8312     0814                     	;# 
  8313     081A                     	;# 
  8314     081A                     	;# 
  8315     081B                     	;# 
  8316     081C                     	;# 
  8317     081C                     	;# 
  8318     081D                     	;# 
  8319     081E                     	;# 
  8320     081F                     	;# 
  8321     088C                     	;# 
  8322     088D                     	;# 
  8323     088E                     	;# 
  8324     088F                     	;# 
  8325     0890                     	;# 
  8326     0891                     	;# 
  8327     0892                     	;# 
  8328     0893                     	;# 
  8329     0895                     	;# 
  8330     0896                     	;# 
  8331     0897                     	;# 
  8332     0898                     	;# 
  8333     0899                     	;# 
  8334     089A                     	;# 
  8335     089B                     	;# 
  8336     090C                     	;# 
  8337     090E                     	;# 
  8338     090F                     	;# 
  8339     091F                     	;# 
  8340     098F                     	;# 
  8341     098F                     	;# 
  8342     0990                     	;# 
  8343     0991                     	;# 
  8344     0992                     	;# 
  8345     0993                     	;# 
  8346     0994                     	;# 
  8347     0995                     	;# 
  8348     0996                     	;# 
  8349     0997                     	;# 
  8350     0A19                     	;# 
  8351     0A19                     	;# 
  8352     0A1A                     	;# 
  8353     0A1A                     	;# 
  8354     0A1B                     	;# 
  8355     0A1B                     	;# 
  8356     0A1B                     	;# 
  8357     0A1C                     	;# 
  8358     0A1C                     	;# 
  8359     0A1D                     	;# 
  8360     0A1D                     	;# 
  8361     0A1E                     	;# 
  8362     0A1E                     	;# 
  8363     0A1F                     	;# 
  8364     0A1F                     	;# 
  8365     0A1F                     	;# 
  8366     1E0F                     	;# 
  8367     1E10                     	;# 
  8368     1E11                     	;# 
  8369     1E12                     	;# 
  8370     1E13                     	;# 
  8371     1E14                     	;# 
  8372     1E15                     	;# 
  8373     1E16                     	;# 
  8374     1E17                     	;# 
  8375     1E18                     	;# 
  8376     1E19                     	;# 
  8377     1E1A                     	;# 
  8378     1E1B                     	;# 
  8379     1E1C                     	;# 
  8380     1E1D                     	;# 
  8381     1E1E                     	;# 
  8382     1E1F                     	;# 
  8383     1E20                     	;# 
  8384     1E21                     	;# 
  8385     1E22                     	;# 
  8386     1E23                     	;# 
  8387     1E24                     	;# 
  8388     1E25                     	;# 
  8389     1E26                     	;# 
  8390     1E27                     	;# 
  8391     1E28                     	;# 
  8392     1E29                     	;# 
  8393     1E2A                     	;# 
  8394     1E2B                     	;# 
  8395     1E2C                     	;# 
  8396     1E2D                     	;# 
  8397     1E2E                     	;# 
  8398     1E2F                     	;# 
  8399     1E30                     	;# 
  8400     1E31                     	;# 
  8401     1E32                     	;# 
  8402     1E33                     	;# 
  8403     1E34                     	;# 
  8404     1E35                     	;# 
  8405     1E36                     	;# 
  8406     1E37                     	;# 
  8407     1E8F                     	;# 
  8408     1E90                     	;# 
  8409     1E91                     	;# 
  8410     1E92                     	;# 
  8411     1E93                     	;# 
  8412     1E94                     	;# 
  8413     1E95                     	;# 
  8414     1E96                     	;# 
  8415     1E97                     	;# 
  8416     1E9C                     	;# 
  8417     1E9D                     	;# 
  8418     1E9E                     	;# 
  8419     1EA1                     	;# 
  8420     1EA2                     	;# 
  8421     1EA3                     	;# 
  8422     1EA4                     	;# 
  8423     1EA5                     	;# 
  8424     1EA9                     	;# 
  8425     1EAA                     	;# 
  8426     1EAB                     	;# 
  8427     1EAC                     	;# 
  8428     1EB1                     	;# 
  8429     1EB2                     	;# 
  8430     1EB3                     	;# 
  8431     1EB8                     	;# 
  8432     1EB9                     	;# 
  8433     1EBA                     	;# 
  8434     1EBB                     	;# 
  8435     1EBC                     	;# 
  8436     1EBD                     	;# 
  8437     1EBE                     	;# 
  8438     1EC3                     	;# 
  8439     1EC5                     	;# 
  8440     1EC6                     	;# 
  8441     1EC7                     	;# 
  8442     1EC8                     	;# 
  8443     1EC9                     	;# 
  8444     1ECA                     	;# 
  8445     1ECB                     	;# 
  8446     1ECC                     	;# 
  8447     1ECD                     	;# 
  8448     1ECE                     	;# 
  8449     1F10                     	;# 
  8450     1F11                     	;# 
  8451     1F12                     	;# 
  8452     1F13                     	;# 
  8453     1F14                     	;# 
  8454     1F15                     	;# 
  8455     1F16                     	;# 
  8456     1F17                     	;# 
  8457     1F18                     	;# 
  8458     1F19                     	;# 
  8459     1F1A                     	;# 
  8460     1F1B                     	;# 
  8461     1F1C                     	;# 
  8462     1F1D                     	;# 
  8463     1F1E                     	;# 
  8464     1F1F                     	;# 
  8465     1F20                     	;# 
  8466     1F21                     	;# 
  8467     1F22                     	;# 
  8468     1F23                     	;# 
  8469     1F24                     	;# 
  8470     1F25                     	;# 
  8471     1F26                     	;# 
  8472     1F27                     	;# 
  8473     1F38                     	;# 
  8474     1F39                     	;# 
  8475     1F3A                     	;# 
  8476     1F3B                     	;# 
  8477     1F3C                     	;# 
  8478     1F3D                     	;# 
  8479     1F3E                     	;# 
  8480     1F3F                     	;# 
  8481     1F43                     	;# 
  8482     1F44                     	;# 
  8483     1F45                     	;# 
  8484     1F46                     	;# 
  8485     1F47                     	;# 
  8486     1F48                     	;# 
  8487     1F49                     	;# 
  8488     1F4A                     	;# 
  8489     1F4E                     	;# 
  8490     1F4F                     	;# 
  8491     1F50                     	;# 
  8492     1F51                     	;# 
  8493     1F52                     	;# 
  8494     1F53                     	;# 
  8495     1F54                     	;# 
  8496     1F55                     	;# 
  8497     1F65                     	;# 
  8498     1F66                     	;# 
  8499     1F67                     	;# 
  8500     1F68                     	;# 
  8501     1F69                     	;# 
  8502     1F6A                     	;# 
  8503     1F6B                     	;# 
  8504     1FE4                     	;# 
  8505     1FE5                     	;# 
  8506     1FE6                     	;# 
  8507     1FE7                     	;# 
  8508     1FE8                     	;# 
  8509     1FE8                     	;# 
  8510     1FE9                     	;# 
  8511     1FEA                     	;# 
  8512     1FEB                     	;# 
  8513     1FED                     	;# 
  8514     1FEE                     	;# 
  8515     1FEF                     	;# 
  8516     0000                     	;# 
  8517     0001                     	;# 
  8518     0002                     	;# 
  8519     0003                     	;# 
  8520     0004                     	;# 
  8521     0005                     	;# 
  8522     0006                     	;# 
  8523     0007                     	;# 
  8524     0008                     	;# 
  8525     0009                     	;# 
  8526     000A                     	;# 
  8527     000B                     	;# 
  8528     000C                     	;# 
  8529     000D                     	;# 
  8530     000E                     	;# 
  8531     0010                     	;# 
  8532     0012                     	;# 
  8533     0013                     	;# 
  8534     0014                     	;# 
  8535     0016                     	;# 
  8536     0018                     	;# 
  8537     0019                     	;# 
  8538     001A                     	;# 
  8539     001C                     	;# 
  8540     008C                     	;# 
  8541     008C                     	;# 
  8542     008D                     	;# 
  8543     008E                     	;# 
  8544     008E                     	;# 
  8545     008F                     	;# 
  8546     0090                     	;# 
  8547     0090                     	;# 
  8548     0091                     	;# 
  8549     0092                     	;# 
  8550     0092                     	;# 
  8551     0093                     	;# 
  8552     0094                     	;# 
  8553     0094                     	;# 
  8554     0095                     	;# 
  8555     0096                     	;# 
  8556     0096                     	;# 
  8557     0097                     	;# 
  8558     0098                     	;# 
  8559     0099                     	;# 
  8560     009A                     	;# 
  8561     009B                     	;# 
  8562     009B                     	;# 
  8563     009C                     	;# 
  8564     009D                     	;# 
  8565     009D                     	;# 
  8566     009E                     	;# 
  8567     009F                     	;# 
  8568     010C                     	;# 
  8569     010C                     	;# 
  8570     010D                     	;# 
  8571     010E                     	;# 
  8572     010F                     	;# 
  8573     010F                     	;# 
  8574     0110                     	;# 
  8575     0111                     	;# 
  8576     0112                     	;# 
  8577     0113                     	;# 
  8578     0114                     	;# 
  8579     0115                     	;# 
  8580     0116                     	;# 
  8581     0117                     	;# 
  8582     0118                     	;# 
  8583     0119                     	;# 
  8584     0119                     	;# 
  8585     0119                     	;# 
  8586     011A                     	;# 
  8587     011A                     	;# 
  8588     011A                     	;# 
  8589     011B                     	;# 
  8590     011B                     	;# 
  8591     011B                     	;# 
  8592     011B                     	;# 
  8593     011B                     	;# 
  8594     011C                     	;# 
  8595     011C                     	;# 
  8596     011C                     	;# 
  8597     011D                     	;# 
  8598     011D                     	;# 
  8599     011D                     	;# 
  8600     011E                     	;# 
  8601     011E                     	;# 
  8602     011E                     	;# 
  8603     011F                     	;# 
  8604     011F                     	;# 
  8605     011F                     	;# 
  8606     011F                     	;# 
  8607     011F                     	;# 
  8608     018C                     	;# 
  8609     018D                     	;# 
  8610     018E                     	;# 
  8611     018F                     	;# 
  8612     0190                     	;# 
  8613     0191                     	;# 
  8614     0192                     	;# 
  8615     0196                     	;# 
  8616     0197                     	;# 
  8617     0198                     	;# 
  8618     0199                     	;# 
  8619     019A                     	;# 
  8620     019B                     	;# 
  8621     019C                     	;# 
  8622     020C                     	;# 
  8623     020D                     	;# 
  8624     020E                     	;# 
  8625     020E                     	;# 
  8626     020F                     	;# 
  8627     020F                     	;# 
  8628     0210                     	;# 
  8629     0210                     	;# 
  8630     0211                     	;# 
  8631     0211                     	;# 
  8632     0212                     	;# 
  8633     0213                     	;# 
  8634     0214                     	;# 
  8635     0214                     	;# 
  8636     0215                     	;# 
  8637     0215                     	;# 
  8638     0216                     	;# 
  8639     0216                     	;# 
  8640     0217                     	;# 
  8641     0217                     	;# 
  8642     0218                     	;# 
  8643     0219                     	;# 
  8644     021A                     	;# 
  8645     021A                     	;# 
  8646     021B                     	;# 
  8647     021B                     	;# 
  8648     021C                     	;# 
  8649     021C                     	;# 
  8650     021D                     	;# 
  8651     021D                     	;# 
  8652     021E                     	;# 
  8653     021F                     	;# 
  8654     028C                     	;# 
  8655     028C                     	;# 
  8656     028D                     	;# 
  8657     028D                     	;# 
  8658     028E                     	;# 
  8659     028F                     	;# 
  8660     0290                     	;# 
  8661     0291                     	;# 
  8662     0292                     	;# 
  8663     0292                     	;# 
  8664     0293                     	;# 
  8665     0293                     	;# 
  8666     0294                     	;# 
  8667     0295                     	;# 
  8668     0296                     	;# 
  8669     0297                     	;# 
  8670     0298                     	;# 
  8671     0298                     	;# 
  8672     0299                     	;# 
  8673     0299                     	;# 
  8674     029A                     	;# 
  8675     029B                     	;# 
  8676     029C                     	;# 
  8677     029D                     	;# 
  8678     029F                     	;# 
  8679     030C                     	;# 
  8680     030C                     	;# 
  8681     030D                     	;# 
  8682     030E                     	;# 
  8683     030F                     	;# 
  8684     0310                     	;# 
  8685     0310                     	;# 
  8686     0311                     	;# 
  8687     0312                     	;# 
  8688     0313                     	;# 
  8689     0314                     	;# 
  8690     0314                     	;# 
  8691     0315                     	;# 
  8692     0316                     	;# 
  8693     0317                     	;# 
  8694     0318                     	;# 
  8695     0318                     	;# 
  8696     0319                     	;# 
  8697     031A                     	;# 
  8698     031B                     	;# 
  8699     031C                     	;# 
  8700     031C                     	;# 
  8701     031D                     	;# 
  8702     031E                     	;# 
  8703     031F                     	;# 
  8704     038C                     	;# 
  8705     038C                     	;# 
  8706     038D                     	;# 
  8707     038E                     	;# 
  8708     0390                     	;# 
  8709     0390                     	;# 
  8710     0391                     	;# 
  8711     0392                     	;# 
  8712     048C                     	;# 
  8713     048C                     	;# 
  8714     048D                     	;# 
  8715     048E                     	;# 
  8716     048F                     	;# 
  8717     048F                     	;# 
  8718     0490                     	;# 
  8719     0491                     	;# 
  8720     0492                     	;# 
  8721     0492                     	;# 
  8722     0493                     	;# 
  8723     0494                     	;# 
  8724     0495                     	;# 
  8725     0495                     	;# 
  8726     0496                     	;# 
  8727     0497                     	;# 
  8728     0498                     	;# 
  8729     0499                     	;# 
  8730     049A                     	;# 
  8731     049B                     	;# 
  8732     049C                     	;# 
  8733     049D                     	;# 
  8734     050C                     	;# 
  8735     050C                     	;# 
  8736     050D                     	;# 
  8737     050E                     	;# 
  8738     050F                     	;# 
  8739     050F                     	;# 
  8740     0510                     	;# 
  8741     0511                     	;# 
  8742     0512                     	;# 
  8743     0512                     	;# 
  8744     0513                     	;# 
  8745     0514                     	;# 
  8746     0515                     	;# 
  8747     0515                     	;# 
  8748     0516                     	;# 
  8749     0517                     	;# 
  8750     0518                     	;# 
  8751     0519                     	;# 
  8752     051A                     	;# 
  8753     051B                     	;# 
  8754     051C                     	;# 
  8755     051D                     	;# 
  8756     058C                     	;# 
  8757     058C                     	;# 
  8758     058D                     	;# 
  8759     058E                     	;# 
  8760     058F                     	;# 
  8761     058F                     	;# 
  8762     0590                     	;# 
  8763     0591                     	;# 
  8764     0592                     	;# 
  8765     0593                     	;# 
  8766     059C                     	;# 
  8767     059C                     	;# 
  8768     059D                     	;# 
  8769     059D                     	;# 
  8770     059E                     	;# 
  8771     059F                     	;# 
  8772     060C                     	;# 
  8773     060C                     	;# 
  8774     060D                     	;# 
  8775     060D                     	;# 
  8776     060E                     	;# 
  8777     060F                     	;# 
  8778     0610                     	;# 
  8779     0611                     	;# 
  8780     0612                     	;# 
  8781     0613                     	;# 
  8782     0614                     	;# 
  8783     0616                     	;# 
  8784     0616                     	;# 
  8785     0617                     	;# 
  8786     0617                     	;# 
  8787     0618                     	;# 
  8788     0619                     	;# 
  8789     061A                     	;# 
  8790     061B                     	;# 
  8791     061C                     	;# 
  8792     061D                     	;# 
  8793     061E                     	;# 
  8794     068C                     	;# 
  8795     068D                     	;# 
  8796     068E                     	;# 
  8797     068F                     	;# 
  8798     0690                     	;# 
  8799     0691                     	;# 
  8800     0692                     	;# 
  8801     0693                     	;# 
  8802     0694                     	;# 
  8803     070C                     	;# 
  8804     070D                     	;# 
  8805     070E                     	;# 
  8806     070F                     	;# 
  8807     0710                     	;# 
  8808     0711                     	;# 
  8809     0712                     	;# 
  8810     0713                     	;# 
  8811     0714                     	;# 
  8812     0716                     	;# 
  8813     0717                     	;# 
  8814     0718                     	;# 
  8815     0719                     	;# 
  8816     071A                     	;# 
  8817     071B                     	;# 
  8818     071C                     	;# 
  8819     071D                     	;# 
  8820     071E                     	;# 
  8821     0796                     	;# 
  8822     0797                     	;# 
  8823     0798                     	;# 
  8824     0799                     	;# 
  8825     079A                     	;# 
  8826     079B                     	;# 
  8827     079C                     	;# 
  8828     079D                     	;# 
  8829     080C                     	;# 
  8830     080D                     	;# 
  8831     080E                     	;# 
  8832     080F                     	;# 
  8833     0810                     	;# 
  8834     0811                     	;# 
  8835     0813                     	;# 
  8836     0814                     	;# 
  8837     081A                     	;# 
  8838     081A                     	;# 
  8839     081B                     	;# 
  8840     081C                     	;# 
  8841     081C                     	;# 
  8842     081D                     	;# 
  8843     081E                     	;# 
  8844     081F                     	;# 
  8845     088C                     	;# 
  8846     088D                     	;# 
  8847     088E                     	;# 
  8848     088F                     	;# 
  8849     0890                     	;# 
  8850     0891                     	;# 
  8851     0892                     	;# 
  8852     0893                     	;# 
  8853     0895                     	;# 
  8854     0896                     	;# 
  8855     0897                     	;# 
  8856     0898                     	;# 
  8857     0899                     	;# 
  8858     089A                     	;# 
  8859     089B                     	;# 
  8860     090C                     	;# 
  8861     090E                     	;# 
  8862     090F                     	;# 
  8863     091F                     	;# 
  8864     098F                     	;# 
  8865     098F                     	;# 
  8866     0990                     	;# 
  8867     0991                     	;# 
  8868     0992                     	;# 
  8869     0993                     	;# 
  8870     0994                     	;# 
  8871     0995                     	;# 
  8872     0996                     	;# 
  8873     0997                     	;# 
  8874     0A19                     	;# 
  8875     0A19                     	;# 
  8876     0A1A                     	;# 
  8877     0A1A                     	;# 
  8878     0A1B                     	;# 
  8879     0A1B                     	;# 
  8880     0A1B                     	;# 
  8881     0A1C                     	;# 
  8882     0A1C                     	;# 
  8883     0A1D                     	;# 
  8884     0A1D                     	;# 
  8885     0A1E                     	;# 
  8886     0A1E                     	;# 
  8887     0A1F                     	;# 
  8888     0A1F                     	;# 
  8889     0A1F                     	;# 
  8890     1E0F                     	;# 
  8891     1E10                     	;# 
  8892     1E11                     	;# 
  8893     1E12                     	;# 
  8894     1E13                     	;# 
  8895     1E14                     	;# 
  8896     1E15                     	;# 
  8897     1E16                     	;# 
  8898     1E17                     	;# 
  8899     1E18                     	;# 
  8900     1E19                     	;# 
  8901     1E1A                     	;# 
  8902     1E1B                     	;# 
  8903     1E1C                     	;# 
  8904     1E1D                     	;# 
  8905     1E1E                     	;# 
  8906     1E1F                     	;# 
  8907     1E20                     	;# 
  8908     1E21                     	;# 
  8909     1E22                     	;# 
  8910     1E23                     	;# 
  8911     1E24                     	;# 
  8912     1E25                     	;# 
  8913     1E26                     	;# 
  8914     1E27                     	;# 
  8915     1E28                     	;# 
  8916     1E29                     	;# 
  8917     1E2A                     	;# 
  8918     1E2B                     	;# 
  8919     1E2C                     	;# 
  8920     1E2D                     	;# 
  8921     1E2E                     	;# 
  8922     1E2F                     	;# 
  8923     1E30                     	;# 
  8924     1E31                     	;# 
  8925     1E32                     	;# 
  8926     1E33                     	;# 
  8927     1E34                     	;# 
  8928     1E35                     	;# 
  8929     1E36                     	;# 
  8930     1E37                     	;# 
  8931     1E8F                     	;# 
  8932     1E90                     	;# 
  8933     1E91                     	;# 
  8934     1E92                     	;# 
  8935     1E93                     	;# 
  8936     1E94                     	;# 
  8937     1E95                     	;# 
  8938     1E96                     	;# 
  8939     1E97                     	;# 
  8940     1E9C                     	;# 
  8941     1E9D                     	;# 
  8942     1E9E                     	;# 
  8943     1EA1                     	;# 
  8944     1EA2                     	;# 
  8945     1EA3                     	;# 
  8946     1EA4                     	;# 
  8947     1EA5                     	;# 
  8948     1EA9                     	;# 
  8949     1EAA                     	;# 
  8950     1EAB                     	;# 
  8951     1EAC                     	;# 
  8952     1EB1                     	;# 
  8953     1EB2                     	;# 
  8954     1EB3                     	;# 
  8955     1EB8                     	;# 
  8956     1EB9                     	;# 
  8957     1EBA                     	;# 
  8958     1EBB                     	;# 
  8959     1EBC                     	;# 
  8960     1EBD                     	;# 
  8961     1EBE                     	;# 
  8962     1EC3                     	;# 
  8963     1EC5                     	;# 
  8964     1EC6                     	;# 
  8965     1EC7                     	;# 
  8966     1EC8                     	;# 
  8967     1EC9                     	;# 
  8968     1ECA                     	;# 
  8969     1ECB                     	;# 
  8970     1ECC                     	;# 
  8971     1ECD                     	;# 
  8972     1ECE                     	;# 
  8973     1F10                     	;# 
  8974     1F11                     	;# 
  8975     1F12                     	;# 
  8976     1F13                     	;# 
  8977     1F14                     	;# 
  8978     1F15                     	;# 
  8979     1F16                     	;# 
  8980     1F17                     	;# 
  8981     1F18                     	;# 
  8982     1F19                     	;# 
  8983     1F1A                     	;# 
  8984     1F1B                     	;# 
  8985     1F1C                     	;# 
  8986     1F1D                     	;# 
  8987     1F1E                     	;# 
  8988     1F1F                     	;# 
  8989     1F20                     	;# 
  8990     1F21                     	;# 
  8991     1F22                     	;# 
  8992     1F23                     	;# 
  8993     1F24                     	;# 
  8994     1F25                     	;# 
  8995     1F26                     	;# 
  8996     1F27                     	;# 
  8997     1F38                     	;# 
  8998     1F39                     	;# 
  8999     1F3A                     	;# 
  9000     1F3B                     	;# 
  9001     1F3C                     	;# 
  9002     1F3D                     	;# 
  9003     1F3E                     	;# 
  9004     1F3F                     	;# 
  9005     1F43                     	;# 
  9006     1F44                     	;# 
  9007     1F45                     	;# 
  9008     1F46                     	;# 
  9009     1F47                     	;# 
  9010     1F48                     	;# 
  9011     1F49                     	;# 
  9012     1F4A                     	;# 
  9013     1F4E                     	;# 
  9014     1F4F                     	;# 
  9015     1F50                     	;# 
  9016     1F51                     	;# 
  9017     1F52                     	;# 
  9018     1F53                     	;# 
  9019     1F54                     	;# 
  9020     1F55                     	;# 
  9021     1F65                     	;# 
  9022     1F66                     	;# 
  9023     1F67                     	;# 
  9024     1F68                     	;# 
  9025     1F69                     	;# 
  9026     1F6A                     	;# 
  9027     1F6B                     	;# 
  9028     1FE4                     	;# 
  9029     1FE5                     	;# 
  9030     1FE6                     	;# 
  9031     1FE7                     	;# 
  9032     1FE8                     	;# 
  9033     1FE8                     	;# 
  9034     1FE9                     	;# 
  9035     1FEA                     	;# 
  9036     1FEB                     	;# 
  9037     1FED                     	;# 
  9038     1FEE                     	;# 
  9039     1FEF                     	;# 
  9040     0000                     	;# 
  9041     0001                     	;# 
  9042     0002                     	;# 
  9043     0003                     	;# 
  9044     0004                     	;# 
  9045     0005                     	;# 
  9046     0006                     	;# 
  9047     0007                     	;# 
  9048     0008                     	;# 
  9049     0009                     	;# 
  9050     000A                     	;# 
  9051     000B                     	;# 
  9052     000C                     	;# 
  9053     000D                     	;# 
  9054     000E                     	;# 
  9055     0010                     	;# 
  9056     0012                     	;# 
  9057     0013                     	;# 
  9058     0014                     	;# 
  9059     0016                     	;# 
  9060     0018                     	;# 
  9061     0019                     	;# 
  9062     001A                     	;# 
  9063     001C                     	;# 
  9064     008C                     	;# 
  9065     008C                     	;# 
  9066     008D                     	;# 
  9067     008E                     	;# 
  9068     008E                     	;# 
  9069     008F                     	;# 
  9070     0090                     	;# 
  9071     0090                     	;# 
  9072     0091                     	;# 
  9073     0092                     	;# 
  9074     0092                     	;# 
  9075     0093                     	;# 
  9076     0094                     	;# 
  9077     0094                     	;# 
  9078     0095                     	;# 
  9079     0096                     	;# 
  9080     0096                     	;# 
  9081     0097                     	;# 
  9082     0098                     	;# 
  9083     0099                     	;# 
  9084     009A                     	;# 
  9085     009B                     	;# 
  9086     009B                     	;# 
  9087     009C                     	;# 
  9088     009D                     	;# 
  9089     009D                     	;# 
  9090     009E                     	;# 
  9091     009F                     	;# 
  9092     010C                     	;# 
  9093     010C                     	;# 
  9094     010D                     	;# 
  9095     010E                     	;# 
  9096     010F                     	;# 
  9097     010F                     	;# 
  9098     0110                     	;# 
  9099     0111                     	;# 
  9100     0112                     	;# 
  9101     0113                     	;# 
  9102     0114                     	;# 
  9103     0115                     	;# 
  9104     0116                     	;# 
  9105     0117                     	;# 
  9106     0118                     	;# 
  9107     0119                     	;# 
  9108     0119                     	;# 
  9109     0119                     	;# 
  9110     011A                     	;# 
  9111     011A                     	;# 
  9112     011A                     	;# 
  9113     011B                     	;# 
  9114     011B                     	;# 
  9115     011B                     	;# 
  9116     011B                     	;# 
  9117     011B                     	;# 
  9118     011C                     	;# 
  9119     011C                     	;# 
  9120     011C                     	;# 
  9121     011D                     	;# 
  9122     011D                     	;# 
  9123     011D                     	;# 
  9124     011E                     	;# 
  9125     011E                     	;# 
  9126     011E                     	;# 
  9127     011F                     	;# 
  9128     011F                     	;# 
  9129     011F                     	;# 
  9130     011F                     	;# 
  9131     011F                     	;# 
  9132     018C                     	;# 
  9133     018D                     	;# 
  9134     018E                     	;# 
  9135     018F                     	;# 
  9136     0190                     	;# 
  9137     0191                     	;# 
  9138     0192                     	;# 
  9139     0196                     	;# 
  9140     0197                     	;# 
  9141     0198                     	;# 
  9142     0199                     	;# 
  9143     019A                     	;# 
  9144     019B                     	;# 
  9145     019C                     	;# 
  9146     020C                     	;# 
  9147     020D                     	;# 
  9148     020E                     	;# 
  9149     020E                     	;# 
  9150     020F                     	;# 
  9151     020F                     	;# 
  9152     0210                     	;# 
  9153     0210                     	;# 
  9154     0211                     	;# 
  9155     0211                     	;# 
  9156     0212                     	;# 
  9157     0213                     	;# 
  9158     0214                     	;# 
  9159     0214                     	;# 
  9160     0215                     	;# 
  9161     0215                     	;# 
  9162     0216                     	;# 
  9163     0216                     	;# 
  9164     0217                     	;# 
  9165     0217                     	;# 
  9166     0218                     	;# 
  9167     0219                     	;# 
  9168     021A                     	;# 
  9169     021A                     	;# 
  9170     021B                     	;# 
  9171     021B                     	;# 
  9172     021C                     	;# 
  9173     021C                     	;# 
  9174     021D                     	;# 
  9175     021D                     	;# 
  9176     021E                     	;# 
  9177     021F                     	;# 
  9178     028C                     	;# 
  9179     028C                     	;# 
  9180     028D                     	;# 
  9181     028D                     	;# 
  9182     028E                     	;# 
  9183     028F                     	;# 
  9184     0290                     	;# 
  9185     0291                     	;# 
  9186     0292                     	;# 
  9187     0292                     	;# 
  9188     0293                     	;# 
  9189     0293                     	;# 
  9190     0294                     	;# 
  9191     0295                     	;# 
  9192     0296                     	;# 
  9193     0297                     	;# 
  9194     0298                     	;# 
  9195     0298                     	;# 
  9196     0299                     	;# 
  9197     0299                     	;# 
  9198     029A                     	;# 
  9199     029B                     	;# 
  9200     029C                     	;# 
  9201     029D                     	;# 
  9202     029F                     	;# 
  9203     030C                     	;# 
  9204     030C                     	;# 
  9205     030D                     	;# 
  9206     030E                     	;# 
  9207     030F                     	;# 
  9208     0310                     	;# 
  9209     0310                     	;# 
  9210     0311                     	;# 
  9211     0312                     	;# 
  9212     0313                     	;# 
  9213     0314                     	;# 
  9214     0314                     	;# 
  9215     0315                     	;# 
  9216     0316                     	;# 
  9217     0317                     	;# 
  9218     0318                     	;# 
  9219     0318                     	;# 
  9220     0319                     	;# 
  9221     031A                     	;# 
  9222     031B                     	;# 
  9223     031C                     	;# 
  9224     031C                     	;# 
  9225     031D                     	;# 
  9226     031E                     	;# 
  9227     031F                     	;# 
  9228     038C                     	;# 
  9229     038C                     	;# 
  9230     038D                     	;# 
  9231     038E                     	;# 
  9232     0390                     	;# 
  9233     0390                     	;# 
  9234     0391                     	;# 
  9235     0392                     	;# 
  9236     048C                     	;# 
  9237     048C                     	;# 
  9238     048D                     	;# 
  9239     048E                     	;# 
  9240     048F                     	;# 
  9241     048F                     	;# 
  9242     0490                     	;# 
  9243     0491                     	;# 
  9244     0492                     	;# 
  9245     0492                     	;# 
  9246     0493                     	;# 
  9247     0494                     	;# 
  9248     0495                     	;# 
  9249     0495                     	;# 
  9250     0496                     	;# 
  9251     0497                     	;# 
  9252     0498                     	;# 
  9253     0499                     	;# 
  9254     049A                     	;# 
  9255     049B                     	;# 
  9256     049C                     	;# 
  9257     049D                     	;# 
  9258     050C                     	;# 
  9259     050C                     	;# 
  9260     050D                     	;# 
  9261     050E                     	;# 
  9262     050F                     	;# 
  9263     050F                     	;# 
  9264     0510                     	;# 
  9265     0511                     	;# 
  9266     0512                     	;# 
  9267     0512                     	;# 
  9268     0513                     	;# 
  9269     0514                     	;# 
  9270     0515                     	;# 
  9271     0515                     	;# 
  9272     0516                     	;# 
  9273     0517                     	;# 
  9274     0518                     	;# 
  9275     0519                     	;# 
  9276     051A                     	;# 
  9277     051B                     	;# 
  9278     051C                     	;# 
  9279     051D                     	;# 
  9280     058C                     	;# 
  9281     058C                     	;# 
  9282     058D                     	;# 
  9283     058E                     	;# 
  9284     058F                     	;# 
  9285     058F                     	;# 
  9286     0590                     	;# 
  9287     0591                     	;# 
  9288     0592                     	;# 
  9289     0593                     	;# 
  9290     059C                     	;# 
  9291     059C                     	;# 
  9292     059D                     	;# 
  9293     059D                     	;# 
  9294     059E                     	;# 
  9295     059F                     	;# 
  9296     060C                     	;# 
  9297     060C                     	;# 
  9298     060D                     	;# 
  9299     060D                     	;# 
  9300     060E                     	;# 
  9301     060F                     	;# 
  9302     0610                     	;# 
  9303     0611                     	;# 
  9304     0612                     	;# 
  9305     0613                     	;# 
  9306     0614                     	;# 
  9307     0616                     	;# 
  9308     0616                     	;# 
  9309     0617                     	;# 
  9310     0617                     	;# 
  9311     0618                     	;# 
  9312     0619                     	;# 
  9313     061A                     	;# 
  9314     061B                     	;# 
  9315     061C                     	;# 
  9316     061D                     	;# 
  9317     061E                     	;# 
  9318     068C                     	;# 
  9319     068D                     	;# 
  9320     068E                     	;# 
  9321     068F                     	;# 
  9322     0690                     	;# 
  9323     0691                     	;# 
  9324     0692                     	;# 
  9325     0693                     	;# 
  9326     0694                     	;# 
  9327     070C                     	;# 
  9328     070D                     	;# 
  9329     070E                     	;# 
  9330     070F                     	;# 
  9331     0710                     	;# 
  9332     0711                     	;# 
  9333     0712                     	;# 
  9334     0713                     	;# 
  9335     0714                     	;# 
  9336     0716                     	;# 
  9337     0717                     	;# 
  9338     0718                     	;# 
  9339     0719                     	;# 
  9340     071A                     	;# 
  9341     071B                     	;# 
  9342     071C                     	;# 
  9343     071D                     	;# 
  9344     071E                     	;# 
  9345     0796                     	;# 
  9346     0797                     	;# 
  9347     0798                     	;# 
  9348     0799                     	;# 
  9349     079A                     	;# 
  9350     079B                     	;# 
  9351     079C                     	;# 
  9352     079D                     	;# 
  9353     080C                     	;# 
  9354     080D                     	;# 
  9355     080E                     	;# 
  9356     080F                     	;# 
  9357     0810                     	;# 
  9358     0811                     	;# 
  9359     0813                     	;# 
  9360     0814                     	;# 
  9361     081A                     	;# 
  9362     081A                     	;# 
  9363     081B                     	;# 
  9364     081C                     	;# 
  9365     081C                     	;# 
  9366     081D                     	;# 
  9367     081E                     	;# 
  9368     081F                     	;# 
  9369     088C                     	;# 
  9370     088D                     	;# 
  9371     088E                     	;# 
  9372     088F                     	;# 
  9373     0890                     	;# 
  9374     0891                     	;# 
  9375     0892                     	;# 
  9376     0893                     	;# 
  9377     0895                     	;# 
  9378     0896                     	;# 
  9379     0897                     	;# 
  9380     0898                     	;# 
  9381     0899                     	;# 
  9382     089A                     	;# 
  9383     089B                     	;# 
  9384     090C                     	;# 
  9385     090E                     	;# 
  9386     090F                     	;# 
  9387     091F                     	;# 
  9388     098F                     	;# 
  9389     098F                     	;# 
  9390     0990                     	;# 
  9391     0991                     	;# 
  9392     0992                     	;# 
  9393     0993                     	;# 
  9394     0994                     	;# 
  9395     0995                     	;# 
  9396     0996                     	;# 
  9397     0997                     	;# 
  9398     0A19                     	;# 
  9399     0A19                     	;# 
  9400     0A1A                     	;# 
  9401     0A1A                     	;# 
  9402     0A1B                     	;# 
  9403     0A1B                     	;# 
  9404     0A1B                     	;# 
  9405     0A1C                     	;# 
  9406     0A1C                     	;# 
  9407     0A1D                     	;# 
  9408     0A1D                     	;# 
  9409     0A1E                     	;# 
  9410     0A1E                     	;# 
  9411     0A1F                     	;# 
  9412     0A1F                     	;# 
  9413     0A1F                     	;# 
  9414     1E0F                     	;# 
  9415     1E10                     	;# 
  9416     1E11                     	;# 
  9417     1E12                     	;# 
  9418     1E13                     	;# 
  9419     1E14                     	;# 
  9420     1E15                     	;# 
  9421     1E16                     	;# 
  9422     1E17                     	;# 
  9423     1E18                     	;# 
  9424     1E19                     	;# 
  9425     1E1A                     	;# 
  9426     1E1B                     	;# 
  9427     1E1C                     	;# 
  9428     1E1D                     	;# 
  9429     1E1E                     	;# 
  9430     1E1F                     	;# 
  9431     1E20                     	;# 
  9432     1E21                     	;# 
  9433     1E22                     	;# 
  9434     1E23                     	;# 
  9435     1E24                     	;# 
  9436     1E25                     	;# 
  9437     1E26                     	;# 
  9438     1E27                     	;# 
  9439     1E28                     	;# 
  9440     1E29                     	;# 
  9441     1E2A                     	;# 
  9442     1E2B                     	;# 
  9443     1E2C                     	;# 
  9444     1E2D                     	;# 
  9445     1E2E                     	;# 
  9446     1E2F                     	;# 
  9447     1E30                     	;# 
  9448     1E31                     	;# 
  9449     1E32                     	;# 
  9450     1E33                     	;# 
  9451     1E34                     	;# 
  9452     1E35                     	;# 
  9453     1E36                     	;# 
  9454     1E37                     	;# 
  9455     1E8F                     	;# 
  9456     1E90                     	;# 
  9457     1E91                     	;# 
  9458     1E92                     	;# 
  9459     1E93                     	;# 
  9460     1E94                     	;# 
  9461     1E95                     	;# 
  9462     1E96                     	;# 
  9463     1E97                     	;# 
  9464     1E9C                     	;# 
  9465     1E9D                     	;# 
  9466     1E9E                     	;# 
  9467     1EA1                     	;# 
  9468     1EA2                     	;# 
  9469     1EA3                     	;# 
  9470     1EA4                     	;# 
  9471     1EA5                     	;# 
  9472     1EA9                     	;# 
  9473     1EAA                     	;# 
  9474     1EAB                     	;# 
  9475     1EAC                     	;# 
  9476     1EB1                     	;# 
  9477     1EB2                     	;# 
  9478     1EB3                     	;# 
  9479     1EB8                     	;# 
  9480     1EB9                     	;# 
  9481     1EBA                     	;# 
  9482     1EBB                     	;# 
  9483     1EBC                     	;# 
  9484     1EBD                     	;# 
  9485     1EBE                     	;# 
  9486     1EC3                     	;# 
  9487     1EC5                     	;# 
  9488     1EC6                     	;# 
  9489     1EC7                     	;# 
  9490     1EC8                     	;# 
  9491     1EC9                     	;# 
  9492     1ECA                     	;# 
  9493     1ECB                     	;# 
  9494     1ECC                     	;# 
  9495     1ECD                     	;# 
  9496     1ECE                     	;# 
  9497     1F10                     	;# 
  9498     1F11                     	;# 
  9499     1F12                     	;# 
  9500     1F13                     	;# 
  9501     1F14                     	;# 
  9502     1F15                     	;# 
  9503     1F16                     	;# 
  9504     1F17                     	;# 
  9505     1F18                     	;# 
  9506     1F19                     	;# 
  9507     1F1A                     	;# 
  9508     1F1B                     	;# 
  9509     1F1C                     	;# 
  9510     1F1D                     	;# 
  9511     1F1E                     	;# 
  9512     1F1F                     	;# 
  9513     1F20                     	;# 
  9514     1F21                     	;# 
  9515     1F22                     	;# 
  9516     1F23                     	;# 
  9517     1F24                     	;# 
  9518     1F25                     	;# 
  9519     1F26                     	;# 
  9520     1F27                     	;# 
  9521     1F38                     	;# 
  9522     1F39                     	;# 
  9523     1F3A                     	;# 
  9524     1F3B                     	;# 
  9525     1F3C                     	;# 
  9526     1F3D                     	;# 
  9527     1F3E                     	;# 
  9528     1F3F                     	;# 
  9529     1F43                     	;# 
  9530     1F44                     	;# 
  9531     1F45                     	;# 
  9532     1F46                     	;# 
  9533     1F47                     	;# 
  9534     1F48                     	;# 
  9535     1F49                     	;# 
  9536     1F4A                     	;# 
  9537     1F4E                     	;# 
  9538     1F4F                     	;# 
  9539     1F50                     	;# 
  9540     1F51                     	;# 
  9541     1F52                     	;# 
  9542     1F53                     	;# 
  9543     1F54                     	;# 
  9544     1F55                     	;# 
  9545     1F65                     	;# 
  9546     1F66                     	;# 
  9547     1F67                     	;# 
  9548     1F68                     	;# 
  9549     1F69                     	;# 
  9550     1F6A                     	;# 
  9551     1F6B                     	;# 
  9552     1FE4                     	;# 
  9553     1FE5                     	;# 
  9554     1FE6                     	;# 
  9555     1FE7                     	;# 
  9556     1FE8                     	;# 
  9557     1FE8                     	;# 
  9558     1FE9                     	;# 
  9559     1FEA                     	;# 
  9560     1FEB                     	;# 
  9561     1FED                     	;# 
  9562     1FEE                     	;# 
  9563     1FEF                     	;# 
  9564                           
  9565 ;; Function _do_I2C_RESET is unused but had its address taken
  9566     0000                     
  9567 ;; Function _do_I2C_IDLE is unused but had its address taken
  9568     0000                     
  9569 ;; Function _do_I2C_SEND_RESTART_READ is unused but had its address taken
  9570     0000                     
  9571 ;; Function _do_I2C_SEND_RESTART_WRITE is unused but had its address taken
  9572     0000                     
  9573 ;; Function _do_I2C_SEND_RESTART is unused but had its address taken
  9574     0000                     
  9575 ;; Function _do_I2C_SEND_STOP is unused but had its address taken
  9576     0000                     
  9577 ;; Function _do_I2C_SEND_ADR_READ is unused but had its address taken
  9578     0000                     
  9579 ;; Function _do_I2C_SEND_ADR_WRITE is unused but had its address taken
  9580     0000                     
  9581 ;; Function _do_I2C_RCEN is unused but had its address taken
  9582     0000                     
  9583 ;; Function _do_I2C_DO_ACK is unused but had its address taken
  9584     0000                     
  9585 ;; Function _do_I2C_DO_NACK_STOP is unused but had its address taken
  9586     0000                     
  9587 ;; Function _do_I2C_DO_NACK_RESTART is unused but had its address taken
  9588     0000                     
  9589 ;; Function _do_I2C_DO_ADDRESS_NACK is unused but had its address taken
  9590     0000                     
  9591 ;; Function _do_I2C_TX is unused but had its address taken
  9592     0000                     
  9593 ;; Function _do_I2C_RX is unused but had its address taken
  9594     0000                     
  9595 ;; Function _do_I2C_TX_EMPTY is unused but had its address taken
  9596     0000                     
  9597 ;; Function _i2c_ISR is unused but had its address taken
  9598     0000                     
  9599 ;; Function _i2c_busCollisionISR is unused but had its address taken
  9600     0000                     
  9601 ;; Function _returnStop is unused but had its address taken
  9602     0000                     
  9603 ;; Function _returnReset is unused but had its address taken
  9604     0000                     
  9605 ;; Function _wr1RegCompleteHandler is unused but had its address taken
  9606     0000                     
  9607 ;; Function _rd1RegCompleteHandler is unused but had its address taken
  9608     0000                     
  9609 ;; Function _rd2RegCompleteHandler is unused but had its address taken
  9610     0000                     
  9611 ;; Function _wr2RegCompleteHandler is unused but had its address taken
  9612     0000                     
  9613 ;; Function _rdBlkRegCompleteHandler is unused but had its address taken
  9614     0000                     
  9615 ;; Function _rd1RegCompleteHandler@i2c1_master_example$F1232 is unused but had its address taken
  9616     0000                     
  9617 ;; Function _rd2RegCompleteHandler@i2c1_master_example$F1243 is unused but had its address taken
  9618     0000                     
  9619 ;; Function _wr1RegCompleteHandler@i2c1_master_example$F1249 is unused but had its address taken
  9620     0000                     
  9621 ;; Function _wr2RegCompleteHandler@i2c1_master_example$F1255 is unused but had its address taken
  9622     0000                     
  9623 ;; Function _rdBlkRegCompleteHandler@i2c1_master_example$F1266 is unused but had its address taken
  9624     0000                     
  9625 ;; Function _RN487X_Write is unused but had its address taken
  9626     0000                     
  9627 ;; Function _RN487X_is_tx_done is unused but had its address taken
  9628     0000                     
  9629 ;; Function _RN487X_MessageHandler is unused but had its address taken
  9630     0000                     
  9631 ;; Function _EUSART2_is_tx_ready is unused but had its address taken
  9632     0000                     
  9633 ;; Function _EUSART2_is_tx_done is unused but had its address taken
  9634     0000                     
  9635 ;; Function _EUSART2_Write is unused but had its address taken
  9636     0000                     
  9637 ;; Function _EUSART1_is_tx_ready is unused but had its address taken
  9638     0000                     
  9639 ;; Function _EUSART1_is_tx_done is unused but had its address taken
  9640     0000                     
  9641 ;; Function _EUSART1_Write is unused but had its address taken
  9642     0000                     
  9643 ;; Function _I2C1_DO_IDLE is unused but had its address taken
  9644     0000                     
  9645 ;; Function _I2C1_DO_SEND_ADR_READ is unused but had its address taken
  9646     0000                     
  9647 ;; Function _I2C1_DO_SEND_ADR_WRITE is unused but had its address taken
  9648     0000                     
  9649 ;; Function _I2C1_DO_TX is unused but had its address taken
  9650     0000                     
  9651 ;; Function _I2C1_DO_RX is unused but had its address taken
  9652     0000                     
  9653 ;; Function _I2C1_DO_RCEN is unused but had its address taken
  9654     0000                     
  9655 ;; Function _I2C1_DO_TX_EMPTY is unused but had its address taken
  9656     0000                     
  9657 ;; Function _I2C1_DO_SEND_RESTART_READ is unused but had its address taken
  9658     0000                     
  9659 ;; Function _I2C1_DO_SEND_RESTART_WRITE is unused but had its address taken
  9660     0000                     
  9661 ;; Function _I2C1_DO_SEND_RESTART is unused but had its address taken
  9662     0000                     
  9663 ;; Function _I2C1_DO_SEND_STOP is unused but had its address taken
  9664     0000                     
  9665 ;; Function _I2C1_DO_RX_ACK is unused but had its address taken
  9666     0000                     
  9667 ;; Function _I2C1_DO_RX_NACK_STOP is unused but had its address taken
  9668     0000                     
  9669 ;; Function _I2C1_DO_RX_NACK_RESTART is unused but had its address taken
  9670     0000                     
  9671 ;; Function _I2C1_DO_RESET is unused but had its address taken
  9672     0000                     
  9673 ;; Function _I2C1_DO_ADDRESS_NACK is unused but had its address taken
  9674     0000                     
  9675 ;; Function _I2C1_CallbackReturnStop is unused but had its address taken
  9676     0000                     
  9677 ;; Function _I2C1_CallbackReturnReset is unused but had its address taken
  9678     0000                     
  9679                           	psect	idataBANK0
  9680     05CB                     __pidataBANK0:
  9681                           
  9682                           ;initializer for RN487X_GetInputsValues@F12930
  9683     05CB  3430               	retlw	48
  9684     05CC  3430               	retlw	48
  9685                           
  9686                           	psect	idataBANK2
  9687     048B                     __pidataBANK2:
  9688                           
  9689                           ;initializer for __hex
  9690     048B  3430               	retlw	48
  9691     048C  3431               	retlw	49
  9692     048D  3432               	retlw	50
  9693     048E  3433               	retlw	51
  9694     048F  3434               	retlw	52
  9695     0490  3435               	retlw	53
  9696     0491  3436               	retlw	54
  9697     0492  3437               	retlw	55
  9698     0493  3438               	retlw	56
  9699     0494  3439               	retlw	57
  9700     0495  3441               	retlw	65
  9701     0496  3442               	retlw	66
  9702     0497  3443               	retlw	67
  9703     0498  3444               	retlw	68
  9704     0499  3445               	retlw	69
  9705     049A  3446               	retlw	70
  9706     049B  3400               	retlw	0
  9707                           
  9708                           	psect	stringtext1
  9709     0293                     __pstringtext1:
  9710     0293                     _uart:
  9711     0293  34BB               	retlw	low _EUSART1_Read
  9712     0294  3402               	retlw	high _EUSART1_Read
  9713     0295  3400               	retlw	0
  9714     0296  3400               	retlw	0
  9715     0297  3400               	retlw	0
  9716     0298  3400               	retlw	0
  9717     0299  342E               	retlw	low _EUSART1_is_rx_ready
  9718     029A  3405               	retlw	high _EUSART1_is_rx_ready
  9719     029B  3487               	retlw	low _EUSART1_SetTxInterruptHandler
  9720     029C  3405               	retlw	high _EUSART1_SetTxInterruptHandler
  9721     029D  345C               	retlw	low _EUSART1_Receive_ISR
  9722     029E  3402               	retlw	high _EUSART1_Receive_ISR
  9723     029F  348D               	retlw	low _EUSART1_SetRxInterruptHandler
  9724     02A0  3405               	retlw	high _EUSART1_SetRxInterruptHandler
  9725     02A1  3400               	retlw	0
  9726     02A2  3400               	retlw	0
  9727     02A3  3407               	retlw	low _EUSART1_Transmit_ISR
  9728     02A4  3403               	retlw	high _EUSART1_Transmit_ISR
  9729     02A5  34E5               	retlw	low _EUSART1_Initialize
  9730     02A6  3401               	retlw	high _EUSART1_Initialize
  9731     02A7  34E1               	retlw	low _EUSART2_Read
  9732     02A8  3402               	retlw	high _EUSART2_Read
  9733     02A9  3400               	retlw	0
  9734     02AA  3400               	retlw	0
  9735     02AB  3400               	retlw	0
  9736     02AC  3400               	retlw	0
  9737     02AD  3437               	retlw	low _EUSART2_is_rx_ready
  9738     02AE  3405               	retlw	high _EUSART2_is_rx_ready
  9739     02AF  3469               	retlw	low _EUSART2_SetTxInterruptHandler
  9740     02B0  3405               	retlw	high _EUSART2_SetTxInterruptHandler
  9741     02B1  3423               	retlw	low _EUSART2_Receive_ISR
  9742     02B2  3402               	retlw	high _EUSART2_Receive_ISR
  9743     02B3  346F               	retlw	low _EUSART2_SetRxInterruptHandler
  9744     02B4  3405               	retlw	high _EUSART2_SetRxInterruptHandler
  9745     02B5  3400               	retlw	0
  9746     02B6  3400               	retlw	0
  9747     02B7  3429               	retlw	low _EUSART2_Transmit_ISR
  9748     02B8  3403               	retlw	high _EUSART2_Transmit_ISR
  9749     02B9  34A7               	retlw	low _EUSART2_Initialize
  9750     02BA  3401               	retlw	high _EUSART2_Initialize
  9751     02BB                     __end_of_uart:
  9752                           
  9753                           	psect	stringtext2
  9754     034B                     __pstringtext2:
  9755     034B                     _i2c1_fsmStateTable:
  9756     034B  3400               	retlw	0
  9757     034C  3400               	retlw	0
  9758     034D  3400               	retlw	0
  9759     034E  3400               	retlw	0
  9760     034F  3400               	retlw	0
  9761     0350  3400               	retlw	0
  9762     0351  3400               	retlw	0
  9763     0352  3400               	retlw	0
  9764     0353  3400               	retlw	0
  9765     0354  3400               	retlw	0
  9766     0355  3400               	retlw	0
  9767     0356  3400               	retlw	0
  9768     0357  3400               	retlw	0
  9769     0358  3400               	retlw	0
  9770     0359  3400               	retlw	0
  9771     035A  3400               	retlw	0
  9772     035B  3400               	retlw	0
  9773     035C  3400               	retlw	0
  9774     035D  3400               	retlw	0
  9775     035E  3400               	retlw	0
  9776     035F  3400               	retlw	0
  9777     0360  3400               	retlw	0
  9778     0361  3400               	retlw	0
  9779     0362  3400               	retlw	0
  9780     0363  3400               	retlw	0
  9781     0364  3400               	retlw	0
  9782     0365  3400               	retlw	0
  9783     0366  3400               	retlw	0
  9784     0367  3400               	retlw	0
  9785     0368  3400               	retlw	0
  9786     0369  3400               	retlw	0
  9787     036A  3400               	retlw	0
  9788     036B                     __end_of_i2c1_fsmStateTable:
  9789                           
  9790                           	psect	stringtext3
  9791     036B                     __pstringtext3:
  9792     036B                     _fsmStateTable:
  9793     036B  3400               	retlw	0
  9794     036C  3400               	retlw	0
  9795     036D  3400               	retlw	0
  9796     036E  3400               	retlw	0
  9797     036F  3400               	retlw	0
  9798     0370  3400               	retlw	0
  9799     0371  3400               	retlw	0
  9800     0372  3400               	retlw	0
  9801     0373  3400               	retlw	0
  9802     0374  3400               	retlw	0
  9803     0375  3400               	retlw	0
  9804     0376  3400               	retlw	0
  9805     0377  3400               	retlw	0
  9806     0378  3400               	retlw	0
  9807     0379  3400               	retlw	0
  9808     037A  3400               	retlw	0
  9809     037B  3400               	retlw	0
  9810     037C  3400               	retlw	0
  9811     037D  3400               	retlw	0
  9812     037E  3400               	retlw	0
  9813     037F  3400               	retlw	0
  9814     0380  3400               	retlw	0
  9815     0381  3400               	retlw	0
  9816     0382  3400               	retlw	0
  9817     0383  3400               	retlw	0
  9818     0384  3400               	retlw	0
  9819     0385  3400               	retlw	0
  9820     0386  3400               	retlw	0
  9821     0387  3400               	retlw	0
  9822     0388  3400               	retlw	0
  9823     0389  3400               	retlw	0
  9824     038A  3400               	retlw	0
  9825     038B                     __end_of_fsmStateTable:
  9826                           
  9827                           	psect	stringtext4
  9828     0479                     __pstringtext4:
  9829     0479                     _RN487X:
  9830     0479  3400               	retlw	0
  9831     047A  3400               	retlw	0
  9832     047B  341B               	retlw	low _RN487X_Read@rn487x_interface$F1380
  9833     047C  3405               	retlw	high _RN487X_Read@rn487x_interface$F1380
  9834     047D  3400               	retlw	0
  9835     047E  3400               	retlw	0
  9836     047F  3411               	retlw	low _RN487X_is_rx_ready
  9837     0480  3405               	retlw	high _RN487X_is_rx_ready
  9838     0481  34F2               	retlw	low _RN487X_IndicateRx
  9839     0482  3404               	retlw	high _RN487X_IndicateRx
  9840     0483  34E7               	retlw	low _RN487X_Reset
  9841     0484  3404               	retlw	high _RN487X_Reset
  9842     0485  34C5               	retlw	low _RN487X_SetSystemMode
  9843     0486  3404               	retlw	high _RN487X_SetSystemMode
  9844     0487  3449               	retlw	low _RN487X_Delay
  9845     0488  3405               	retlw	high _RN487X_Delay
  9846     0489  3400               	retlw	0
  9847     048A  3400               	retlw	0
  9848     048B                     __end_of_RN487X:
  9849                           
  9850                           	psect	stringtext5
  9851     05B4                     __pstringtext5:
  9852     05B4                     _spi2_configuration:
  9853     05B4  3422               	retlw	34
  9854     05B5  3440               	retlw	64
  9855     05B6  3401               	retlw	1
  9856     05B7  3400               	retlw	0
  9857     05B8                     __end_of_spi2_configuration:
  9858                           
  9859                           	psect	stringtext6
  9860     05CD                     __pstringtext6:
  9861     05CD                     _rn487x_driver_version:
  9862     05CD  3451               	retlw	low (STR_1| (0+32768))
  9863     05CE  3485               	retlw	high (STR_1| (0+32768))
  9864     05CF                     __end_of_rn487x_driver_version:
  9865                           
  9866                           	psect	stringtext7
  9867     05CF                     __pstringtext7:
  9868     05CF                     _protocol_version_number:
  9869     05CF  3451               	retlw	low (STR_1| (0+32768))
  9870     05D0  3485               	retlw	high (STR_1| (0+32768))
  9871     05D1                     __end_of_protocol_version_number:
  9872                           
  9873                           	psect	stringtext8
  9874     04D1                     __pstringtext8:
  9875     04D1                     RN487X_RebootCmd@reboot:
  9876     04D1  3452               	retlw	82
  9877     04D2  3465               	retlw	101
  9878     04D3  3462               	retlw	98
  9879     04D4  346F               	retlw	111
  9880     04D5  346F               	retlw	111
  9881     04D6  3474               	retlw	116
  9882     04D7  3469               	retlw	105
  9883     04D8  346E               	retlw	110
  9884     04D9  3467               	retlw	103
  9885     04DA  340D               	retlw	13
  9886     04DB  340A               	retlw	10
  9887     04DC                     __end_ofRN487X_RebootCmd@reboot:
  9888                           
  9889                           	psect	stringtext9
  9890     05A5                     __pstringtext9:
  9891     05A5                     RN487X_EnterDataMode@cmdPrompt:
  9892     05A5  3445               	retlw	69
  9893     05A6  344E               	retlw	78
  9894     05A7  3444               	retlw	68
  9895     05A8  340D               	retlw	13
  9896     05A9  340A               	retlw	10
  9897     05AA                     __end_ofRN487X_EnterDataMode@cmdPrompt:
  9898                           
  9899                           	psect	stringtext10
  9900     05AA                     __pstringtext10:
  9901     05AA                     RN487X_EnterCmdMode@cmdPrompt:
  9902     05AA  3443               	retlw	67
  9903     05AB  344D               	retlw	77
  9904     05AC  3444               	retlw	68
  9905     05AD  343E               	retlw	62
  9906     05AE  3420               	retlw	32
  9907     05AF                     __end_ofRN487X_EnterCmdMode@cmdPrompt:
  9908                           
  9909                           	psect	nvBANK0
  9910     006A                     __pnvBANK0:
  9911     006A                     _IOCAF6_InterruptHandler:
  9912     006A                     	ds	2
  9913     006C                     _EUSART2_TxDefaultInterruptHandler:
  9914     006C                     	ds	2
  9915                           
  9916                           	psect	nvBANK1
  9917     00EC                     __pnvBANK1:
  9918     00EC                     _EUSART2_FramingErrorHandler:
  9919     00EC                     	ds	2
  9920     00EE                     _EUSART2_RxDefaultInterruptHandler:
  9921     00EE                     	ds	2
  9922                           
  9923                           	psect	nvBANK2
  9924     0131                     __pnvBANK2:
  9925     0131                     _EUSART1_ErrorHandler:
  9926     0131                     	ds	2
  9927     0133                     _EUSART1_OverrunErrorHandler:
  9928     0133                     	ds	2
  9929     0135                     _EUSART1_FramingErrorHandler:
  9930     0135                     	ds	2
  9931     0137                     _EUSART1_RxDefaultInterruptHandler:
  9932     0137                     	ds	2
  9933     0139                     _EUSART1_TxDefaultInterruptHandler:
  9934     0139                     	ds	2
  9935     013B                     _EUSART2_ErrorHandler:
  9936     013B                     	ds	2
  9937     013D                     _EUSART2_OverrunErrorHandler:
  9938     013D                     	ds	2
  9939     0014                     _TRISCbits	set	20
  9940     0014                     _TRISC	set	20
  9941     0013                     _TRISB	set	19
  9942     0012                     _TRISA	set	18
  9943     0016                     _TRISE	set	22
  9944     001A                     _LATC	set	26
  9945     0019                     _LATB	set	25
  9946     0018                     _LATA	set	24
  9947     001C                     _LATE	set	28
  9948     0012                     _TRISAbits	set	18
  9949     001A                     _LATCbits	set	26
  9950     000B                     _INTCONbits	set	11
  9951     0018                     _LATAbits	set	24
  9952     000C                     _PORTAbits	set	12
  9953     0119                     _RC1REG	set	281
  9954     011D                     _RC1STAbits	set	285
  9955     011A                     _TX1REG	set	282
  9956     011E                     _TX1STAbits	set	286
  9957     011C                     _SP1BRGH	set	284
  9958     011B                     _SP1BRGL	set	283
  9959     011E                     _TX1STA	set	286
  9960     011D                     _RC1STA	set	285
  9961     011F                     _BAUD1CON	set	287
  9962     0196                     _SSP2BUF	set	406
  9963     019B                     _SSP2CON2	set	411
  9964     019A                     _SSP2CON1bits	set	410
  9965     0197                     _SSP2ADD	set	407
  9966     019A                     _SSP2CON1	set	410
  9967     0199                     _SSP2STAT	set	409
  9968     018F                     _SSP1STATbits	set	399
  9969     018E                     _SSP1MSK	set	398
  9970     018C                     _SSP1BUF	set	396
  9971     0191                     _SSP1CON2bits	set	401
  9972     018D                     _SSP1ADD	set	397
  9973     0191                     _SSP1CON2	set	401
  9974     0190                     _SSP1CON1	set	400
  9975     018F                     _SSP1STAT	set	399
  9976     0190                     _SSP1CON1bits	set	400
  9977     059E                     _T0CON0bits	set	1438
  9978     059E                     _T0CON0	set	1438
  9979     059C                     _TMR0L	set	1436
  9980     059D                     _TMR0H	set	1437
  9981     059F                     _T0CON1	set	1439
  9982     070F                     _PIR3bits	set	1807
  9983     070C                     _PIR0bits	set	1804
  9984     0716                     _PIE0bits	set	1814
  9985     0719                     _PIE3bits	set	1817
  9986     079D                     _PMD7	set	1949
  9987     079C                     _PMD6	set	1948
  9988     079B                     _PMD5	set	1947
  9989     079A                     _PMD4	set	1946
  9990     0799                     _PMD3	set	1945
  9991     0798                     _PMD2	set	1944
  9992     0797                     _PMD1	set	1943
  9993     0796                     _PMD0	set	1942
  9994     0892                     _OSCTUNE	set	2194
  9995     0890                     _OSCSTAT	set	2192
  9996     0893                     _OSCFRQ	set	2195
  9997     0891                     _OSCEN	set	2193
  9998     088F                     _OSCCON3	set	2191
  9999     088D                     _OSCCON1	set	2189
 10000     0A19                     _RC2REG	set	2585
 10001     0A1D                     _RC2STAbits	set	2589
 10002     0A1A                     _TX2REG	set	2586
 10003     0A1E                     _TX2STAbits	set	2590
 10004     0A1C                     _SP2BRGH	set	2588
 10005     0A1B                     _SP2BRGL	set	2587
 10006     0A1E                     _TX2STA	set	2590
 10007     0A1D                     _RC2STA	set	2589
 10008     0A1F                     _BAUD2CON	set	2591
 10009     1EC8                     _SSP2CLKPPS	set	7880
 10010     1ECB                     _RX1DTPPS	set	7883
 10011     1EC6                     _SSP1DATPPS	set	7878
 10012     1ECD                     _RX2DTPPS	set	7885
 10013     1EC9                     _SSP2DATPPS	set	7881
 10014     1EC5                     _SSP1CLKPPS	set	7877
 10015     1F22                     _RC2PPS	set	7970
 10016     1F1C                     _RB4PPS	set	7964
 10017     1F24                     _RC4PPS	set	7972
 10018     1F21                     _RC1PPS	set	7969
 10019     1F1A                     _RB2PPS	set	7962
 10020     1F19                     _RB1PPS	set	7961
 10021     1F3D                     _IOCAPbits	set	7997
 10022     1F3E                     _IOCANbits	set	7998
 10023     1F3F                     _IOCAFbits	set	7999
 10024     1F52                     _INLVLC	set	8018
 10025     1F47                     _INLVLB	set	8007
 10026     1F3C                     _INLVLA	set	7996
 10027     1F51                     _SLRCONC	set	8017
 10028     1F46                     _SLRCONB	set	8006
 10029     1F3B                     _SLRCONA	set	7995
 10030     1F50                     _ODCONC	set	8016
 10031     1F45                     _ODCONB	set	8005
 10032     1F3A                     _ODCONA	set	7994
 10033     1F66                     _ODCONE	set	8038
 10034     1F4F                     _WPUC	set	8015
 10035     1F39                     _WPUA	set	7993
 10036     1F44                     _WPUB	set	8004
 10037     1F65                     _WPUE	set	8037
 10038     1F38                     _ANSELA	set	7992
 10039     1F43                     _ANSELB	set	8003
 10040     1F4E                     _ANSELC	set	8014
 10041                           
 10042                           	psect	stringtext11
 10043     04B9                     __pstringtext11:
 10044     04B9                     STR_4:
 10045     04B9  3453               	retlw	83	;'S'
 10046     04BA  3454               	retlw	84	;'T'
 10047     04BB  3452               	retlw	82	;'R'
 10048     04BC  3445               	retlw	69	;'E'
 10049     04BD  3441               	retlw	65	;'A'
 10050     04BE  344D               	retlw	77	;'M'
 10051     04BF  345F               	retlw	95	;'_'
 10052     04C0  344F               	retlw	79	;'O'
 10053     04C1  3450               	retlw	80	;'P'
 10054     04C2  3445               	retlw	69	;'E'
 10055     04C3  344E               	retlw	78	;'N'
 10056     04C4  3400               	retlw	0
 10057                           
 10058                           	psect	stringtext12
 10059     04DC                     __pstringtext12:
 10060     04DC                     STR_2:
 10061     04DC  3444               	retlw	68	;'D'
 10062     04DD  3449               	retlw	73	;'I'
 10063     04DE  3453               	retlw	83	;'S'
 10064     04DF  3443               	retlw	67	;'C'
 10065     04E0  344F               	retlw	79	;'O'
 10066     04E1  344E               	retlw	78	;'N'
 10067     04E2  344E               	retlw	78	;'N'
 10068     04E3  3445               	retlw	69	;'E'
 10069     04E4  3443               	retlw	67	;'C'
 10070     04E5  3454               	retlw	84	;'T'
 10071     04E6  3400               	retlw	0
 10072                           
 10073                           	psect	stringtext13
 10074     0551                     __pstringtext13:
 10075     0551                     STR_1:
 10076     0551  3431               	retlw	49	;'1'
 10077     0552  342E               	retlw	46	;'.'
 10078     0553  3431               	retlw	49	;'1'
 10079     0554  342E               	retlw	46	;'.'
 10080     0555  3430               	retlw	48	;'0'
 10081     0556  3400               	retlw	0
 10082                           
 10083                           	psect	stringtext14
 10084     0000                     __pstringtext14:
 10085     0551                     
 10086                           	psect	cinit
 10087     0057                     start_initialization:	
 10088                           ; #config settings
 10089                           
 10090     0057                     __initialization:
 10091                           
 10092                           ; Initialize objects allocated to BANK0
 10093     0057  3185  25CB  3180   	fcall	__pidataBANK0	;fetch initializer
 10094     005A  00EE               	movwf	__pdataBANK0& (0+127)
 10095     005B  3185  25CC  3180   	fcall	__pidataBANK0+1	;fetch initializer
 10096     005E  00EF               	movwf	(__pdataBANK0+1)& (0+127)
 10097                           
 10098                           ; Initialize objects allocated to BANK2
 10099     005F  308B               	movlw	low __pidataBANK2
 10100     0060  0084               	movwf	4
 10101     0061  3084               	movlw	(high __pidataBANK2)| (0+128)
 10102     0062  0085               	movwf	5
 10103     0063  3020               	movlw	low __pdataBANK2
 10104     0064  0086               	movwf	6
 10105     0065  3001               	movlw	high __pdataBANK2
 10106     0066  0087               	movwf	7
 10107     0067  3011               	movlw	17
 10108     0068  3185  2557  3180   	fcall	init_ram
 10109                           
 10110                           ; Clear objects allocated to COMMON
 10111     006B  01F0               	clrf	__pbssCOMMON& (0+127)
 10112     006C  01F1               	clrf	(__pbssCOMMON+1)& (0+127)
 10113     006D  01F2               	clrf	(__pbssCOMMON+2)& (0+127)
 10114     006E  01F3               	clrf	(__pbssCOMMON+3)& (0+127)
 10115     006F  01F4               	clrf	(__pbssCOMMON+4)& (0+127)
 10116     0070  01F5               	clrf	(__pbssCOMMON+5)& (0+127)
 10117     0071  01F6               	clrf	(__pbssCOMMON+6)& (0+127)
 10118                           
 10119                           ; Clear objects allocated to BANK0
 10120     0072  3020               	movlw	low __pbssBANK0
 10121     0073  0084               	movwf	4
 10122     0074  3000               	movlw	high __pbssBANK0
 10123     0075  0085               	movwf	5
 10124     0076  304A               	movlw	74
 10125     0077  3185  255D  3180   	fcall	clear_ram0
 10126                           
 10127                           ; Clear objects allocated to BANK1
 10128     007A  30A0               	movlw	low __pbssBANK1
 10129     007B  0084               	movwf	4
 10130     007C  3000               	movlw	high __pbssBANK1
 10131     007D  0085               	movwf	5
 10132     007E  304C               	movlw	76
 10133     007F  3185  255D  3180   	fcall	clear_ram0
 10134                           
 10135                           ; Clear objects allocated to BANK3
 10136     0082  30A0               	movlw	low __pbssBANK3
 10137     0083  0084               	movwf	4
 10138     0084  3001               	movlw	high __pbssBANK3
 10139     0085  0085               	movwf	5
 10140     0086  3040               	movlw	64
 10141     0087  3185  255D  3180   	fcall	clear_ram0
 10142                           
 10143                           ; Clear objects allocated to BANK4
 10144     008A  3020               	movlw	low __pbssBANK4
 10145     008B  0084               	movwf	4
 10146     008C  3002               	movlw	high __pbssBANK4
 10147     008D  0085               	movwf	5
 10148     008E  3050               	movlw	80
 10149     008F  3185  255D  3180   	fcall	clear_ram0
 10150                           
 10151                           ; Clear objects allocated to BANK5
 10152     0092  30A0               	movlw	low __pbssBANK5
 10153     0093  0084               	movwf	4
 10154     0094  3002               	movlw	high __pbssBANK5
 10155     0095  0085               	movwf	5
 10156     0096  3050               	movlw	80
 10157     0097  3185  255D  3180   	fcall	clear_ram0
 10158                           
 10159                           ; Clear objects allocated to BANK6
 10160     009A  3020               	movlw	low __pbssBANK6
 10161     009B  0084               	movwf	4
 10162     009C  3003               	movlw	high __pbssBANK6
 10163     009D  0085               	movwf	5
 10164     009E  3050               	movlw	80
 10165     009F  3185  255D  3180   	fcall	clear_ram0
 10166     00A2                     end_of_initialization:	
 10167                           ;End of C runtime variable initialization code
 10168                           
 10169     00A2                     __end_of__initialization:
 10170     00A2  107E               	bcf	int$flags,0	;clear compiler interrupt flag (level 1)
 10171     00A3  0140               	movlb	0
 10172     00A4  3184  2C0C         	ljmp	_main	;jump to C main() function
 10173                           
 10174                           	psect	bssCOMMON
 10175     0070                     __pbssCOMMON:
 10176     0070                     _bitMap:
 10177     0070                     	ds	2
 10178     0072                     _eusart1RxTail:
 10179     0072                     	ds	1
 10180     0073                     _eusart1RxHead:
 10181     0073                     	ds	1
 10182     0074                     _eusart2RxTail:
 10183     0074                     	ds	1
 10184     0075                     _eusart2RxHead:
 10185     0075                     	ds	1
 10186     0076                     _eusart2TxHead:
 10187     0076                     	ds	1
 10188                           
 10189                           	psect	bssBANK0
 10190     0020                     __pbssBANK0:
 10191     0020                     _I2C1_Status:
 10192     0020                     	ds	29
 10193     003D                     _eusart2RxStatusBuffer:
 10194     003D                     	ds	8
 10195     0045                     _timer0ReloadVal16bit:
 10196     0045                     	ds	2
 10197     0047                     _i2c1_driver_i2cISR:
 10198     0047                     	ds	2
 10199     0049                     _i2c1_driver_busCollisionISR:
 10200     0049                     	ds	2
 10201     004B                     LIGHTBLUE_ParseIncomingPacket@data:
 10202     004B                     	ds	2
 10203     004D                     _flats:
 10204     004D                     	ds	1
 10205     004E                     _serialIndex:
 10206     004E                     	ds	1
 10207     004F                     _eusart1RxLastError:
 10208     004F                     	ds	1
 10209     0050                     _eusart1RxCount:
 10210     0050                     	ds	1
 10211     0051                     _eusart1TxBufferRemaining:
 10212     0051                     	ds	1
 10213     0052                     _eusart1TxTail:
 10214     0052                     	ds	1
 10215     0053                     _eusart1TxHead:
 10216     0053                     	ds	1
 10217     0054                     _eusart2RxLastError:
 10218     0054                     	ds	1
 10219     0055                     _eusart2RxCount:
 10220     0055                     	ds	1
 10221     0056                     _eusart2TxBufferRemaining:
 10222     0056                     	ds	1
 10223     0057                     _eusart2TxTail:
 10224     0057                     	ds	1
 10225     0058                     RN487X_FilterData@asyncBuffering:
 10226     0058                     	ds	1
 10227     0059                     _dataReady:
 10228     0059                     	ds	1
 10229     005A                     _peek:
 10230     005A                     	ds	1
 10231     005B                     _pHead:
 10232     005B                     	ds	1
 10233     005C                     _asyncBufferSize:
 10234     005C                     	ds	1
 10235     005D                     _asyncBuffer:
 10236     005D                     	ds	1
 10237     005E                     _connected:
 10238     005E                     	ds	1
 10239     005F                     LIGHTBLUE_ParseIncomingPacket@packetID:
 10240     005F                     	ds	1
 10241     0060                     LIGHTBLUE_ParseIncomingPacket@length:
 10242     0060                     	ds	1
 10243     0061                     LIGHTBLUE_ParseIncomingPacket@parserState:
 10244     0061                     	ds	1
 10245     0062                     _sequenceNumber:
 10246     0062                     	ds	1
 10247     0063                     _iNTERRUPTbits:
 10248     0063                     	ds	1
 10249     0064                     _rad:
 10250     0064                     	ds	1
 10251     0065                     _accelerometerInterruptBits:
 10252     0065                     	ds	1
 10253     0066                     send_spi_read@data:
 10254     0066                     	ds	4
 10255                           
 10256                           	psect	dataBANK0
 10257     006E                     __pdataBANK0:
 10258     006E                     RN487X_GetInputsValues@F12930:
 10259     006E                     	ds	2
 10260                           
 10261                           	psect	bssBANK1
 10262     00A0                     __pbssBANK1:
 10263     00A0                     _i2c_status:
 10264     00A0                     	ds	36
 10265     00C4                     _eusart1RxStatusBuffer:
 10266     00C4                     	ds	8
 10267     00CC                     _eusart1RxBuffer:
 10268     00CC                     	ds	8
 10269     00D4                     _eusart1TxBuffer:
 10270     00D4                     	ds	8
 10271     00DC                     _eusart2RxBuffer:
 10272     00DC                     	ds	8
 10273     00E4                     _eusart2TxBuffer:
 10274     00E4                     	ds	8
 10275                           
 10276                           	psect	dataBANK2
 10277     0120                     __pdataBANK2:
 10278     0120                     __hex:
 10279     0120                     	ds	17
 10280                           
 10281                           	psect	bssBANK3
 10282     01A0                     __pbssBANK3:
 10283     01A0                     _cmdBuf:
 10284     01A0                     	ds	64
 10285                           
 10286                           	psect	bssBANK4
 10287     0220                     __pbssBANK4:
 10288     0220                     _statusBuffer:
 10289     0220                     	ds	80
 10290                           
 10291                           	psect	bssBANK5
 10292     02A0                     __pbssBANK5:
 10293     02A0                     _statusBuffer@main$F3759:
 10294     02A0                     	ds	80
 10295                           
 10296                           	psect	bssBANK6
 10297     0320                     __pbssBANK6:
 10298     0320                     _lightBlueSerial:
 10299     0320                     	ds	80
 10300                           
 10301                           	psect	inittext
 10302     0557                     init_ram:
 10303     0557  00FE               	movwf	btemp
 10304     0558                     initloop:
 10305     0558  0012               	moviw fsr0++
 10306     0559  001E               	movwi fsr1++
 10307     055A  0BFE               	decfsz	btemp,f
 10308     055B  2D58               	goto	initloop
 10309     055C  3400               	retlw	0
 10310                           
 10311                           	psect	clrtext
 10312     055D                     clear_ram0:	
 10313                           ;	Called with FSR0 containing the base address, and
 10314                           ;	WREG with the size to clear
 10315                           
 10316     055D  0064               	clrwdt	;clear the watchdog before getting into this loop
 10317     055E                     clrloop0:
 10318     055E  0180               	clrf	0	;clear RAM location pointed to by FSR
 10319     055F  3101               	addfsr 0,1
 10320     0560  0B89               	decfsz	9,f	;Have we reached the end of clearing yet?
 10321     0561  2D5E               	goto	clrloop0	;have we reached the end yet?
 10322     0562  3400               	retlw	0	;all done for this memory range, return
 10323                           
 10324                           	psect	cstackBANK2
 10325     013F                     __pcstackBANK2:
 10326     013F                     SPI2_ReadBlock@block:
 10327                           
 10328                           ; 1 bytes @ 0x0
 10329     013F                     	ds	1
 10330     0140                     SPI2_ReadBlock@data:
 10331                           
 10332                           ; 1 bytes @ 0x1
 10333     0140                     	ds	1
 10334                           
 10335                           	psect	cstackCOMMON
 10336     0077                     __pcstackCOMMON:
 10337     0077                     ?_EUSART1_Read:
 10338     0077                     ?_EUSART1_is_rx_ready:	
 10339                           ; 1 bytes @ 0x0
 10340                           
 10341     0077                     ?_EUSART1_Receive_ISR:	
 10342                           ; 1 bytes @ 0x0
 10343                           
 10344     0077                     ?_EUSART1_Transmit_ISR:	
 10345                           ; 1 bytes @ 0x0
 10346                           
 10347     0077                     ??_EUSART1_Transmit_ISR:	
 10348                           ; 1 bytes @ 0x0
 10349                           
 10350     0077                     ?_EUSART1_Initialize:	
 10351                           ; 1 bytes @ 0x0
 10352                           
 10353     0077                     ?_EUSART2_Read:	
 10354                           ; 1 bytes @ 0x0
 10355                           
 10356     0077                     ?_EUSART2_is_rx_ready:	
 10357                           ; 1 bytes @ 0x0
 10358                           
 10359     0077                     ?_EUSART2_Receive_ISR:	
 10360                           ; 1 bytes @ 0x0
 10361                           
 10362     0077                     ?_EUSART2_Transmit_ISR:	
 10363                           ; 1 bytes @ 0x0
 10364                           
 10365     0077                     ??_EUSART2_Transmit_ISR:	
 10366                           ; 1 bytes @ 0x0
 10367                           
 10368     0077                     ?_EUSART2_Initialize:	
 10369                           ; 1 bytes @ 0x0
 10370                           
 10371     0077                     ?_RN487X_Read@rn487x_interface$F1381:	
 10372                           ; 1 bytes @ 0x0
 10373                           
 10374     0077                     ?_RN487X_is_rx_ready:	
 10375                           ; 1 bytes @ 0x0
 10376                           
 10377     0077                     ?_EUSART2_DefaultFramingErrorHandler:	
 10378                           ; 1 bytes @ 0x0
 10379                           
 10380     0077                     ??_EUSART2_DefaultFramingErrorHandler:	
 10381                           ; 1 bytes @ 0x0
 10382                           
 10383     0077                     ?_EUSART2_DefaultOverrunErrorHandler:	
 10384                           ; 1 bytes @ 0x0
 10385                           
 10386     0077                     ??_EUSART2_DefaultOverrunErrorHandler:	
 10387                           ; 1 bytes @ 0x0
 10388                           
 10389     0077                     ?_EUSART2_DefaultErrorHandler:	
 10390                           ; 1 bytes @ 0x0
 10391                           
 10392     0077                     ?_EUSART2_RxDataHandler:	
 10393                           ; 1 bytes @ 0x0
 10394                           
 10395     0077                     ??_EUSART2_RxDataHandler:	
 10396                           ; 1 bytes @ 0x0
 10397                           
 10398     0077                     ?_EUSART1_DefaultFramingErrorHandler:	
 10399                           ; 1 bytes @ 0x0
 10400                           
 10401     0077                     ??_EUSART1_DefaultFramingErrorHandler:	
 10402                           ; 1 bytes @ 0x0
 10403                           
 10404     0077                     ?_EUSART1_DefaultOverrunErrorHandler:	
 10405                           ; 1 bytes @ 0x0
 10406                           
 10407     0077                     ??_EUSART1_DefaultOverrunErrorHandler:	
 10408                           ; 1 bytes @ 0x0
 10409                           
 10410     0077                     ?_EUSART1_DefaultErrorHandler:	
 10411                           ; 1 bytes @ 0x0
 10412                           
 10413     0077                     ?_EUSART1_RxDataHandler:	
 10414                           ; 1 bytes @ 0x0
 10415                           
 10416     0077                     ??_EUSART1_RxDataHandler:	
 10417                           ; 1 bytes @ 0x0
 10418                           
 10419     0077                     ?_PIN_MANAGER_IOC:	
 10420                           ; 1 bytes @ 0x0
 10421                           
 10422     0077                     ??_PIN_MANAGER_IOC:	
 10423                           ; 1 bytes @ 0x0
 10424                           
 10425     0077                     ?_PMD_Initialize:	
 10426                           ; 1 bytes @ 0x0
 10427                           
 10428     0077                     ?_I2C1_Initialize:	
 10429                           ; 1 bytes @ 0x0
 10430                           
 10431     0077                     ?_SPI2_Initialize:	
 10432                           ; 1 bytes @ 0x0
 10433                           
 10434     0077                     ?_PIN_MANAGER_Initialize:	
 10435                           ; 1 bytes @ 0x0
 10436                           
 10437     0077                     ?_OSCILLATOR_Initialize:	
 10438                           ; 1 bytes @ 0x0
 10439                           
 10440     0077                     ?_TMR0_Initialize:	
 10441                           ; 1 bytes @ 0x0
 10442                           
 10443     0077                     ?_IOCAF6_DefaultInterruptHandler:	
 10444                           ; 1 bytes @ 0x0
 10445                           
 10446     0077                     ??_IOCAF6_DefaultInterruptHandler:	
 10447                           ; 1 bytes @ 0x0
 10448                           
 10449     0077                     ?_IOCAF6_ISR:	
 10450                           ; 1 bytes @ 0x0
 10451                           
 10452     0077                     ??_IOCAF6_ISR:	
 10453                           ; 1 bytes @ 0x0
 10454                           
 10455     0077                     ?_send_spi_read:	
 10456                           ; 1 bytes @ 0x0
 10457                           
 10458     0077                     ?_SPI2_Open:	
 10459                           ; 1 bytes @ 0x0
 10460                           
 10461     0077                     ?_SPI2_Close:	
 10462                           ; 1 bytes @ 0x0
 10463                           
 10464     0077                     ?_LIGHTBLUE_Initialize:	
 10465                           ; 1 bytes @ 0x0
 10466                           
 10467     0077                     ?_RN487X_Init:	
 10468                           ; 1 bytes @ 0x0
 10469                           
 10470     0077                     ?_INTERRUPT_InterruptManager:	
 10471                           ; 1 bytes @ 0x0
 10472                           
 10473     0077                     ?_SYSTEM_Initialize:	
 10474                           ; 1 bytes @ 0x0
 10475                           
 10476     0077                     ?_SPI2_ExchangeByte:	
 10477                           ; 1 bytes @ 0x0
 10478                           
 10479     0077                     ?_main:	
 10480                           ; 1 bytes @ 0x0
 10481                           
 10482                           
 10483                           ; 2 bytes @ 0x0
 10484     0077                     	ds	1
 10485     0078                     ??_EUSART1_Read:
 10486     0078                     ??_EUSART1_is_rx_ready:	
 10487                           ; 1 bytes @ 0x1
 10488                           
 10489     0078                     ?_EUSART1_SetTxInterruptHandler:	
 10490                           ; 1 bytes @ 0x1
 10491                           
 10492     0078                     ??_EUSART1_Receive_ISR:	
 10493                           ; 1 bytes @ 0x1
 10494                           
 10495     0078                     ?_EUSART1_SetRxInterruptHandler:	
 10496                           ; 1 bytes @ 0x1
 10497                           
 10498     0078                     ??_EUSART2_Read:	
 10499                           ; 1 bytes @ 0x1
 10500                           
 10501     0078                     ??_EUSART2_is_rx_ready:	
 10502                           ; 1 bytes @ 0x1
 10503                           
 10504     0078                     ?_EUSART2_SetTxInterruptHandler:	
 10505                           ; 1 bytes @ 0x1
 10506                           
 10507     0078                     ??_EUSART2_Receive_ISR:	
 10508                           ; 1 bytes @ 0x1
 10509                           
 10510     0078                     ?_EUSART2_SetRxInterruptHandler:	
 10511                           ; 1 bytes @ 0x1
 10512                           
 10513     0078                     ?_RN487X_SetAsyncMessageHandler:	
 10514                           ; 1 bytes @ 0x1
 10515                           
 10516     0078                     ??_RN487X_is_rx_ready:	
 10517                           ; 1 bytes @ 0x1
 10518                           
 10519     0078                     ?_RN487X_IndicateRx:	
 10520                           ; 1 bytes @ 0x1
 10521                           
 10522     0078                     ?_RN487X_Reset:	
 10523                           ; 1 bytes @ 0x1
 10524                           
 10525     0078                     ?_RN487X_SetSystemMode:	
 10526                           ; 1 bytes @ 0x1
 10527                           
 10528     0078                     ?_DELAY_milliseconds:	
 10529                           ; 1 bytes @ 0x1
 10530                           
 10531     0078                     ?_EUSART2_SetFramingErrorHandler:	
 10532                           ; 1 bytes @ 0x1
 10533                           
 10534     0078                     ?_EUSART2_SetOverrunErrorHandler:	
 10535                           ; 1 bytes @ 0x1
 10536                           
 10537     0078                     ?_EUSART2_SetErrorHandler:	
 10538                           ; 1 bytes @ 0x1
 10539                           
 10540     0078                     ??_EUSART2_DefaultErrorHandler:	
 10541                           ; 1 bytes @ 0x1
 10542                           
 10543     0078                     ?_EUSART1_SetFramingErrorHandler:	
 10544                           ; 1 bytes @ 0x1
 10545                           
 10546     0078                     ?_EUSART1_SetOverrunErrorHandler:	
 10547                           ; 1 bytes @ 0x1
 10548                           
 10549     0078                     ?_EUSART1_SetErrorHandler:	
 10550                           ; 1 bytes @ 0x1
 10551                           
 10552     0078                     ??_EUSART1_DefaultErrorHandler:	
 10553                           ; 1 bytes @ 0x1
 10554                           
 10555     0078                     ??_PMD_Initialize:	
 10556                           ; 1 bytes @ 0x1
 10557                           
 10558     0078                     ??_I2C1_Initialize:	
 10559                           ; 1 bytes @ 0x1
 10560                           
 10561     0078                     ??_SPI2_Initialize:	
 10562                           ; 1 bytes @ 0x1
 10563                           
 10564     0078                     ??_OSCILLATOR_Initialize:	
 10565                           ; 1 bytes @ 0x1
 10566                           
 10567     0078                     ??_TMR0_Initialize:	
 10568                           ; 1 bytes @ 0x1
 10569                           
 10570     0078                     ?_IOCAF6_SetInterruptHandler:	
 10571                           ; 1 bytes @ 0x1
 10572                           
 10573     0078                     ??_SPI2_Open:	
 10574                           ; 1 bytes @ 0x1
 10575                           
 10576     0078                     ??_SPI2_Close:	
 10577                           ; 1 bytes @ 0x1
 10578                           
 10579     0078                     ??_LIGHTBLUE_Initialize:	
 10580                           ; 1 bytes @ 0x1
 10581                           
 10582     0078                     ??_INTERRUPT_InterruptManager:	
 10583                           ; 1 bytes @ 0x1
 10584                           
 10585     0078                     ??_SPI2_ExchangeByte:	
 10586                           ; 1 bytes @ 0x1
 10587                           
 10588     0078                     RN487X_Reset@value:	
 10589                           ; 1 bytes @ 0x1
 10590                           
 10591     0078                     RN487X_IndicateRx@value:	
 10592                           ; 1 bytes @ 0x1
 10593                           
 10594     0078                     RN487X_SetSystemMode@mode:	
 10595                           ; 1 bytes @ 0x1
 10596                           
 10597     0078                     RN487X_SetAsyncMessageHandler@len:	
 10598                           ; 1 bytes @ 0x1
 10599                           
 10600     0078                     SPI2_ExchangeByte@data:	
 10601                           ; 1 bytes @ 0x1
 10602                           
 10603     0078                     EUSART2_SetFramingErrorHandler@interruptHandler:	
 10604                           ; 1 bytes @ 0x1
 10605                           
 10606     0078                     EUSART2_SetOverrunErrorHandler@interruptHandler:	
 10607                           ; 2 bytes @ 0x1
 10608                           
 10609     0078                     EUSART2_SetErrorHandler@interruptHandler:	
 10610                           ; 2 bytes @ 0x1
 10611                           
 10612     0078                     EUSART2_SetTxInterruptHandler@interruptHandler:	
 10613                           ; 2 bytes @ 0x1
 10614                           
 10615     0078                     EUSART2_SetRxInterruptHandler@interruptHandler:	
 10616                           ; 2 bytes @ 0x1
 10617                           
 10618     0078                     EUSART1_SetFramingErrorHandler@interruptHandler:	
 10619                           ; 2 bytes @ 0x1
 10620                           
 10621     0078                     EUSART1_SetOverrunErrorHandler@interruptHandler:	
 10622                           ; 2 bytes @ 0x1
 10623                           
 10624     0078                     EUSART1_SetErrorHandler@interruptHandler:	
 10625                           ; 2 bytes @ 0x1
 10626                           
 10627     0078                     EUSART1_SetTxInterruptHandler@interruptHandler:	
 10628                           ; 2 bytes @ 0x1
 10629                           
 10630     0078                     EUSART1_SetRxInterruptHandler@interruptHandler:	
 10631                           ; 2 bytes @ 0x1
 10632                           
 10633     0078                     IOCAF6_SetInterruptHandler@InterruptHandler:	
 10634                           ; 2 bytes @ 0x1
 10635                           
 10636     0078                     DELAY_milliseconds@milliseconds:	
 10637                           ; 2 bytes @ 0x1
 10638                           
 10639                           
 10640                           ; 2 bytes @ 0x1
 10641     0078                     	ds	1
 10642     0079                     ??_RN487X_SetAsyncMessageHandler:
 10643     0079                     ??_RN487X_IndicateRx:	
 10644                           ; 1 bytes @ 0x2
 10645                           
 10646     0079                     ??_RN487X_Reset:	
 10647                           ; 1 bytes @ 0x2
 10648                           
 10649     0079                     ??_RN487X_SetSystemMode:	
 10650                           ; 1 bytes @ 0x2
 10651                           
 10652     0079                     ?_SPI2_ReadBlock:	
 10653                           ; 1 bytes @ 0x2
 10654                           
 10655     0079                     RN487X_SetAsyncMessageHandler@pBuffer:	
 10656                           ; 1 bytes @ 0x2
 10657                           
 10658     0079                     EUSART2_Read@readValue:	
 10659                           ; 1 bytes @ 0x2
 10660                           
 10661     0079                     EUSART1_Read@readValue:	
 10662                           ; 1 bytes @ 0x2
 10663                           
 10664     0079                     SPI2_ReadBlock@blockSize:	
 10665                           ; 1 bytes @ 0x2
 10666                           
 10667                           
 10668                           ; 2 bytes @ 0x2
 10669     0079                     	ds	1
 10670     007A                     ??_EUSART1_SetTxInterruptHandler:
 10671     007A                     ??_EUSART1_SetRxInterruptHandler:	
 10672                           ; 1 bytes @ 0x3
 10673                           
 10674     007A                     ??_EUSART1_Initialize:	
 10675                           ; 1 bytes @ 0x3
 10676                           
 10677     007A                     ??_EUSART2_SetTxInterruptHandler:	
 10678                           ; 1 bytes @ 0x3
 10679                           
 10680     007A                     ??_EUSART2_SetRxInterruptHandler:	
 10681                           ; 1 bytes @ 0x3
 10682                           
 10683     007A                     ??_EUSART2_Initialize:	
 10684                           ; 1 bytes @ 0x3
 10685                           
 10686     007A                     ??_RN487X_Read@rn487x_interface$F1383:	
 10687                           ; 1 bytes @ 0x3
 10688                           
 10689     007A                     ??_DELAY_milliseconds:	
 10690                           ; 1 bytes @ 0x3
 10691                           
 10692     007A                     ??_EUSART2_SetFramingErrorHandler:	
 10693                           ; 1 bytes @ 0x3
 10694                           
 10695     007A                     ??_EUSART2_SetOverrunErrorHandler:	
 10696                           ; 1 bytes @ 0x3
 10697                           
 10698     007A                     ??_EUSART2_SetErrorHandler:	
 10699                           ; 1 bytes @ 0x3
 10700                           
 10701     007A                     ??_EUSART1_SetFramingErrorHandler:	
 10702                           ; 1 bytes @ 0x3
 10703                           
 10704     007A                     ??_EUSART1_SetOverrunErrorHandler:	
 10705                           ; 1 bytes @ 0x3
 10706                           
 10707     007A                     ??_EUSART1_SetErrorHandler:	
 10708                           ; 1 bytes @ 0x3
 10709                           
 10710     007A                     ??_PIN_MANAGER_Initialize:	
 10711                           ; 1 bytes @ 0x3
 10712                           
 10713     007A                     ??_IOCAF6_SetInterruptHandler:	
 10714                           ; 1 bytes @ 0x3
 10715                           
 10716     007A                     ??_SYSTEM_Initialize:	
 10717                           ; 1 bytes @ 0x3
 10718                           
 10719                           
 10720                           ; 1 bytes @ 0x3
 10721     007A                     	ds	1
 10722     007B                     ?_RN487X_Delay:
 10723     007B                     ??_SPI2_ReadBlock:	
 10724                           ; 1 bytes @ 0x4
 10725                           
 10726     007B                     SPI2_Open@spi2UniqueConfiguration:	
 10727                           ; 1 bytes @ 0x4
 10728                           
 10729     007B                     RN487X_Delay@delayCount:	
 10730                           ; 1 bytes @ 0x4
 10731                           
 10732                           
 10733                           ; 2 bytes @ 0x4
 10734     007B                     	ds	1
 10735     007C                     ??_send_spi_read:
 10736                           
 10737                           ; 1 bytes @ 0x5
 10738     007C                     	ds	1
 10739     007D                     ??_RN487X_Delay:
 10740     007D                     ??_RN487X_Init:	
 10741                           ; 1 bytes @ 0x6
 10742                           
 10743     007D                     ??_main:	
 10744                           ; 1 bytes @ 0x6
 10745                           
 10746                           
 10747                           	psect	maintext
 10748     040C                     __pmaintext:	
 10749                           ; 1 bytes @ 0x6
 10750 ;;
 10751 ;;Main: autosize = 0, tempsize = 0, incstack = 0, save=0
 10752 ;;
 10753 ;; *************** function _main *****************
 10754 ;; Defined at:
 10755 ;;		line 78 in file "main.c"
 10756 ;; Parameters:    Size  Location     Type
 10757 ;;		None
 10758 ;; Auto vars:     Size  Location     Type
 10759 ;;		None
 10760 ;; Return value:  Size  Location     Type
 10761 ;;                  2  2063[None  ] int 
 10762 ;; Registers used:
 10763 ;;		wreg, fsr0l, fsr0h, fsr1l, fsr1h, status,2, status,0, pclath, cstack
 10764 ;; Tracked objects:
 10765 ;;		On entry : B3F/0
 10766 ;;		On exit  : 0/0
 10767 ;;		Unchanged: 0/0
 10768 ;; Data sizes:     COMMON   BANK0   BANK1   BANK2   BANK3   BANK4   BANK5   BANK6   BANK7   BANK8   BANK9  BANK10  BANK1
      +1  BANK12  BANK13  BANK14  BANK15  BANK16  BANK17  BANK18  BANK19  BANK20  BANK21  BANK22  BANK23  BANK24  BANK25
 10769 ;;      Params:         0       0       0       0       0       0       0       0       0       0       0       0       
      +0       0       0       0       0       0       0       0       0       0       0       0       0       0       0
 10770 ;;      Locals:         0       0       0       0       0       0       0       0       0       0       0       0       
      +0       0       0       0       0       0       0       0       0       0       0       0       0       0       0
 10771 ;;      Temps:          0       0       0       0       0       0       0       0       0       0       0       0       
      +0       0       0       0       0       0       0       0       0       0       0       0       0       0       0
 10772 ;;      Totals:         0       0       0       0       0       0       0       0       0       0       0       0       
      +0       0       0       0       0       0       0       0       0       0       0       0       0       0       0
 10773 ;;Total ram usage:        0 bytes
 10774 ;; Hardware stack levels required when called: 7
 10775 ;; This function calls:
 10776 ;;		_LIGHTBLUE_Initialize
 10777 ;;		_RN487X_Init
 10778 ;;		_RN487X_SetAsyncMessageHandler
 10779 ;;		_SYSTEM_Initialize
 10780 ;;		_send_spi_read
 10781 ;; This function is called by:
 10782 ;;		Startup code after reset
 10783 ;; This function uses a non-reentrant model
 10784 ;;
 10785                           
 10786     040C                     _main:	
 10787                           ;psect for function _main
 10788                           
 10789     040C                     l7590:	
 10790                           ;incstack = 0
 10791                           ; Regs used in _main: [wreg-fsr1h+status,2+status,0+pclath+cstack]
 10792                           
 10793                           
 10794                           ;main.c: 80:     SYSTEM_Initialize();
 10795     040C  3183  23C3  3184   	fcall	_SYSTEM_Initialize
 10796                           
 10797                           ;main.c: 81:     RN487X_SetAsyncMessageHandler(statusBuffer, sizeof (statusBuffer));
 10798     040F  3050               	movlw	80
 10799     0410  00F8               	movwf	RN487X_SetAsyncMessageHandler@len
 10800     0411  30A0               	movlw	(low (_statusBuffer@main$F3759| (0+512)))& (0+255)
 10801     0412  3184  2439  3184   	fcall	_RN487X_SetAsyncMessageHandler
 10802     0415                     l7592:
 10803                           
 10804                           ;main.c: 84:     (INTCONbits.GIE = 1);
 10805     0415  178B               	bsf	11,7	;volatile
 10806     0416                     l7594:
 10807                           
 10808                           ;main.c: 87:     (INTCONbits.PEIE = 1);
 10809     0416  170B               	bsf	11,6	;volatile
 10810     0417                     l7596:
 10811                           
 10812                           ;main.c: 89:     RN487X_Init();
 10813     0417  3180  20A6  3184   	fcall	_RN487X_Init
 10814     041A                     l7598:
 10815                           
 10816                           ;main.c: 90:     LIGHTBLUE_Initialize();
 10817     041A  3185  25AF  3184   	fcall	_LIGHTBLUE_Initialize
 10818     041D                     l2064:	
 10819                           ;main.c: 91:     while (1) {
 10820                           
 10821                           
 10822                           ;main.c: 92:         send_spi_read();
 10823     041D  3183  23AA  3184   	fcall	_send_spi_read
 10824     0420  2C1D               	goto	l2064
 10825     0421  3180  2855         	ljmp	start
 10826     0423                     __end_of_main:
 10827                           
 10828                           	psect	text1
 10829     03AA                     __ptext1:	
 10830 ;; *************** function _send_spi_read *****************
 10831 ;; Defined at:
 10832 ;;		line 149 in file "main.c"
 10833 ;; Parameters:    Size  Location     Type
 10834 ;;		None
 10835 ;; Auto vars:     Size  Location     Type
 10836 ;;		None
 10837 ;; Return value:  Size  Location     Type
 10838 ;;                  1    wreg      void 
 10839 ;; Registers used:
 10840 ;;		wreg, fsr0l, fsr0h, fsr1l, fsr1h, status,2, status,0, pclath, cstack
 10841 ;; Tracked objects:
 10842 ;;		On entry : 0/0
 10843 ;;		On exit  : 0/0
 10844 ;;		Unchanged: 0/0
 10845 ;; Data sizes:     COMMON   BANK0   BANK1   BANK2   BANK3   BANK4   BANK5   BANK6   BANK7   BANK8   BANK9  BANK10  BANK1
      +1  BANK12  BANK13  BANK14  BANK15  BANK16  BANK17  BANK18  BANK19  BANK20  BANK21  BANK22  BANK23  BANK24  BANK25
 10846 ;;      Params:         0       0       0       0       0       0       0       0       0       0       0       0       
      +0       0       0       0       0       0       0       0       0       0       0       0       0       0       0
 10847 ;;      Locals:         0       0       0       0       0       0       0       0       0       0       0       0       
      +0       0       0       0       0       0       0       0       0       0       0       0       0       0       0
 10848 ;;      Temps:          0       0       0       0       0       0       0       0       0       0       0       0       
      +0       0       0       0       0       0       0       0       0       0       0       0       0       0       0
 10849 ;;      Totals:         0       0       0       0       0       0       0       0       0       0       0       0       
      +0       0       0       0       0       0       0       0       0       0       0       0       0       0       0
 10850 ;;Total ram usage:        0 bytes
 10851 ;; Hardware stack levels used: 1
 10852 ;; Hardware stack levels required when called: 6
 10853 ;; This function calls:
 10854 ;;		_SPI2_Close
 10855 ;;		_SPI2_Open
 10856 ;;		_SPI2_ReadBlock
 10857 ;; This function is called by:
 10858 ;;		_main
 10859 ;; This function uses a non-reentrant model
 10860 ;;
 10861                           
 10862     03AA                     _send_spi_read:	
 10863                           ;psect for function _send_spi_read
 10864                           
 10865     03AA                     l2077:	
 10866                           ;incstack = 0
 10867                           ; Regs used in _send_spi_read: [wreg-fsr1h+status,2+status,0+pclath+cstack]
 10868                           ;main.c: 150:     static uint8_t data[4];;main.c: 151:     do { LATCbits.LATC0 = 0; } wh
      +                          ile(0);
 10869                           
 10870     03AA  0140               	movlb	0	; select bank0
 10871     03AB  101A               	bcf	26,0	;volatile
 10872     03AC                     l7582:
 10873                           
 10874                           ;main.c: 152:     if (SPI2_Open(0)) {
 10875     03AC  3000               	movlw	0
 10876     03AD  3181  2104  3183   	fcall	_SPI2_Open
 10877     03B0  3A00               	xorlw	0
 10878     03B1  1903               	skipnz
 10879     03B2  2BB4               	goto	u3831
 10880     03B3  2BB5               	goto	u3830
 10881     03B4                     u3831:
 10882     03B4  2BC2               	goto	l2082
 10883     03B5                     u3830:
 10884     03B5                     l7584:
 10885                           
 10886                           ;main.c: 153:         SPI2_ReadBlock(data, 4);
 10887     03B5  3004               	movlw	4
 10888     03B6  00F9               	movwf	SPI2_ReadBlock@blockSize
 10889     03B7  3000               	movlw	0
 10890     03B8  00FA               	movwf	SPI2_ReadBlock@blockSize+1
 10891     03B9  3066               	movlw	(low (send_spi_read@data| 0))& (0+255)
 10892     03BA  3183  238B  3183   	fcall	_SPI2_ReadBlock
 10893     03BD                     l7586:
 10894     03BD  0140               	movlb	0	; select bank0
 10895     03BE  141A               	bsf	26,0	;volatile
 10896     03BF                     l7588:
 10897                           
 10898                           ;main.c: 155:         SPI2_Close();
 10899     03BF  3185  25C8  3183   	fcall	_SPI2_Close
 10900     03C2                     l2082:
 10901     03C2  0008               	return
 10902     03C3                     __end_of_send_spi_read:
 10903                           
 10904                           	psect	text2
 10905     038B                     __ptext2:	
 10906 ;; *************** function _SPI2_ReadBlock *****************
 10907 ;; Defined at:
 10908 ;;		line 127 in file "mcc_generated_files/spi2.c"
 10909 ;; Parameters:    Size  Location     Type
 10910 ;;  block           1    wreg     PTR void 
 10911 ;;		 -> send_spi_read@data(4), 
 10912 ;;  blockSize       2    2[COMMON] unsigned int 
 10913 ;; Auto vars:     Size  Location     Type
 10914 ;;  block           1    0[BANK2 ] PTR void 
 10915 ;;		 -> send_spi_read@data(4), 
 10916 ;;  data            1    1[BANK2 ] PTR unsigned char 
 10917 ;;		 -> send_spi_read@data(4), 
 10918 ;; Return value:  Size  Location     Type
 10919 ;;                  1    wreg      void 
 10920 ;; Registers used:
 10921 ;;		wreg, fsr1l, fsr1h, status,2, status,0, pclath, cstack
 10922 ;; Tracked objects:
 10923 ;;		On entry : 0/0
 10924 ;;		On exit  : 0/0
 10925 ;;		Unchanged: 0/0
 10926 ;; Data sizes:     COMMON   BANK0   BANK1   BANK2   BANK3   BANK4   BANK5   BANK6   BANK7   BANK8   BANK9  BANK10  BANK1
      +1  BANK12  BANK13  BANK14  BANK15  BANK16  BANK17  BANK18  BANK19  BANK20  BANK21  BANK22  BANK23  BANK24  BANK25
 10927 ;;      Params:         2       0       0       0       0       0       0       0       0       0       0       0       
      +0       0       0       0       0       0       0       0       0       0       0       0       0       0       0
 10928 ;;      Locals:         0       0       0       2       0       0       0       0       0       0       0       0       
      +0       0       0       0       0       0       0       0       0       0       0       0       0       0       0
 10929 ;;      Temps:          1       0       0       0       0       0       0       0       0       0       0       0       
      +0       0       0       0       0       0       0       0       0       0       0       0       0       0       0
 10930 ;;      Totals:         3       0       0       2       0       0       0       0       0       0       0       0       
      +0       0       0       0       0       0       0       0       0       0       0       0       0       0       0
 10931 ;;Total ram usage:        5 bytes
 10932 ;; Hardware stack levels used: 1
 10933 ;; Hardware stack levels required when called: 5
 10934 ;; This function calls:
 10935 ;;		_SPI2_ExchangeByte
 10936 ;; This function is called by:
 10937 ;;		_send_spi_read
 10938 ;; This function uses a non-reentrant model
 10939 ;;
 10940                           
 10941     038B                     _SPI2_ReadBlock:	
 10942                           ;psect for function _SPI2_ReadBlock
 10943                           
 10944                           
 10945                           ;incstack = 0
 10946                           ; Regs used in _SPI2_ReadBlock: [wreg+fsr1l+fsr1h+status,2+status,0+pclath+cstack]
 10947                           ;SPI2_ReadBlock@block stored from wreg
 10948     038B  0142               	movlb	2	; select bank2
 10949     038C  00BF               	movwf	SPI2_ReadBlock@block^(0+256)
 10950     038D                     l7574:
 10951                           
 10952                           ;mcc_generated_files/spi2.c: 127: void SPI2_ReadBlock(void *block, size_t blockSize);mcc
      +                          _generated_files/spi2.c: 128: {;mcc_generated_files/spi2.c: 129:     uint8_t *data = blo
      +                          ck;
 10953     038D  083F               	movf	SPI2_ReadBlock@block^(0+256),w
 10954     038E  00C0               	movwf	SPI2_ReadBlock@data^(0+256)
 10955                           
 10956                           ;mcc_generated_files/spi2.c: 130:     while(blockSize--)
 10957     038F  2B9D               	goto	l7580
 10958     0390                     l7576:
 10959                           
 10960                           ;mcc_generated_files/spi2.c: 131:     {;mcc_generated_files/spi2.c: 132:         *data++
      +                           = SPI2_ExchangeByte(0);
 10961     0390  0840               	movf	SPI2_ReadBlock@data^(0+256),w
 10962     0391  0086               	movwf	6
 10963     0392  0187               	clrf	7
 10964     0393  3000               	movlw	0
 10965     0394  3184  24AC  3183   	fcall	_SPI2_ExchangeByte
 10966     0397  0081               	movwf	1
 10967     0398                     l7578:
 10968     0398  3001               	movlw	1
 10969     0399  00FB               	movwf	??_SPI2_ReadBlock
 10970     039A  087B               	movf	??_SPI2_ReadBlock,w
 10971     039B  0142               	movlb	2	; select bank2
 10972     039C  07C0               	addwf	SPI2_ReadBlock@data^(0+256),f
 10973     039D                     l7580:
 10974                           
 10975                           ;mcc_generated_files/spi2.c: 130:     while(blockSize--)
 10976     039D  3001               	movlw	1
 10977     039E  02F9               	subwf	SPI2_ReadBlock@blockSize,f
 10978     039F  3000               	movlw	0
 10979     03A0  3BFA               	subwfb	SPI2_ReadBlock@blockSize+1,f
 10980     03A1  0A79               	incf	SPI2_ReadBlock@blockSize,w
 10981     03A2  1D03               	skipz
 10982     03A3  2BA8               	goto	u3821
 10983     03A4  0A7A               	incf	SPI2_ReadBlock@blockSize+1,w
 10984     03A5  1D03               	btfss	3,2
 10985     03A6  2BA8               	goto	u3821
 10986     03A7  2BA9               	goto	u3820
 10987     03A8                     u3821:
 10988     03A8  2B90               	goto	l7576
 10989     03A9                     u3820:
 10990     03A9                     l2145:
 10991     03A9  0008               	return
 10992     03AA                     __end_of_SPI2_ReadBlock:
 10993                           
 10994                           	psect	text3
 10995     04AC                     __ptext3:	
 10996 ;; *************** function _SPI2_ExchangeByte *****************
 10997 ;; Defined at:
 10998 ;;		line 97 in file "mcc_generated_files/spi2.c"
 10999 ;; Parameters:    Size  Location     Type
 11000 ;;  data            1    wreg     unsigned char 
 11001 ;; Auto vars:     Size  Location     Type
 11002 ;;  data            1    1[COMMON] unsigned char 
 11003 ;; Return value:  Size  Location     Type
 11004 ;;                  1    wreg      unsigned char 
 11005 ;; Registers used:
 11006 ;;		wreg
 11007 ;; Tracked objects:
 11008 ;;		On entry : 0/0
 11009 ;;		On exit  : 0/0
 11010 ;;		Unchanged: 0/0
 11011 ;; Data sizes:     COMMON   BANK0   BANK1   BANK2   BANK3   BANK4   BANK5   BANK6   BANK7   BANK8   BANK9  BANK10  BANK1
      +1  BANK12  BANK13  BANK14  BANK15  BANK16  BANK17  BANK18  BANK19  BANK20  BANK21  BANK22  BANK23  BANK24  BANK25
 11012 ;;      Params:         0       0       0       0       0       0       0       0       0       0       0       0       
      +0       0       0       0       0       0       0       0       0       0       0       0       0       0       0
 11013 ;;      Locals:         1       0       0       0       0       0       0       0       0       0       0       0       
      +0       0       0       0       0       0       0       0       0       0       0       0       0       0       0
 11014 ;;      Temps:          0       0       0       0       0       0       0       0       0       0       0       0       
      +0       0       0       0       0       0       0       0       0       0       0       0       0       0       0
 11015 ;;      Totals:         1       0       0       0       0       0       0       0       0       0       0       0       
      +0       0       0       0       0       0       0       0       0       0       0       0       0       0       0
 11016 ;;Total ram usage:        1 bytes
 11017 ;; Hardware stack levels used: 1
 11018 ;; Hardware stack levels required when called: 4
 11019 ;; This function calls:
 11020 ;;		Nothing
 11021 ;; This function is called by:
 11022 ;;		_SPI2_ReadBlock
 11023 ;;		_SPI2_WriteBlock
 11024 ;; This function uses a non-reentrant model
 11025 ;;
 11026                           
 11027     04AC                     _SPI2_ExchangeByte:	
 11028                           ;psect for function _SPI2_ExchangeByte
 11029                           
 11030                           
 11031                           ;incstack = 0
 11032                           ; Regs used in _SPI2_ExchangeByte: [wreg]
 11033                           ;SPI2_ExchangeByte@data stored from wreg
 11034     04AC  00F8               	movwf	SPI2_ExchangeByte@data
 11035     04AD                     l7568:
 11036                           
 11037                           ;mcc_generated_files/spi2.c: 97: uint8_t SPI2_ExchangeByte(uint8_t data);mcc_generated_f
      +                          iles/spi2.c: 98: {;mcc_generated_files/spi2.c: 99:     SSP2BUF = data;
 11038     04AD  0878               	movf	SPI2_ExchangeByte@data,w
 11039     04AE  0143               	movlb	3	; select bank3
 11040     04AF  0096               	movwf	22	;volatile
 11041     04B0                     l2121:	
 11042                           ;mcc_generated_files/spi2.c: 100:     while(!PIR3bits.SSP2IF);
 11043                           
 11044     04B0  014E               	movlb	14	; select bank14
 11045     04B1  1D0F               	btfss	15,2	;volatile
 11046     04B2  2CB4               	goto	u3811
 11047     04B3  2CB5               	goto	u3810
 11048     04B4                     u3811:
 11049     04B4  2CB0               	goto	l2121
 11050     04B5                     u3810:
 11051     04B5                     l2123:
 11052                           
 11053                           ;mcc_generated_files/spi2.c: 101:     PIR3bits.SSP2IF = 0;
 11054     04B5  110F               	bcf	15,2	;volatile
 11055     04B6                     l7570:
 11056                           
 11057                           ;mcc_generated_files/spi2.c: 102:     return SSP2BUF;
 11058     04B6  0143               	movlb	3	; select bank3
 11059     04B7  0816               	movf	22,w	;volatile
 11060     04B8                     l2124:
 11061     04B8  0008               	return
 11062     04B9                     __end_of_SPI2_ExchangeByte:
 11063                           
 11064                           	psect	text4
 11065     0104                     __ptext4:	
 11066 ;; *************** function _SPI2_Open *****************
 11067 ;; Defined at:
 11068 ;;		line 77 in file "mcc_generated_files/spi2.c"
 11069 ;; Parameters:    Size  Location     Type
 11070 ;;  spi2UniqueCo    1    wreg     enum E358
 11071 ;; Auto vars:     Size  Location     Type
 11072 ;;  spi2UniqueCo    1    4[COMMON] enum E358
 11073 ;; Return value:  Size  Location     Type
 11074 ;;                  1    wreg      _Bool 
 11075 ;; Registers used:
 11076 ;;		wreg, fsr0l, fsr0h, status,2, status,0, pclath
 11077 ;; Tracked objects:
 11078 ;;		On entry : 0/0
 11079 ;;		On exit  : 0/0
 11080 ;;		Unchanged: 0/0
 11081 ;; Data sizes:     COMMON   BANK0   BANK1   BANK2   BANK3   BANK4   BANK5   BANK6   BANK7   BANK8   BANK9  BANK10  BANK1
      +1  BANK12  BANK13  BANK14  BANK15  BANK16  BANK17  BANK18  BANK19  BANK20  BANK21  BANK22  BANK23  BANK24  BANK25
 11082 ;;      Params:         0       0       0       0       0       0       0       0       0       0       0       0       
      +0       0       0       0       0       0       0       0       0       0       0       0       0       0       0
 11083 ;;      Locals:         1       0       0       0       0       0       0       0       0       0       0       0       
      +0       0       0       0       0       0       0       0       0       0       0       0       0       0       0
 11084 ;;      Temps:          3       0       0       0       0       0       0       0       0       0       0       0       
      +0       0       0       0       0       0       0       0       0       0       0       0       0       0       0
 11085 ;;      Totals:         4       0       0       0       0       0       0       0       0       0       0       0       
      +0       0       0       0       0       0       0       0       0       0       0       0       0       0       0
 11086 ;;Total ram usage:        4 bytes
 11087 ;; Hardware stack levels used: 1
 11088 ;; Hardware stack levels required when called: 4
 11089 ;; This function calls:
 11090 ;;		Nothing
 11091 ;; This function is called by:
 11092 ;;		_send_spi_read
 11093 ;; This function uses a non-reentrant model
 11094 ;;
 11095                           
 11096     0104                     _SPI2_Open:	
 11097                           ;psect for function _SPI2_Open
 11098                           
 11099                           
 11100                           ;incstack = 0
 11101                           ; Regs used in _SPI2_Open: [wreg-fsr0h+status,2+status,0+pclath]
 11102                           ;SPI2_Open@spi2UniqueConfiguration stored from wreg
 11103     0104  00FB               	movwf	SPI2_Open@spi2UniqueConfiguration
 11104     0105                     l5738:
 11105                           
 11106                           ;mcc_generated_files/spi2.c: 77: _Bool SPI2_Open(spi2_modes_t spi2UniqueConfiguration);m
      +                          cc_generated_files/spi2.c: 78: {;mcc_generated_files/spi2.c: 79:     if(!SSP2CON1bits.SS
      +                          PEN)
 11107     0105  0143               	movlb	3	; select bank3
 11108     0106  1A9A               	btfsc	26,5	;volatile
 11109     0107  2909               	goto	u2281
 11110     0108  290A               	goto	u2280
 11111     0109                     u2281:
 11112     0109  2956               	goto	l5754
 11113     010A                     u2280:
 11114     010A                     l5740:
 11115                           
 11116                           ;mcc_generated_files/spi2.c: 80:     {;mcc_generated_files/spi2.c: 81:         SSP2STAT 
      +                          = spi2_configuration[spi2UniqueConfiguration].stat;
 11117     010A  087B               	movf	SPI2_Open@spi2UniqueConfiguration,w
 11118     010B  00F8               	movwf	??_SPI2_Open
 11119     010C  01F9               	clrf	??_SPI2_Open+1
 11120     010D  35F8               	lslf	??_SPI2_Open,f
 11121     010E  0DF9               	rlf	??_SPI2_Open+1,f
 11122     010F  35F8               	lslf	??_SPI2_Open,f
 11123     0110  0DF9               	rlf	??_SPI2_Open+1,f
 11124     0111  30B5               	movlw	low (_spi2_configuration+1)
 11125     0112  0778               	addwf	??_SPI2_Open,w
 11126     0113  0084               	movwf	4
 11127     0114  3005               	movlw	high (_spi2_configuration+1)
 11128     0115  3D79               	addwfc	??_SPI2_Open+1,w
 11129     0116  3880               	iorlw	128
 11130     0117  0085               	movwf	5
 11131     0118  0800               	movf	0,w	;code access
 11132     0119  0099               	movwf	25	;volatile
 11133                           
 11134                           ;mcc_generated_files/spi2.c: 82:         SSP2CON1 = spi2_configuration[spi2UniqueConfigu
      +                          ration].con1;
 11135     011A  087B               	movf	SPI2_Open@spi2UniqueConfiguration,w
 11136     011B  00F8               	movwf	??_SPI2_Open
 11137     011C  01F9               	clrf	??_SPI2_Open+1
 11138     011D  35F8               	lslf	??_SPI2_Open,f
 11139     011E  0DF9               	rlf	??_SPI2_Open+1,f
 11140     011F  35F8               	lslf	??_SPI2_Open,f
 11141     0120  0DF9               	rlf	??_SPI2_Open+1,f
 11142     0121  30B4               	movlw	low _spi2_configuration
 11143     0122  0778               	addwf	??_SPI2_Open,w
 11144     0123  0084               	movwf	4
 11145     0124  3005               	movlw	high _spi2_configuration
 11146     0125  3D79               	addwfc	??_SPI2_Open+1,w
 11147     0126  3880               	iorlw	128
 11148     0127  0085               	movwf	5
 11149     0128  0800               	movf	0,w	;code access
 11150     0129  009A               	movwf	26	;volatile
 11151     012A                     l5742:
 11152                           
 11153                           ;mcc_generated_files/spi2.c: 83:         SSP2CON2 = 0x00;
 11154     012A  019B               	clrf	27	;volatile
 11155     012B                     l5744:
 11156                           
 11157                           ;mcc_generated_files/spi2.c: 84:         SSP2ADD = spi2_configuration[spi2UniqueConfigur
      +                          ation].add;
 11158     012B  087B               	movf	SPI2_Open@spi2UniqueConfiguration,w
 11159     012C  00F8               	movwf	??_SPI2_Open
 11160     012D  01F9               	clrf	??_SPI2_Open+1
 11161     012E  35F8               	lslf	??_SPI2_Open,f
 11162     012F  0DF9               	rlf	??_SPI2_Open+1,f
 11163     0130  35F8               	lslf	??_SPI2_Open,f
 11164     0131  0DF9               	rlf	??_SPI2_Open+1,f
 11165     0132  30B6               	movlw	low (_spi2_configuration+2)
 11166     0133  0778               	addwf	??_SPI2_Open,w
 11167     0134  0084               	movwf	4
 11168     0135  3005               	movlw	high (_spi2_configuration+2)
 11169     0136  3D79               	addwfc	??_SPI2_Open+1,w
 11170     0137  3880               	iorlw	128
 11171     0138  0085               	movwf	5
 11172     0139  0800               	movf	0,w	;code access
 11173     013A  0097               	movwf	23	;volatile
 11174     013B                     l5746:
 11175                           
 11176                           ;mcc_generated_files/spi2.c: 85:         TRISCbits.TRISC1 = spi2_configuration[spi2Uniqu
      +                          eConfiguration].operation;
 11177     013B  087B               	movf	SPI2_Open@spi2UniqueConfiguration,w
 11178     013C  00F8               	movwf	??_SPI2_Open
 11179     013D  01F9               	clrf	??_SPI2_Open+1
 11180     013E  35F8               	lslf	??_SPI2_Open,f
 11181     013F  0DF9               	rlf	??_SPI2_Open+1,f
 11182     0140  35F8               	lslf	??_SPI2_Open,f
 11183     0141  0DF9               	rlf	??_SPI2_Open+1,f
 11184     0142  30B7               	movlw	low (_spi2_configuration+3)
 11185     0143  0778               	addwf	??_SPI2_Open,w
 11186     0144  0084               	movwf	4
 11187     0145  3005               	movlw	high (_spi2_configuration+3)
 11188     0146  3D79               	addwfc	??_SPI2_Open+1,w
 11189     0147  3880               	iorlw	128
 11190     0148  0085               	movwf	5
 11191     0149  0800               	movf	0,w	;code access
 11192     014A  00FA               	movwf	??_SPI2_Open+2
 11193     014B  0DFA               	rlf	??_SPI2_Open+2,f
 11194     014C  0140               	movlb	0	; select bank0
 11195     014D  0814               	movf	20,w	;volatile
 11196     014E  067A               	xorwf	??_SPI2_Open+2,w
 11197     014F  39FD               	andlw	-3
 11198     0150  067A               	xorwf	??_SPI2_Open+2,w
 11199     0151  0094               	movwf	20	;volatile
 11200     0152                     l5748:
 11201                           
 11202                           ;mcc_generated_files/spi2.c: 86:         SSP2CON1bits.SSPEN = 1;
 11203     0152  0143               	movlb	3	; select bank3
 11204     0153  169A               	bsf	26,5	;volatile
 11205     0154                     l5750:
 11206                           
 11207                           ;mcc_generated_files/spi2.c: 87:         return 1;
 11208     0154  3001               	movlw	1
 11209     0155  2957               	goto	l2115
 11210     0156                     l5754:
 11211                           
 11212                           ;mcc_generated_files/spi2.c: 89:     return 0;
 11213     0156  3000               	movlw	0
 11214     0157                     l2115:
 11215     0157  0008               	return
 11216     0158                     __end_of_SPI2_Open:
 11217                           
 11218                           	psect	text5
 11219     05C8                     __ptext5:	
 11220 ;; *************** function _SPI2_Close *****************
 11221 ;; Defined at:
 11222 ;;		line 92 in file "mcc_generated_files/spi2.c"
 11223 ;; Parameters:    Size  Location     Type
 11224 ;;		None
 11225 ;; Auto vars:     Size  Location     Type
 11226 ;;		None
 11227 ;; Return value:  Size  Location     Type
 11228 ;;                  1    wreg      void 
 11229 ;; Registers used:
 11230 ;;		None
 11231 ;; Tracked objects:
 11232 ;;		On entry : 0/0
 11233 ;;		On exit  : 0/0
 11234 ;;		Unchanged: 0/0
 11235 ;; Data sizes:     COMMON   BANK0   BANK1   BANK2   BANK3   BANK4   BANK5   BANK6   BANK7   BANK8   BANK9  BANK10  BANK1
      +1  BANK12  BANK13  BANK14  BANK15  BANK16  BANK17  BANK18  BANK19  BANK20  BANK21  BANK22  BANK23  BANK24  BANK25
 11236 ;;      Params:         0       0       0       0       0       0       0       0       0       0       0       0       
      +0       0       0       0       0       0       0       0       0       0       0       0       0       0       0
 11237 ;;      Locals:         0       0       0       0       0       0       0       0       0       0       0       0       
      +0       0       0       0       0       0       0       0       0       0       0       0       0       0       0
 11238 ;;      Temps:          0       0       0       0       0       0       0       0       0       0       0       0       
      +0       0       0       0       0       0       0       0       0       0       0       0       0       0       0
 11239 ;;      Totals:         0       0       0       0       0       0       0       0       0       0       0       0       
      +0       0       0       0       0       0       0       0       0       0       0       0       0       0       0
 11240 ;;Total ram usage:        0 bytes
 11241 ;; Hardware stack levels used: 1
 11242 ;; Hardware stack levels required when called: 4
 11243 ;; This function calls:
 11244 ;;		Nothing
 11245 ;; This function is called by:
 11246 ;;		_send_spi_read
 11247 ;; This function uses a non-reentrant model
 11248 ;;
 11249                           
 11250     05C8                     _SPI2_Close:	
 11251                           ;psect for function _SPI2_Close
 11252                           
 11253     05C8                     l5766:	
 11254                           ;incstack = 0
 11255                           ; Regs used in _SPI2_Close: []
 11256                           
 11257                           
 11258                           ;mcc_generated_files/spi2.c: 94:     SSP2CON1bits.SSPEN = 0;
 11259     05C8  0143               	movlb	3	; select bank3
 11260     05C9  129A               	bcf	26,5	;volatile
 11261     05CA                     l2118:
 11262     05CA  0008               	return
 11263     05CB                     __end_of_SPI2_Close:
 11264                           
 11265                           	psect	text6
 11266     03C3                     __ptext6:	
 11267 ;; *************** function _SYSTEM_Initialize *****************
 11268 ;; Defined at:
 11269 ;;		line 50 in file "mcc_generated_files/mcc.c"
 11270 ;; Parameters:    Size  Location     Type
 11271 ;;		None
 11272 ;; Auto vars:     Size  Location     Type
 11273 ;;		None
 11274 ;; Return value:  Size  Location     Type
 11275 ;;                  1    wreg      void 
 11276 ;; Registers used:
 11277 ;;		wreg, status,2, status,0, pclath, cstack
 11278 ;; Tracked objects:
 11279 ;;		On entry : 0/0
 11280 ;;		On exit  : 0/0
 11281 ;;		Unchanged: 0/0
 11282 ;; Data sizes:     COMMON   BANK0   BANK1   BANK2   BANK3   BANK4   BANK5   BANK6   BANK7   BANK8   BANK9  BANK10  BANK1
      +1  BANK12  BANK13  BANK14  BANK15  BANK16  BANK17  BANK18  BANK19  BANK20  BANK21  BANK22  BANK23  BANK24  BANK25
 11283 ;;      Params:         0       0       0       0       0       0       0       0       0       0       0       0       
      +0       0       0       0       0       0       0       0       0       0       0       0       0       0       0
 11284 ;;      Locals:         0       0       0       0       0       0       0       0       0       0       0       0       
      +0       0       0       0       0       0       0       0       0       0       0       0       0       0       0
 11285 ;;      Temps:          0       0       0       0       0       0       0       0       0       0       0       0       
      +0       0       0       0       0       0       0       0       0       0       0       0       0       0       0
 11286 ;;      Totals:         0       0       0       0       0       0       0       0       0       0       0       0       
      +0       0       0       0       0       0       0       0       0       0       0       0       0       0       0
 11287 ;;Total ram usage:        0 bytes
 11288 ;; Hardware stack levels used: 1
 11289 ;; Hardware stack levels required when called: 6
 11290 ;; This function calls:
 11291 ;;		_EUSART1_Initialize
 11292 ;;		_EUSART2_Initialize
 11293 ;;		_I2C1_Initialize
 11294 ;;		_OSCILLATOR_Initialize
 11295 ;;		_PIN_MANAGER_Initialize
 11296 ;;		_PMD_Initialize
 11297 ;;		_SPI2_Initialize
 11298 ;;		_TMR0_Initialize
 11299 ;; This function is called by:
 11300 ;;		_main
 11301 ;; This function uses a non-reentrant model
 11302 ;;
 11303                           
 11304     03C3                     _SYSTEM_Initialize:	
 11305                           ;psect for function _SYSTEM_Initialize
 11306                           
 11307     03C3                     l6260:	
 11308                           ;incstack = 0
 11309                           ; Regs used in _SYSTEM_Initialize: [wreg+status,2+status,0+pclath+cstack]
 11310                           
 11311                           
 11312                           ;mcc_generated_files/mcc.c: 52:     PMD_Initialize();
 11313     03C3  3184  24FD  3183   	fcall	_PMD_Initialize
 11314     03C6                     l6262:
 11315                           
 11316                           ;mcc_generated_files/mcc.c: 53:     I2C1_Initialize();
 11317     03C6  3185  2525  3183   	fcall	_I2C1_Initialize
 11318     03C9                     l6264:
 11319                           
 11320                           ;mcc_generated_files/mcc.c: 54:     SPI2_Initialize();
 11321     03C9  3184  2423  3183   	fcall	_SPI2_Initialize
 11322     03CC                     l6266:
 11323                           
 11324                           ;mcc_generated_files/mcc.c: 55:     PIN_MANAGER_Initialize();
 11325     03CC  3181  2158  3183   	fcall	_PIN_MANAGER_Initialize
 11326     03CF                     l6268:
 11327                           
 11328                           ;mcc_generated_files/mcc.c: 56:     OSCILLATOR_Initialize();
 11329     03CF  3185  2507  3183   	fcall	_OSCILLATOR_Initialize
 11330     03D2                     l6270:
 11331                           
 11332                           ;mcc_generated_files/mcc.c: 57:     TMR0_Initialize();
 11333     03D2  3184  2465  3183   	fcall	_TMR0_Initialize
 11334     03D5                     l6272:
 11335                           
 11336                           ;mcc_generated_files/mcc.c: 58:     EUSART1_Initialize();
 11337     03D5  3181  21E5  3183   	fcall	_EUSART1_Initialize
 11338     03D8                     l6274:
 11339                           
 11340                           ;mcc_generated_files/mcc.c: 59:     EUSART2_Initialize();
 11341     03D8  3181  21A7  3183   	fcall	_EUSART2_Initialize
 11342     03DB                     l1375:
 11343     03DB  0008               	return
 11344     03DC                     __end_of_SYSTEM_Initialize:
 11345                           
 11346                           	psect	text7
 11347     0465                     __ptext7:	
 11348 ;; *************** function _TMR0_Initialize *****************
 11349 ;; Defined at:
 11350 ;;		line 65 in file "mcc_generated_files/tmr0.c"
 11351 ;; Parameters:    Size  Location     Type
 11352 ;;		None
 11353 ;; Auto vars:     Size  Location     Type
 11354 ;;		None
 11355 ;; Return value:  Size  Location     Type
 11356 ;;                  1    wreg      void 
 11357 ;; Registers used:
 11358 ;;		wreg
 11359 ;; Tracked objects:
 11360 ;;		On entry : 0/0
 11361 ;;		On exit  : 0/0
 11362 ;;		Unchanged: 0/0
 11363 ;; Data sizes:     COMMON   BANK0   BANK1   BANK2   BANK3   BANK4   BANK5   BANK6   BANK7   BANK8   BANK9  BANK10  BANK1
      +1  BANK12  BANK13  BANK14  BANK15  BANK16  BANK17  BANK18  BANK19  BANK20  BANK21  BANK22  BANK23  BANK24  BANK25
 11364 ;;      Params:         0       0       0       0       0       0       0       0       0       0       0       0       
      +0       0       0       0       0       0       0       0       0       0       0       0       0       0       0
 11365 ;;      Locals:         0       0       0       0       0       0       0       0       0       0       0       0       
      +0       0       0       0       0       0       0       0       0       0       0       0       0       0       0
 11366 ;;      Temps:          0       0       0       0       0       0       0       0       0       0       0       0       
      +0       0       0       0       0       0       0       0       0       0       0       0       0       0       0
 11367 ;;      Totals:         0       0       0       0       0       0       0       0       0       0       0       0       
      +0       0       0       0       0       0       0       0       0       0       0       0       0       0       0
 11368 ;;Total ram usage:        0 bytes
 11369 ;; Hardware stack levels used: 1
 11370 ;; Hardware stack levels required when called: 4
 11371 ;; This function calls:
 11372 ;;		Nothing
 11373 ;; This function is called by:
 11374 ;;		_SYSTEM_Initialize
 11375 ;; This function uses a non-reentrant model
 11376 ;;
 11377                           
 11378     0465                     _TMR0_Initialize:	
 11379                           ;psect for function _TMR0_Initialize
 11380                           
 11381     0465                     l5726:	
 11382                           ;incstack = 0
 11383                           ; Regs used in _TMR0_Initialize: [wreg]
 11384                           
 11385                           
 11386                           ;mcc_generated_files/tmr0.c: 70:     T0CON1 = 0x47;
 11387     0465  3047               	movlw	71
 11388     0466  014B               	movlb	11	; select bank11
 11389     0467  009F               	movwf	31	;volatile
 11390                           
 11391                           ;mcc_generated_files/tmr0.c: 73:     TMR0H = 0x0B;
 11392     0468  300B               	movlw	11
 11393     0469  009D               	movwf	29	;volatile
 11394                           
 11395                           ;mcc_generated_files/tmr0.c: 76:     TMR0L = 0xDC;
 11396     046A  30DC               	movlw	220
 11397     046B  009C               	movwf	28	;volatile
 11398                           
 11399                           ;mcc_generated_files/tmr0.c: 79:     timer0ReloadVal16bit = (TMR0H << 8) | TMR0L;
 11400     046C  081D               	movf	29,w	;volatile
 11401     046D  0140               	movlb	0	; select bank0
 11402     046E  00C6               	movwf	_timer0ReloadVal16bit+1	;volatile
 11403     046F  014B               	movlb	11	; select bank11
 11404     0470  081C               	movf	28,w	;volatile
 11405     0471  0140               	movlb	0	; select bank0
 11406     0472  00C5               	movwf	_timer0ReloadVal16bit	;volatile
 11407     0473                     l5728:
 11408                           
 11409                           ;mcc_generated_files/tmr0.c: 82:     PIR0bits.TMR0IF = 0;
 11410     0473  014E               	movlb	14	; select bank14
 11411     0474  128C               	bcf	12,5	;volatile
 11412                           
 11413                           ;mcc_generated_files/tmr0.c: 85:     T0CON0 = 0x90;
 11414     0475  3090               	movlw	144
 11415     0476  014B               	movlb	11	; select bank11
 11416     0477  009E               	movwf	30	;volatile
 11417     0478                     l1507:
 11418     0478  0008               	return
 11419     0479                     __end_of_TMR0_Initialize:
 11420                           
 11421                           	psect	text8
 11422     0423                     __ptext8:	
 11423 ;; *************** function _SPI2_Initialize *****************
 11424 ;; Defined at:
 11425 ;;		line 62 in file "mcc_generated_files/spi2.c"
 11426 ;; Parameters:    Size  Location     Type
 11427 ;;		None
 11428 ;; Auto vars:     Size  Location     Type
 11429 ;;		None
 11430 ;; Return value:  Size  Location     Type
 11431 ;;                  1    wreg      void 
 11432 ;; Registers used:
 11433 ;;		wreg
 11434 ;; Tracked objects:
 11435 ;;		On entry : 0/0
 11436 ;;		On exit  : 0/0
 11437 ;;		Unchanged: 0/0
 11438 ;; Data sizes:     COMMON   BANK0   BANK1   BANK2   BANK3   BANK4   BANK5   BANK6   BANK7   BANK8   BANK9  BANK10  BANK1
      +1  BANK12  BANK13  BANK14  BANK15  BANK16  BANK17  BANK18  BANK19  BANK20  BANK21  BANK22  BANK23  BANK24  BANK25
 11439 ;;      Params:         0       0       0       0       0       0       0       0       0       0       0       0       
      +0       0       0       0       0       0       0       0       0       0       0       0       0       0       0
 11440 ;;      Locals:         0       0       0       0       0       0       0       0       0       0       0       0       
      +0       0       0       0       0       0       0       0       0       0       0       0       0       0       0
 11441 ;;      Temps:          0       0       0       0       0       0       0       0       0       0       0       0       
      +0       0       0       0       0       0       0       0       0       0       0       0       0       0       0
 11442 ;;      Totals:         0       0       0       0       0       0       0       0       0       0       0       0       
      +0       0       0       0       0       0       0       0       0       0       0       0       0       0       0
 11443 ;;Total ram usage:        0 bytes
 11444 ;; Hardware stack levels used: 1
 11445 ;; Hardware stack levels required when called: 4
 11446 ;; This function calls:
 11447 ;;		Nothing
 11448 ;; This function is called by:
 11449 ;;		_SYSTEM_Initialize
 11450 ;; This function uses a non-reentrant model
 11451 ;;
 11452                           
 11453     0423                     _SPI2_Initialize:	
 11454                           ;psect for function _SPI2_Initialize
 11455                           
 11456     0423                     l5636:	
 11457                           ;incstack = 0
 11458                           ; Regs used in _SPI2_Initialize: [wreg]
 11459                           
 11460                           
 11461                           ;mcc_generated_files/spi2.c: 65:     SSP2CLKPPS = 17;
 11462     0423  3011               	movlw	17
 11463     0424  017D               	movlb	61	; select bank61
 11464     0425  00C8               	movwf	72	;volatile
 11465                           
 11466                           ;mcc_generated_files/spi2.c: 66:     SSP2DATPPS = 19;
 11467     0426  3013               	movlw	19
 11468     0427  00C9               	movwf	73	;volatile
 11469                           
 11470                           ;mcc_generated_files/spi2.c: 67:     RC1PPS = 21;
 11471     0428  3015               	movlw	21
 11472     0429  017E               	movlb	62	; select bank62
 11473     042A  00A1               	movwf	33	;volatile
 11474                           
 11475                           ;mcc_generated_files/spi2.c: 68:     RC2PPS = 22;
 11476     042B  3016               	movlw	22
 11477     042C  00A2               	movwf	34	;volatile
 11478                           
 11479                           ;mcc_generated_files/spi2.c: 70:     SSP2STAT = 0x40;
 11480     042D  3040               	movlw	64
 11481     042E  0143               	movlb	3	; select bank3
 11482     042F  0099               	movwf	25	;volatile
 11483                           
 11484                           ;mcc_generated_files/spi2.c: 71:     SSP2CON1 = 0x22;
 11485     0430  3022               	movlw	34
 11486     0431  009A               	movwf	26	;volatile
 11487                           
 11488                           ;mcc_generated_files/spi2.c: 72:     SSP2ADD = 0x01;
 11489     0432  3001               	movlw	1
 11490     0433  0097               	movwf	23	;volatile
 11491     0434                     l5638:
 11492                           
 11493                           ;mcc_generated_files/spi2.c: 73:     TRISCbits.TRISC1 = 0;
 11494     0434  0140               	movlb	0	; select bank0
 11495     0435  1094               	bcf	20,1	;volatile
 11496     0436                     l5640:
 11497                           
 11498                           ;mcc_generated_files/spi2.c: 74:     SSP2CON1bits.SSPEN = 0;
 11499     0436  0143               	movlb	3	; select bank3
 11500     0437  129A               	bcf	26,5	;volatile
 11501     0438                     l2111:
 11502     0438  0008               	return
 11503     0439                     __end_of_SPI2_Initialize:
 11504                           
 11505                           	psect	text9
 11506     04FD                     __ptext9:	
 11507 ;; *************** function _PMD_Initialize *****************
 11508 ;; Defined at:
 11509 ;;		line 78 in file "mcc_generated_files/mcc.c"
 11510 ;; Parameters:    Size  Location     Type
 11511 ;;		None
 11512 ;; Auto vars:     Size  Location     Type
 11513 ;;		None
 11514 ;; Return value:  Size  Location     Type
 11515 ;;                  1    wreg      void 
 11516 ;; Registers used:
 11517 ;;		status,2
 11518 ;; Tracked objects:
 11519 ;;		On entry : 0/0
 11520 ;;		On exit  : 0/0
 11521 ;;		Unchanged: 0/0
 11522 ;; Data sizes:     COMMON   BANK0   BANK1   BANK2   BANK3   BANK4   BANK5   BANK6   BANK7   BANK8   BANK9  BANK10  BANK1
      +1  BANK12  BANK13  BANK14  BANK15  BANK16  BANK17  BANK18  BANK19  BANK20  BANK21  BANK22  BANK23  BANK24  BANK25
 11523 ;;      Params:         0       0       0       0       0       0       0       0       0       0       0       0       
      +0       0       0       0       0       0       0       0       0       0       0       0       0       0       0
 11524 ;;      Locals:         0       0       0       0       0       0       0       0       0       0       0       0       
      +0       0       0       0       0       0       0       0       0       0       0       0       0       0       0
 11525 ;;      Temps:          0       0       0       0       0       0       0       0       0       0       0       0       
      +0       0       0       0       0       0       0       0       0       0       0       0       0       0       0
 11526 ;;      Totals:         0       0       0       0       0       0       0       0       0       0       0       0       
      +0       0       0       0       0       0       0       0       0       0       0       0       0       0       0
 11527 ;;Total ram usage:        0 bytes
 11528 ;; Hardware stack levels used: 1
 11529 ;; Hardware stack levels required when called: 4
 11530 ;; This function calls:
 11531 ;;		Nothing
 11532 ;; This function is called by:
 11533 ;;		_SYSTEM_Initialize
 11534 ;; This function uses a non-reentrant model
 11535 ;;
 11536                           
 11537     04FD                     _PMD_Initialize:	
 11538                           ;psect for function _PMD_Initialize
 11539                           
 11540     04FD                     l5626:	
 11541                           ;incstack = 0
 11542                           ; Regs used in _PMD_Initialize: [status,2]
 11543                           
 11544                           
 11545                           ;mcc_generated_files/mcc.c: 81:     PMD0 = 0x00;
 11546     04FD  014F               	movlb	15	; select bank15
 11547     04FE  0196               	clrf	22	;volatile
 11548                           
 11549                           ;mcc_generated_files/mcc.c: 83:     PMD1 = 0x00;
 11550     04FF  0197               	clrf	23	;volatile
 11551                           
 11552                           ;mcc_generated_files/mcc.c: 85:     PMD2 = 0x00;
 11553     0500  0198               	clrf	24	;volatile
 11554                           
 11555                           ;mcc_generated_files/mcc.c: 87:     PMD3 = 0x00;
 11556     0501  0199               	clrf	25	;volatile
 11557                           
 11558                           ;mcc_generated_files/mcc.c: 89:     PMD4 = 0x00;
 11559     0502  019A               	clrf	26	;volatile
 11560                           
 11561                           ;mcc_generated_files/mcc.c: 91:     PMD5 = 0x00;
 11562     0503  019B               	clrf	27	;volatile
 11563                           
 11564                           ;mcc_generated_files/mcc.c: 93:     PMD6 = 0x00;
 11565     0504  019C               	clrf	28	;volatile
 11566                           
 11567                           ;mcc_generated_files/mcc.c: 95:     PMD7 = 0x00;
 11568     0505  019D               	clrf	29	;volatile
 11569     0506                     l1381:
 11570     0506  0008               	return
 11571     0507                     __end_of_PMD_Initialize:
 11572                           
 11573                           	psect	text10
 11574     0158                     __ptext10:	
 11575 ;; *************** function _PIN_MANAGER_Initialize *****************
 11576 ;; Defined at:
 11577 ;;		line 57 in file "mcc_generated_files/pin_manager.c"
 11578 ;; Parameters:    Size  Location     Type
 11579 ;;		None
 11580 ;; Auto vars:     Size  Location     Type
 11581 ;;		None
 11582 ;; Return value:  Size  Location     Type
 11583 ;;                  1    wreg      void 
 11584 ;; Registers used:
 11585 ;;		wreg, status,2, status,0, pclath, cstack
 11586 ;; Tracked objects:
 11587 ;;		On entry : 0/0
 11588 ;;		On exit  : 0/0
 11589 ;;		Unchanged: 0/0
 11590 ;; Data sizes:     COMMON   BANK0   BANK1   BANK2   BANK3   BANK4   BANK5   BANK6   BANK7   BANK8   BANK9  BANK10  BANK1
      +1  BANK12  BANK13  BANK14  BANK15  BANK16  BANK17  BANK18  BANK19  BANK20  BANK21  BANK22  BANK23  BANK24  BANK25
 11591 ;;      Params:         0       0       0       0       0       0       0       0       0       0       0       0       
      +0       0       0       0       0       0       0       0       0       0       0       0       0       0       0
 11592 ;;      Locals:         0       0       0       0       0       0       0       0       0       0       0       0       
      +0       0       0       0       0       0       0       0       0       0       0       0       0       0       0
 11593 ;;      Temps:          0       0       0       0       0       0       0       0       0       0       0       0       
      +0       0       0       0       0       0       0       0       0       0       0       0       0       0       0
 11594 ;;      Totals:         0       0       0       0       0       0       0       0       0       0       0       0       
      +0       0       0       0       0       0       0       0       0       0       0       0       0       0       0
 11595 ;;Total ram usage:        0 bytes
 11596 ;; Hardware stack levels used: 1
 11597 ;; Hardware stack levels required when called: 5
 11598 ;; This function calls:
 11599 ;;		_IOCAF6_SetInterruptHandler
 11600 ;; This function is called by:
 11601 ;;		_SYSTEM_Initialize
 11602 ;; This function uses a non-reentrant model
 11603 ;;
 11604                           
 11605     0158                     _PIN_MANAGER_Initialize:	
 11606                           ;psect for function _PIN_MANAGER_Initialize
 11607                           
 11608     0158                     l5642:	
 11609                           ;incstack = 0
 11610                           ; Regs used in _PIN_MANAGER_Initialize: [wreg+status,2+status,0+pclath+cstack]
 11611                           
 11612                           
 11613                           ;mcc_generated_files/pin_manager.c: 62:     LATE = 0x00;
 11614     0158  0140               	movlb	0	; select bank0
 11615     0159  019C               	clrf	28	;volatile
 11616     015A                     l5644:
 11617                           
 11618                           ;mcc_generated_files/pin_manager.c: 63:     LATA = 0x31;
 11619     015A  3031               	movlw	49
 11620     015B  0098               	movwf	24	;volatile
 11621     015C                     l5646:
 11622                           
 11623                           ;mcc_generated_files/pin_manager.c: 64:     LATB = 0x00;
 11624     015C  0199               	clrf	25	;volatile
 11625                           
 11626                           ;mcc_generated_files/pin_manager.c: 65:     LATC = 0x01;
 11627     015D  3001               	movlw	1
 11628     015E  009A               	movwf	26	;volatile
 11629                           
 11630                           ;mcc_generated_files/pin_manager.c: 70:     TRISE = 0x08;
 11631     015F  3008               	movlw	8
 11632     0160  0096               	movwf	22	;volatile
 11633                           
 11634                           ;mcc_generated_files/pin_manager.c: 71:     TRISA = 0xDE;
 11635     0161  30DE               	movlw	222
 11636     0162  0092               	movwf	18	;volatile
 11637                           
 11638                           ;mcc_generated_files/pin_manager.c: 72:     TRISB = 0xEF;
 11639     0163  30EF               	movlw	239
 11640     0164  0093               	movwf	19	;volatile
 11641                           
 11642                           ;mcc_generated_files/pin_manager.c: 73:     TRISC = 0xA8;
 11643     0165  30A8               	movlw	168
 11644     0166  0094               	movwf	20	;volatile
 11645     0167                     l5648:
 11646                           
 11647                           ;mcc_generated_files/pin_manager.c: 78:     ANSELC = 0x00;
 11648     0167  017E               	movlb	62	; select bank62
 11649     0168  01CE               	clrf	78	;volatile
 11650     0169                     l5650:
 11651                           
 11652                           ;mcc_generated_files/pin_manager.c: 79:     ANSELB = 0xC9;
 11653     0169  30C9               	movlw	201
 11654     016A  00C3               	movwf	67	;volatile
 11655     016B                     l5652:
 11656                           
 11657                           ;mcc_generated_files/pin_manager.c: 80:     ANSELA = 0x0E;
 11658     016B  300E               	movlw	14
 11659     016C  00B8               	movwf	56	;volatile
 11660     016D                     l5654:
 11661                           
 11662                           ;mcc_generated_files/pin_manager.c: 85:     WPUE = 0x00;
 11663     016D  01E5               	clrf	101	;volatile
 11664     016E                     l5656:
 11665                           
 11666                           ;mcc_generated_files/pin_manager.c: 86:     WPUB = 0x00;
 11667     016E  01C4               	clrf	68	;volatile
 11668     016F                     l5658:
 11669                           
 11670                           ;mcc_generated_files/pin_manager.c: 87:     WPUA = 0x00;
 11671     016F  01B9               	clrf	57	;volatile
 11672     0170                     l5660:
 11673                           
 11674                           ;mcc_generated_files/pin_manager.c: 88:     WPUC = 0x00;
 11675     0170  01CF               	clrf	79	;volatile
 11676     0171                     l5662:
 11677                           
 11678                           ;mcc_generated_files/pin_manager.c: 93:     ODCONE = 0x00;
 11679     0171  01E6               	clrf	102	;volatile
 11680     0172                     l5664:
 11681                           
 11682                           ;mcc_generated_files/pin_manager.c: 94:     ODCONA = 0x00;
 11683     0172  01BA               	clrf	58	;volatile
 11684     0173                     l5666:
 11685                           
 11686                           ;mcc_generated_files/pin_manager.c: 95:     ODCONB = 0x00;
 11687     0173  01C5               	clrf	69	;volatile
 11688     0174                     l5668:
 11689                           
 11690                           ;mcc_generated_files/pin_manager.c: 96:     ODCONC = 0x00;
 11691     0174  01D0               	clrf	80	;volatile
 11692     0175                     l5670:
 11693                           
 11694                           ;mcc_generated_files/pin_manager.c: 101:     SLRCONA = 0x7E;
 11695     0175  307E               	movlw	126
 11696     0176  00BB               	movwf	59	;volatile
 11697     0177                     l5672:
 11698                           
 11699                           ;mcc_generated_files/pin_manager.c: 102:     SLRCONB = 0xFF;
 11700     0177  30FF               	movlw	255
 11701     0178  00C6               	movwf	70	;volatile
 11702     0179                     l5674:
 11703                           
 11704                           ;mcc_generated_files/pin_manager.c: 103:     SLRCONC = 0x3F;
 11705     0179  303F               	movlw	63
 11706     017A  00D1               	movwf	81	;volatile
 11707     017B                     l5676:
 11708                           
 11709                           ;mcc_generated_files/pin_manager.c: 108:     INLVLA = 0x3F;
 11710     017B  303F               	movlw	63
 11711     017C  00BC               	movwf	60	;volatile
 11712     017D                     l5678:
 11713                           
 11714                           ;mcc_generated_files/pin_manager.c: 109:     INLVLB = 0x3F;
 11715     017D  303F               	movlw	63
 11716     017E  00C7               	movwf	71	;volatile
 11717     017F                     l5680:
 11718                           
 11719                           ;mcc_generated_files/pin_manager.c: 110:     INLVLC = 0x3F;
 11720     017F  303F               	movlw	63
 11721     0180  00D2               	movwf	82	;volatile
 11722     0181                     l5682:
 11723                           
 11724                           ;mcc_generated_files/pin_manager.c: 117:     IOCAFbits.IOCAF6 = 0;
 11725     0181  133F               	bcf	63,6	;volatile
 11726     0182                     l5684:
 11727                           
 11728                           ;mcc_generated_files/pin_manager.c: 119:     IOCANbits.IOCAN6 = 0;
 11729     0182  133E               	bcf	62,6	;volatile
 11730     0183                     l5686:
 11731                           
 11732                           ;mcc_generated_files/pin_manager.c: 121:     IOCAPbits.IOCAP6 = 1;
 11733     0183  173D               	bsf	61,6	;volatile
 11734     0184                     l5688:
 11735                           
 11736                           ;mcc_generated_files/pin_manager.c: 126:     IOCAF6_SetInterruptHandler(IOCAF6_DefaultIn
      +                          terruptHandler);
 11737     0184  30D1               	movlw	low _IOCAF6_DefaultInterruptHandler
 11738     0185  00F8               	movwf	IOCAF6_SetInterruptHandler@InterruptHandler
 11739     0186  3005               	movlw	high _IOCAF6_DefaultInterruptHandler
 11740     0187  00F9               	movwf	IOCAF6_SetInterruptHandler@InterruptHandler+1
 11741     0188  3185  2563  3181   	fcall	_IOCAF6_SetInterruptHandler
 11742     018B                     l5690:
 11743                           
 11744                           ;mcc_generated_files/pin_manager.c: 129:     PIE0bits.IOCIE = 1;
 11745     018B  014E               	movlb	14	; select bank14
 11746     018C  1616               	bsf	22,4	;volatile
 11747     018D                     l5692:
 11748                           
 11749                           ;mcc_generated_files/pin_manager.c: 132:     SSP1CLKPPS = 0x09;
 11750     018D  3009               	movlw	9
 11751     018E  017D               	movlb	61	; select bank61
 11752     018F  00C5               	movwf	69	;volatile
 11753     0190                     l5694:
 11754                           
 11755                           ;mcc_generated_files/pin_manager.c: 133:     SSP2DATPPS = 0x13;
 11756     0190  3013               	movlw	19
 11757     0191  00C9               	movwf	73	;volatile
 11758     0192                     l5696:
 11759                           
 11760                           ;mcc_generated_files/pin_manager.c: 134:     RB1PPS = 0x00;
 11761     0192  017E               	movlb	62	; select bank62
 11762     0193  0199               	clrf	25	;volatile
 11763     0194                     l5698:
 11764                           
 11765                           ;mcc_generated_files/pin_manager.c: 135:     RB2PPS = 0x00;
 11766     0194  019A               	clrf	26	;volatile
 11767     0195                     l5700:
 11768                           
 11769                           ;mcc_generated_files/pin_manager.c: 136:     RC1PPS = 0x15;
 11770     0195  3015               	movlw	21
 11771     0196  00A1               	movwf	33	;volatile
 11772     0197                     l5702:
 11773                           
 11774                           ;mcc_generated_files/pin_manager.c: 137:     RC4PPS = 0x25;
 11775     0197  3025               	movlw	37
 11776     0198  00A4               	movwf	36	;volatile
 11777     0199                     l5704:
 11778                           
 11779                           ;mcc_generated_files/pin_manager.c: 138:     RB4PPS = 0x0F;
 11780     0199  300F               	movlw	15
 11781     019A  009C               	movwf	28	;volatile
 11782     019B                     l5706:
 11783                           
 11784                           ;mcc_generated_files/pin_manager.c: 139:     RC2PPS = 0x16;
 11785     019B  3016               	movlw	22
 11786     019C  00A2               	movwf	34	;volatile
 11787     019D                     l5708:
 11788                           
 11789                           ;mcc_generated_files/pin_manager.c: 140:     RX2DTPPS = 0x15;
 11790     019D  3015               	movlw	21
 11791     019E  017D               	movlb	61	; select bank61
 11792     019F  00CD               	movwf	77	;volatile
 11793     01A0                     l5710:
 11794                           
 11795                           ;mcc_generated_files/pin_manager.c: 141:     SSP1DATPPS = 0x0A;
 11796     01A0  300A               	movlw	10
 11797     01A1  00C6               	movwf	70	;volatile
 11798     01A2                     l5712:
 11799                           
 11800                           ;mcc_generated_files/pin_manager.c: 142:     RX1DTPPS = 0x0D;
 11801     01A2  300D               	movlw	13
 11802     01A3  00CB               	movwf	75	;volatile
 11803     01A4                     l5714:
 11804                           
 11805                           ;mcc_generated_files/pin_manager.c: 143:     SSP2CLKPPS = 0x11;
 11806     01A4  3011               	movlw	17
 11807     01A5  00C8               	movwf	72	;volatile
 11808     01A6                     l1476:
 11809     01A6  0008               	return
 11810     01A7                     __end_of_PIN_MANAGER_Initialize:
 11811                           
 11812                           	psect	text11
 11813     0563                     __ptext11:	
 11814 ;; *************** function _IOCAF6_SetInterruptHandler *****************
 11815 ;; Defined at:
 11816 ;;		line 174 in file "mcc_generated_files/pin_manager.c"
 11817 ;; Parameters:    Size  Location     Type
 11818 ;;  InterruptHan    2    1[COMMON] PTR FTN()void 
 11819 ;;		 -> IOCAF6_DefaultInterruptHandler(1), 
 11820 ;; Auto vars:     Size  Location     Type
 11821 ;;		None
 11822 ;; Return value:  Size  Location     Type
 11823 ;;                  1    wreg      void 
 11824 ;; Registers used:
 11825 ;;		wreg
 11826 ;; Tracked objects:
 11827 ;;		On entry : 0/0
 11828 ;;		On exit  : 0/0
 11829 ;;		Unchanged: 0/0
 11830 ;; Data sizes:     COMMON   BANK0   BANK1   BANK2   BANK3   BANK4   BANK5   BANK6   BANK7   BANK8   BANK9  BANK10  BANK1
      +1  BANK12  BANK13  BANK14  BANK15  BANK16  BANK17  BANK18  BANK19  BANK20  BANK21  BANK22  BANK23  BANK24  BANK25
 11831 ;;      Params:         2       0       0       0       0       0       0       0       0       0       0       0       
      +0       0       0       0       0       0       0       0       0       0       0       0       0       0       0
 11832 ;;      Locals:         0       0       0       0       0       0       0       0       0       0       0       0       
      +0       0       0       0       0       0       0       0       0       0       0       0       0       0       0
 11833 ;;      Temps:          0       0       0       0       0       0       0       0       0       0       0       0       
      +0       0       0       0       0       0       0       0       0       0       0       0       0       0       0
 11834 ;;      Totals:         2       0       0       0       0       0       0       0       0       0       0       0       
      +0       0       0       0       0       0       0       0       0       0       0       0       0       0       0
 11835 ;;Total ram usage:        2 bytes
 11836 ;; Hardware stack levels used: 1
 11837 ;; Hardware stack levels required when called: 4
 11838 ;; This function calls:
 11839 ;;		Nothing
 11840 ;; This function is called by:
 11841 ;;		_PIN_MANAGER_Initialize
 11842 ;; This function uses a non-reentrant model
 11843 ;;
 11844                           
 11845     0563                     _IOCAF6_SetInterruptHandler:	
 11846                           ;psect for function _IOCAF6_SetInterruptHandler
 11847                           
 11848     0563                     l5374:	
 11849                           ;incstack = 0
 11850                           ; Regs used in _IOCAF6_SetInterruptHandler: [wreg]
 11851                           
 11852                           
 11853                           ;mcc_generated_files/pin_manager.c: 175:     IOCAF6_InterruptHandler = InterruptHandler;
 11854     0563  0879               	movf	IOCAF6_SetInterruptHandler@InterruptHandler+1,w
 11855     0564  0140               	movlb	0	; select bank0
 11856     0565  00EB               	movwf	_IOCAF6_InterruptHandler+1
 11857     0566  0878               	movf	IOCAF6_SetInterruptHandler@InterruptHandler,w
 11858     0567  00EA               	movwf	_IOCAF6_InterruptHandler
 11859     0568                     l1487:
 11860     0568  0008               	return
 11861     0569                     __end_of_IOCAF6_SetInterruptHandler:
 11862                           
 11863                           	psect	text12
 11864     0507                     __ptext12:	
 11865 ;; *************** function _OSCILLATOR_Initialize *****************
 11866 ;; Defined at:
 11867 ;;		line 62 in file "mcc_generated_files/mcc.c"
 11868 ;; Parameters:    Size  Location     Type
 11869 ;;		None
 11870 ;; Auto vars:     Size  Location     Type
 11871 ;;		None
 11872 ;; Return value:  Size  Location     Type
 11873 ;;                  1    wreg      void 
 11874 ;; Registers used:
 11875 ;;		wreg, status,2
 11876 ;; Tracked objects:
 11877 ;;		On entry : 0/0
 11878 ;;		On exit  : 0/0
 11879 ;;		Unchanged: 0/0
 11880 ;; Data sizes:     COMMON   BANK0   BANK1   BANK2   BANK3   BANK4   BANK5   BANK6   BANK7   BANK8   BANK9  BANK10  BANK1
      +1  BANK12  BANK13  BANK14  BANK15  BANK16  BANK17  BANK18  BANK19  BANK20  BANK21  BANK22  BANK23  BANK24  BANK25
 11881 ;;      Params:         0       0       0       0       0       0       0       0       0       0       0       0       
      +0       0       0       0       0       0       0       0       0       0       0       0       0       0       0
 11882 ;;      Locals:         0       0       0       0       0       0       0       0       0       0       0       0       
      +0       0       0       0       0       0       0       0       0       0       0       0       0       0       0
 11883 ;;      Temps:          0       0       0       0       0       0       0       0       0       0       0       0       
      +0       0       0       0       0       0       0       0       0       0       0       0       0       0       0
 11884 ;;      Totals:         0       0       0       0       0       0       0       0       0       0       0       0       
      +0       0       0       0       0       0       0       0       0       0       0       0       0       0       0
 11885 ;;Total ram usage:        0 bytes
 11886 ;; Hardware stack levels used: 1
 11887 ;; Hardware stack levels required when called: 4
 11888 ;; This function calls:
 11889 ;;		Nothing
 11890 ;; This function is called by:
 11891 ;;		_SYSTEM_Initialize
 11892 ;; This function uses a non-reentrant model
 11893 ;;
 11894                           
 11895     0507                     _OSCILLATOR_Initialize:	
 11896                           ;psect for function _OSCILLATOR_Initialize
 11897                           
 11898     0507                     l5716:	
 11899                           ;incstack = 0
 11900                           ; Regs used in _OSCILLATOR_Initialize: [wreg+status,2]
 11901                           
 11902                           
 11903                           ;mcc_generated_files/mcc.c: 65:     OSCCON1 = 0x60;
 11904     0507  3060               	movlw	96
 11905     0508  0151               	movlb	17	; select bank17
 11906     0509  008D               	movwf	13	;volatile
 11907     050A                     l5718:
 11908                           
 11909                           ;mcc_generated_files/mcc.c: 67:     OSCCON3 = 0x00;
 11910     050A  018F               	clrf	15	;volatile
 11911     050B                     l5720:
 11912                           
 11913                           ;mcc_generated_files/mcc.c: 69:     OSCEN = 0x00;
 11914     050B  0191               	clrf	17	;volatile
 11915                           
 11916                           ;mcc_generated_files/mcc.c: 71:     OSCFRQ = 0x06;
 11917     050C  3006               	movlw	6
 11918     050D  0093               	movwf	19	;volatile
 11919     050E                     l5722:
 11920                           
 11921                           ;mcc_generated_files/mcc.c: 73:     OSCSTAT = 0x00;
 11922     050E  0190               	clrf	16	;volatile
 11923     050F                     l5724:
 11924                           
 11925                           ;mcc_generated_files/mcc.c: 75:     OSCTUNE = 0x00;
 11926     050F  0192               	clrf	18	;volatile
 11927     0510                     l1378:
 11928     0510  0008               	return
 11929     0511                     __end_of_OSCILLATOR_Initialize:
 11930                           
 11931                           	psect	text13
 11932     0525                     __ptext13:	
 11933 ;; *************** function _I2C1_Initialize *****************
 11934 ;; Defined at:
 11935 ;;		line 167 in file "mcc_generated_files/i2c1_master.c"
 11936 ;; Parameters:    Size  Location     Type
 11937 ;;		None
 11938 ;; Auto vars:     Size  Location     Type
 11939 ;;		None
 11940 ;; Return value:  Size  Location     Type
 11941 ;;                  1    wreg      void 
 11942 ;; Registers used:
 11943 ;;		wreg, status,2
 11944 ;; Tracked objects:
 11945 ;;		On entry : 0/0
 11946 ;;		On exit  : 0/0
 11947 ;;		Unchanged: 0/0
 11948 ;; Data sizes:     COMMON   BANK0   BANK1   BANK2   BANK3   BANK4   BANK5   BANK6   BANK7   BANK8   BANK9  BANK10  BANK1
      +1  BANK12  BANK13  BANK14  BANK15  BANK16  BANK17  BANK18  BANK19  BANK20  BANK21  BANK22  BANK23  BANK24  BANK25
 11949 ;;      Params:         0       0       0       0       0       0       0       0       0       0       0       0       
      +0       0       0       0       0       0       0       0       0       0       0       0       0       0       0
 11950 ;;      Locals:         0       0       0       0       0       0       0       0       0       0       0       0       
      +0       0       0       0       0       0       0       0       0       0       0       0       0       0       0
 11951 ;;      Temps:          0       0       0       0       0       0       0       0       0       0       0       0       
      +0       0       0       0       0       0       0       0       0       0       0       0       0       0       0
 11952 ;;      Totals:         0       0       0       0       0       0       0       0       0       0       0       0       
      +0       0       0       0       0       0       0       0       0       0       0       0       0       0       0
 11953 ;;Total ram usage:        0 bytes
 11954 ;; Hardware stack levels used: 1
 11955 ;; Hardware stack levels required when called: 4
 11956 ;; This function calls:
 11957 ;;		Nothing
 11958 ;; This function is called by:
 11959 ;;		_SYSTEM_Initialize
 11960 ;; This function uses a non-reentrant model
 11961 ;;
 11962                           
 11963     0525                     _I2C1_Initialize:	
 11964                           ;psect for function _I2C1_Initialize
 11965                           
 11966     0525                     l5628:	
 11967                           ;incstack = 0
 11968                           ; Regs used in _I2C1_Initialize: [wreg+status,2]
 11969                           
 11970                           
 11971                           ;mcc_generated_files/i2c1_master.c: 169:     SSP1STAT = 0x00;
 11972     0525  0143               	movlb	3	; select bank3
 11973     0526  018F               	clrf	15	;volatile
 11974     0527                     l5630:
 11975                           
 11976                           ;mcc_generated_files/i2c1_master.c: 170:     SSP1CON1 = 0x08;
 11977     0527  3008               	movlw	8
 11978     0528  0090               	movwf	16	;volatile
 11979     0529                     l5632:
 11980                           
 11981                           ;mcc_generated_files/i2c1_master.c: 171:     SSP1CON2 = 0x00;
 11982     0529  0191               	clrf	17	;volatile
 11983                           
 11984                           ;mcc_generated_files/i2c1_master.c: 172:     SSP1ADD = 0x4F;
 11985     052A  304F               	movlw	79
 11986     052B  008D               	movwf	13	;volatile
 11987     052C                     l5634:
 11988                           
 11989                           ;mcc_generated_files/i2c1_master.c: 173:     SSP1CON1bits.SSPEN = 0;
 11990     052C  1290               	bcf	16,5	;volatile
 11991     052D                     l1775:
 11992     052D  0008               	return
 11993     052E                     __end_of_I2C1_Initialize:
 11994                           
 11995                           	psect	text14
 11996     01A7                     __ptext14:	
 11997 ;; *************** function _EUSART2_Initialize *****************
 11998 ;; Defined at:
 11999 ;;		line 88 in file "mcc_generated_files/eusart2.c"
 12000 ;; Parameters:    Size  Location     Type
 12001 ;;		None
 12002 ;; Auto vars:     Size  Location     Type
 12003 ;;		None
 12004 ;; Return value:  Size  Location     Type
 12005 ;;                  1    wreg      void 
 12006 ;; Registers used:
 12007 ;;		wreg, status,2, status,0, pclath, cstack
 12008 ;; Tracked objects:
 12009 ;;		On entry : 0/0
 12010 ;;		On exit  : 0/0
 12011 ;;		Unchanged: 0/0
 12012 ;; Data sizes:     COMMON   BANK0   BANK1   BANK2   BANK3   BANK4   BANK5   BANK6   BANK7   BANK8   BANK9  BANK10  BANK1
      +1  BANK12  BANK13  BANK14  BANK15  BANK16  BANK17  BANK18  BANK19  BANK20  BANK21  BANK22  BANK23  BANK24  BANK25
 12013 ;;      Params:         0       0       0       0       0       0       0       0       0       0       0       0       
      +0       0       0       0       0       0       0       0       0       0       0       0       0       0       0
 12014 ;;      Locals:         0       0       0       0       0       0       0       0       0       0       0       0       
      +0       0       0       0       0       0       0       0       0       0       0       0       0       0       0
 12015 ;;      Temps:          0       0       0       0       0       0       0       0       0       0       0       0       
      +0       0       0       0       0       0       0       0       0       0       0       0       0       0       0
 12016 ;;      Totals:         0       0       0       0       0       0       0       0       0       0       0       0       
      +0       0       0       0       0       0       0       0       0       0       0       0       0       0       0
 12017 ;;Total ram usage:        0 bytes
 12018 ;; Hardware stack levels used: 1
 12019 ;; Hardware stack levels required when called: 5
 12020 ;; This function calls:
 12021 ;;		_EUSART2_SetErrorHandler
 12022 ;;		_EUSART2_SetFramingErrorHandler
 12023 ;;		_EUSART2_SetOverrunErrorHandler
 12024 ;;		_EUSART2_SetRxInterruptHandler
 12025 ;;		_EUSART2_SetTxInterruptHandler
 12026 ;; This function is called by:
 12027 ;;		_SYSTEM_Initialize
 12028 ;; This function uses a non-reentrant model
 12029 ;;
 12030                           
 12031     01A7                     _EUSART2_Initialize:	
 12032                           ;psect for function _EUSART2_Initialize
 12033                           
 12034     01A7                     l5554:	
 12035                           ;incstack = 0
 12036                           ; Regs used in _EUSART2_Initialize: [wreg+status,2+status,0+pclath+cstack]
 12037                           
 12038                           
 12039                           ;mcc_generated_files/eusart2.c: 91:     PIE3bits.RC2IE = 0;
 12040     01A7  014E               	movlb	14	; select bank14
 12041     01A8  1399               	bcf	25,7	;volatile
 12042     01A9                     l5556:
 12043                           
 12044                           ;mcc_generated_files/eusart2.c: 92:     EUSART2_SetRxInterruptHandler(EUSART2_Receive_IS
      +                          R);
 12045     01A9  3023               	movlw	low _EUSART2_Receive_ISR
 12046     01AA  00F8               	movwf	EUSART2_SetRxInterruptHandler@interruptHandler
 12047     01AB  3002               	movlw	high _EUSART2_Receive_ISR
 12048     01AC  00F9               	movwf	EUSART2_SetRxInterruptHandler@interruptHandler+1
 12049     01AD  3185  256F  3181   	fcall	_EUSART2_SetRxInterruptHandler
 12050     01B0                     l5558:
 12051                           
 12052                           ;mcc_generated_files/eusart2.c: 93:     PIE3bits.TX2IE = 0;
 12053     01B0  014E               	movlb	14	; select bank14
 12054     01B1  1319               	bcf	25,6	;volatile
 12055                           
 12056                           ;mcc_generated_files/eusart2.c: 94:     EUSART2_SetTxInterruptHandler(EUSART2_Transmit_I
      +                          SR);
 12057     01B2  3029               	movlw	low _EUSART2_Transmit_ISR
 12058     01B3  00F8               	movwf	EUSART2_SetTxInterruptHandler@interruptHandler
 12059     01B4  3003               	movlw	high _EUSART2_Transmit_ISR
 12060     01B5  00F9               	movwf	EUSART2_SetTxInterruptHandler@interruptHandler+1
 12061     01B6  3185  2569  3181   	fcall	_EUSART2_SetTxInterruptHandler
 12062     01B9                     l5560:
 12063                           
 12064                           ;mcc_generated_files/eusart2.c: 98:     BAUD2CON = 0x08;
 12065     01B9  3008               	movlw	8
 12066     01BA  0154               	movlb	20	; select bank20
 12067     01BB  009F               	movwf	31	;volatile
 12068     01BC                     l5562:
 12069                           
 12070                           ;mcc_generated_files/eusart2.c: 101:     RC2STA = 0x90;
 12071     01BC  3090               	movlw	144
 12072     01BD  009D               	movwf	29	;volatile
 12073     01BE                     l5564:
 12074                           
 12075                           ;mcc_generated_files/eusart2.c: 104:     TX2STA = 0x24;
 12076     01BE  3024               	movlw	36
 12077     01BF  009E               	movwf	30	;volatile
 12078     01C0                     l5566:
 12079                           
 12080                           ;mcc_generated_files/eusart2.c: 107:     SP2BRGL = 0x40;
 12081     01C0  3040               	movlw	64
 12082     01C1  009B               	movwf	27	;volatile
 12083     01C2                     l5568:
 12084                           
 12085                           ;mcc_generated_files/eusart2.c: 110:     SP2BRGH = 0x03;
 12086     01C2  3003               	movlw	3
 12087     01C3  009C               	movwf	28	;volatile
 12088     01C4                     l5570:
 12089                           
 12090                           ;mcc_generated_files/eusart2.c: 113:     EUSART2_SetFramingErrorHandler(EUSART2_DefaultF
      +                          ramingErrorHandler);
 12091     01C4  30D2               	movlw	low _EUSART2_DefaultFramingErrorHandler
 12092     01C5  00F8               	movwf	EUSART2_SetFramingErrorHandler@interruptHandler
 12093     01C6  3005               	movlw	high _EUSART2_DefaultFramingErrorHandler
 12094     01C7  00F9               	movwf	EUSART2_SetFramingErrorHandler@interruptHandler+1
 12095     01C8  3185  257B  3181   	fcall	_EUSART2_SetFramingErrorHandler
 12096     01CB                     l5572:
 12097                           
 12098                           ;mcc_generated_files/eusart2.c: 114:     EUSART2_SetOverrunErrorHandler(EUSART2_DefaultO
      +                          verrunErrorHandler);
 12099     01CB  30B8               	movlw	low _EUSART2_DefaultOverrunErrorHandler
 12100     01CC  00F8               	movwf	EUSART2_SetOverrunErrorHandler@interruptHandler
 12101     01CD  3005               	movlw	high _EUSART2_DefaultOverrunErrorHandler
 12102     01CE  00F9               	movwf	EUSART2_SetOverrunErrorHandler@interruptHandler+1
 12103     01CF  3185  2575  3181   	fcall	_EUSART2_SetOverrunErrorHandler
 12104     01D2                     l5574:
 12105                           
 12106                           ;mcc_generated_files/eusart2.c: 115:     EUSART2_SetErrorHandler(EUSART2_DefaultErrorHan
      +                          dler);
 12107     01D2  30BC               	movlw	low _EUSART2_DefaultErrorHandler
 12108     01D3  00F8               	movwf	EUSART2_SetErrorHandler@interruptHandler
 12109     01D4  3005               	movlw	high _EUSART2_DefaultErrorHandler
 12110     01D5  00F9               	movwf	EUSART2_SetErrorHandler@interruptHandler+1
 12111     01D6  3185  2581  3181   	fcall	_EUSART2_SetErrorHandler
 12112     01D9                     l5576:
 12113                           
 12114                           ;mcc_generated_files/eusart2.c: 117:     eusart2RxLastError.status = 0;
 12115     01D9  0140               	movlb	0	; select bank0
 12116     01DA  01D4               	clrf	_eusart2RxLastError	;volatile
 12117     01DB                     l5578:
 12118                           
 12119                           ;mcc_generated_files/eusart2.c: 120:     eusart2TxHead = 0;
 12120     01DB  01F6               	clrf	_eusart2TxHead	;volatile
 12121     01DC                     l5580:
 12122                           
 12123                           ;mcc_generated_files/eusart2.c: 121:     eusart2TxTail = 0;
 12124     01DC  01D7               	clrf	_eusart2TxTail	;volatile
 12125     01DD                     l5582:
 12126                           
 12127                           ;mcc_generated_files/eusart2.c: 122:     eusart2TxBufferRemaining = sizeof(eusart2TxBuff
      +                          er);
 12128     01DD  3008               	movlw	8
 12129     01DE  00D6               	movwf	_eusart2TxBufferRemaining	;volatile
 12130                           
 12131                           ;mcc_generated_files/eusart2.c: 124:     eusart2RxHead = 0;
 12132     01DF  01F5               	clrf	_eusart2RxHead	;volatile
 12133                           
 12134                           ;mcc_generated_files/eusart2.c: 125:     eusart2RxTail = 0;
 12135     01E0  01F4               	clrf	_eusart2RxTail	;volatile
 12136                           
 12137                           ;mcc_generated_files/eusart2.c: 126:     eusart2RxCount = 0;
 12138     01E1  01D5               	clrf	_eusart2RxCount	;volatile
 12139     01E2                     l5584:
 12140                           
 12141                           ;mcc_generated_files/eusart2.c: 129:     PIE3bits.RC2IE = 1;
 12142     01E2  014E               	movlb	14	; select bank14
 12143     01E3  1799               	bsf	25,7	;volatile
 12144     01E4                     l1068:
 12145     01E4  0008               	return
 12146     01E5                     __end_of_EUSART2_Initialize:
 12147                           
 12148                           	psect	text15
 12149     0569                     __ptext15:	
 12150 ;; *************** function _EUSART2_SetTxInterruptHandler *****************
 12151 ;; Defined at:
 12152 ;;		line 276 in file "mcc_generated_files/eusart2.c"
 12153 ;; Parameters:    Size  Location     Type
 12154 ;;  interruptHan    2    1[COMMON] PTR FTN()void 
 12155 ;;		 -> EUSART2_Transmit_ISR(1), EUSART1_Transmit_ISR(1), 
 12156 ;; Auto vars:     Size  Location     Type
 12157 ;;		None
 12158 ;; Return value:  Size  Location     Type
 12159 ;;                  1    wreg      void 
 12160 ;; Registers used:
 12161 ;;		wreg
 12162 ;; Tracked objects:
 12163 ;;		On entry : 0/0
 12164 ;;		On exit  : 0/0
 12165 ;;		Unchanged: 0/0
 12166 ;; Data sizes:     COMMON   BANK0   BANK1   BANK2   BANK3   BANK4   BANK5   BANK6   BANK7   BANK8   BANK9  BANK10  BANK1
      +1  BANK12  BANK13  BANK14  BANK15  BANK16  BANK17  BANK18  BANK19  BANK20  BANK21  BANK22  BANK23  BANK24  BANK25
 12167 ;;      Params:         2       0       0       0       0       0       0       0       0       0       0       0       
      +0       0       0       0       0       0       0       0       0       0       0       0       0       0       0
 12168 ;;      Locals:         0       0       0       0       0       0       0       0       0       0       0       0       
      +0       0       0       0       0       0       0       0       0       0       0       0       0       0       0
 12169 ;;      Temps:          0       0       0       0       0       0       0       0       0       0       0       0       
      +0       0       0       0       0       0       0       0       0       0       0       0       0       0       0
 12170 ;;      Totals:         2       0       0       0       0       0       0       0       0       0       0       0       
      +0       0       0       0       0       0       0       0       0       0       0       0       0       0       0
 12171 ;;Total ram usage:        2 bytes
 12172 ;; Hardware stack levels used: 1
 12173 ;; Hardware stack levels required when called: 4
 12174 ;; This function calls:
 12175 ;;		Nothing
 12176 ;; This function is called by:
 12177 ;;		_EUSART2_Initialize
 12178 ;; This function uses a non-reentrant model
 12179 ;;
 12180                           
 12181     0569                     _EUSART2_SetTxInterruptHandler:	
 12182                           ;psect for function _EUSART2_SetTxInterruptHandler
 12183                           
 12184     0569                     l5284:	
 12185                           ;incstack = 0
 12186                           ; Regs used in _EUSART2_SetTxInterruptHandler: [wreg]
 12187                           
 12188                           
 12189                           ;mcc_generated_files/eusart2.c: 277:     EUSART2_TxDefaultInterruptHandler = interruptHa
      +                          ndler;
 12190     0569  0879               	movf	EUSART2_SetTxInterruptHandler@interruptHandler+1,w
 12191     056A  0140               	movlb	0	; select bank0
 12192     056B  00ED               	movwf	_EUSART2_TxDefaultInterruptHandler+1
 12193     056C  0878               	movf	EUSART2_SetTxInterruptHandler@interruptHandler,w
 12194     056D  00EC               	movwf	_EUSART2_TxDefaultInterruptHandler
 12195     056E                     l1134:
 12196     056E  0008               	return
 12197     056F                     __end_of_EUSART2_SetTxInterruptHandler:
 12198                           
 12199                           	psect	text16
 12200     056F                     __ptext16:	
 12201 ;; *************** function _EUSART2_SetRxInterruptHandler *****************
 12202 ;; Defined at:
 12203 ;;		line 280 in file "mcc_generated_files/eusart2.c"
 12204 ;; Parameters:    Size  Location     Type
 12205 ;;  interruptHan    2    1[COMMON] PTR FTN()void 
 12206 ;;		 -> EUSART2_Receive_ISR(1), EUSART1_Receive_ISR(1), 
 12207 ;; Auto vars:     Size  Location     Type
 12208 ;;		None
 12209 ;; Return value:  Size  Location     Type
 12210 ;;                  1    wreg      void 
 12211 ;; Registers used:
 12212 ;;		wreg
 12213 ;; Tracked objects:
 12214 ;;		On entry : 0/0
 12215 ;;		On exit  : 0/0
 12216 ;;		Unchanged: 0/0
 12217 ;; Data sizes:     COMMON   BANK0   BANK1   BANK2   BANK3   BANK4   BANK5   BANK6   BANK7   BANK8   BANK9  BANK10  BANK1
      +1  BANK12  BANK13  BANK14  BANK15  BANK16  BANK17  BANK18  BANK19  BANK20  BANK21  BANK22  BANK23  BANK24  BANK25
 12218 ;;      Params:         2       0       0       0       0       0       0       0       0       0       0       0       
      +0       0       0       0       0       0       0       0       0       0       0       0       0       0       0
 12219 ;;      Locals:         0       0       0       0       0       0       0       0       0       0       0       0       
      +0       0       0       0       0       0       0       0       0       0       0       0       0       0       0
 12220 ;;      Temps:          0       0       0       0       0       0       0       0       0       0       0       0       
      +0       0       0       0       0       0       0       0       0       0       0       0       0       0       0
 12221 ;;      Totals:         2       0       0       0       0       0       0       0       0       0       0       0       
      +0       0       0       0       0       0       0       0       0       0       0       0       0       0       0
 12222 ;;Total ram usage:        2 bytes
 12223 ;; Hardware stack levels used: 1
 12224 ;; Hardware stack levels required when called: 4
 12225 ;; This function calls:
 12226 ;;		Nothing
 12227 ;; This function is called by:
 12228 ;;		_EUSART2_Initialize
 12229 ;; This function uses a non-reentrant model
 12230 ;;
 12231                           
 12232     056F                     _EUSART2_SetRxInterruptHandler:	
 12233                           ;psect for function _EUSART2_SetRxInterruptHandler
 12234                           
 12235     056F                     l5282:	
 12236                           ;incstack = 0
 12237                           ; Regs used in _EUSART2_SetRxInterruptHandler: [wreg]
 12238                           
 12239                           
 12240                           ;mcc_generated_files/eusart2.c: 281:     EUSART2_RxDefaultInterruptHandler = interruptHa
      +                          ndler;
 12241     056F  0879               	movf	EUSART2_SetRxInterruptHandler@interruptHandler+1,w
 12242     0570  0141               	movlb	1	; select bank1
 12243     0571  00EF               	movwf	(_EUSART2_RxDefaultInterruptHandler+1)^(0+128)
 12244     0572  0878               	movf	EUSART2_SetRxInterruptHandler@interruptHandler,w
 12245     0573  00EE               	movwf	_EUSART2_RxDefaultInterruptHandler^(0+128)
 12246     0574                     l1137:
 12247     0574  0008               	return
 12248     0575                     __end_of_EUSART2_SetRxInterruptHandler:
 12249                           
 12250                           	psect	text17
 12251     0575                     __ptext17:	
 12252 ;; *************** function _EUSART2_SetOverrunErrorHandler *****************
 12253 ;; Defined at:
 12254 ;;		line 268 in file "mcc_generated_files/eusart2.c"
 12255 ;; Parameters:    Size  Location     Type
 12256 ;;  interruptHan    2    1[COMMON] PTR FTN()void 
 12257 ;;		 -> EUSART2_DefaultOverrunErrorHandler(1), 
 12258 ;; Auto vars:     Size  Location     Type
 12259 ;;		None
 12260 ;; Return value:  Size  Location     Type
 12261 ;;                  1    wreg      void 
 12262 ;; Registers used:
 12263 ;;		wreg
 12264 ;; Tracked objects:
 12265 ;;		On entry : 0/0
 12266 ;;		On exit  : 0/0
 12267 ;;		Unchanged: 0/0
 12268 ;; Data sizes:     COMMON   BANK0   BANK1   BANK2   BANK3   BANK4   BANK5   BANK6   BANK7   BANK8   BANK9  BANK10  BANK1
      +1  BANK12  BANK13  BANK14  BANK15  BANK16  BANK17  BANK18  BANK19  BANK20  BANK21  BANK22  BANK23  BANK24  BANK25
 12269 ;;      Params:         2       0       0       0       0       0       0       0       0       0       0       0       
      +0       0       0       0       0       0       0       0       0       0       0       0       0       0       0
 12270 ;;      Locals:         0       0       0       0       0       0       0       0       0       0       0       0       
      +0       0       0       0       0       0       0       0       0       0       0       0       0       0       0
 12271 ;;      Temps:          0       0       0       0       0       0       0       0       0       0       0       0       
      +0       0       0       0       0       0       0       0       0       0       0       0       0       0       0
 12272 ;;      Totals:         2       0       0       0       0       0       0       0       0       0       0       0       
      +0       0       0       0       0       0       0       0       0       0       0       0       0       0       0
 12273 ;;Total ram usage:        2 bytes
 12274 ;; Hardware stack levels used: 1
 12275 ;; Hardware stack levels required when called: 4
 12276 ;; This function calls:
 12277 ;;		Nothing
 12278 ;; This function is called by:
 12279 ;;		_EUSART2_Initialize
 12280 ;; This function uses a non-reentrant model
 12281 ;;
 12282                           
 12283     0575                     _EUSART2_SetOverrunErrorHandler:	
 12284                           ;psect for function _EUSART2_SetOverrunErrorHandler
 12285                           
 12286     0575                     l5288:	
 12287                           ;incstack = 0
 12288                           ; Regs used in _EUSART2_SetOverrunErrorHandler: [wreg]
 12289                           
 12290                           
 12291                           ;mcc_generated_files/eusart2.c: 269:     EUSART2_OverrunErrorHandler = interruptHandler;
 12292     0575  0879               	movf	EUSART2_SetOverrunErrorHandler@interruptHandler+1,w
 12293     0576  0142               	movlb	2	; select bank2
 12294     0577  00BE               	movwf	(_EUSART2_OverrunErrorHandler+1)^(0+256)
 12295     0578  0878               	movf	EUSART2_SetOverrunErrorHandler@interruptHandler,w
 12296     0579  00BD               	movwf	_EUSART2_OverrunErrorHandler^(0+256)
 12297     057A                     l1128:
 12298     057A  0008               	return
 12299     057B                     __end_of_EUSART2_SetOverrunErrorHandler:
 12300                           
 12301                           	psect	text18
 12302     057B                     __ptext18:	
 12303 ;; *************** function _EUSART2_SetFramingErrorHandler *****************
 12304 ;; Defined at:
 12305 ;;		line 264 in file "mcc_generated_files/eusart2.c"
 12306 ;; Parameters:    Size  Location     Type
 12307 ;;  interruptHan    2    1[COMMON] PTR FTN()void 
 12308 ;;		 -> EUSART2_DefaultFramingErrorHandler(1), 
 12309 ;; Auto vars:     Size  Location     Type
 12310 ;;		None
 12311 ;; Return value:  Size  Location     Type
 12312 ;;                  1    wreg      void 
 12313 ;; Registers used:
 12314 ;;		wreg
 12315 ;; Tracked objects:
 12316 ;;		On entry : 0/0
 12317 ;;		On exit  : 0/0
 12318 ;;		Unchanged: 0/0
 12319 ;; Data sizes:     COMMON   BANK0   BANK1   BANK2   BANK3   BANK4   BANK5   BANK6   BANK7   BANK8   BANK9  BANK10  BANK1
      +1  BANK12  BANK13  BANK14  BANK15  BANK16  BANK17  BANK18  BANK19  BANK20  BANK21  BANK22  BANK23  BANK24  BANK25
 12320 ;;      Params:         2       0       0       0       0       0       0       0       0       0       0       0       
      +0       0       0       0       0       0       0       0       0       0       0       0       0       0       0
 12321 ;;      Locals:         0       0       0       0       0       0       0       0       0       0       0       0       
      +0       0       0       0       0       0       0       0       0       0       0       0       0       0       0
 12322 ;;      Temps:          0       0       0       0       0       0       0       0       0       0       0       0       
      +0       0       0       0       0       0       0       0       0       0       0       0       0       0       0
 12323 ;;      Totals:         2       0       0       0       0       0       0       0       0       0       0       0       
      +0       0       0       0       0       0       0       0       0       0       0       0       0       0       0
 12324 ;;Total ram usage:        2 bytes
 12325 ;; Hardware stack levels used: 1
 12326 ;; Hardware stack levels required when called: 4
 12327 ;; This function calls:
 12328 ;;		Nothing
 12329 ;; This function is called by:
 12330 ;;		_EUSART2_Initialize
 12331 ;; This function uses a non-reentrant model
 12332 ;;
 12333                           
 12334     057B                     _EUSART2_SetFramingErrorHandler:	
 12335                           ;psect for function _EUSART2_SetFramingErrorHandler
 12336                           
 12337     057B                     l5286:	
 12338                           ;incstack = 0
 12339                           ; Regs used in _EUSART2_SetFramingErrorHandler: [wreg]
 12340                           
 12341                           
 12342                           ;mcc_generated_files/eusart2.c: 265:     EUSART2_FramingErrorHandler = interruptHandler;
 12343     057B  0879               	movf	EUSART2_SetFramingErrorHandler@interruptHandler+1,w
 12344     057C  0141               	movlb	1	; select bank1
 12345     057D  00ED               	movwf	(_EUSART2_FramingErrorHandler+1)^(0+128)
 12346     057E  0878               	movf	EUSART2_SetFramingErrorHandler@interruptHandler,w
 12347     057F  00EC               	movwf	_EUSART2_FramingErrorHandler^(0+128)
 12348     0580                     l1125:
 12349     0580  0008               	return
 12350     0581                     __end_of_EUSART2_SetFramingErrorHandler:
 12351                           
 12352                           	psect	text19
 12353     0581                     __ptext19:	
 12354 ;; *************** function _EUSART2_SetErrorHandler *****************
 12355 ;; Defined at:
 12356 ;;		line 272 in file "mcc_generated_files/eusart2.c"
 12357 ;; Parameters:    Size  Location     Type
 12358 ;;  interruptHan    2    1[COMMON] PTR FTN()void 
 12359 ;;		 -> EUSART2_DefaultErrorHandler(1), 
 12360 ;; Auto vars:     Size  Location     Type
 12361 ;;		None
 12362 ;; Return value:  Size  Location     Type
 12363 ;;                  1    wreg      void 
 12364 ;; Registers used:
 12365 ;;		wreg
 12366 ;; Tracked objects:
 12367 ;;		On entry : 0/0
 12368 ;;		On exit  : 0/0
 12369 ;;		Unchanged: 0/0
 12370 ;; Data sizes:     COMMON   BANK0   BANK1   BANK2   BANK3   BANK4   BANK5   BANK6   BANK7   BANK8   BANK9  BANK10  BANK1
      +1  BANK12  BANK13  BANK14  BANK15  BANK16  BANK17  BANK18  BANK19  BANK20  BANK21  BANK22  BANK23  BANK24  BANK25
 12371 ;;      Params:         2       0       0       0       0       0       0       0       0       0       0       0       
      +0       0       0       0       0       0       0       0       0       0       0       0       0       0       0
 12372 ;;      Locals:         0       0       0       0       0       0       0       0       0       0       0       0       
      +0       0       0       0       0       0       0       0       0       0       0       0       0       0       0
 12373 ;;      Temps:          0       0       0       0       0       0       0       0       0       0       0       0       
      +0       0       0       0       0       0       0       0       0       0       0       0       0       0       0
 12374 ;;      Totals:         2       0       0       0       0       0       0       0       0       0       0       0       
      +0       0       0       0       0       0       0       0       0       0       0       0       0       0       0
 12375 ;;Total ram usage:        2 bytes
 12376 ;; Hardware stack levels used: 1
 12377 ;; Hardware stack levels required when called: 4
 12378 ;; This function calls:
 12379 ;;		Nothing
 12380 ;; This function is called by:
 12381 ;;		_EUSART2_Initialize
 12382 ;; This function uses a non-reentrant model
 12383 ;;
 12384                           
 12385     0581                     _EUSART2_SetErrorHandler:	
 12386                           ;psect for function _EUSART2_SetErrorHandler
 12387                           
 12388     0581                     l5290:	
 12389                           ;incstack = 0
 12390                           ; Regs used in _EUSART2_SetErrorHandler: [wreg]
 12391                           
 12392                           
 12393                           ;mcc_generated_files/eusart2.c: 273:     EUSART2_ErrorHandler = interruptHandler;
 12394     0581  0879               	movf	EUSART2_SetErrorHandler@interruptHandler+1,w
 12395     0582  0142               	movlb	2	; select bank2
 12396     0583  00BC               	movwf	(_EUSART2_ErrorHandler+1)^(0+256)
 12397     0584  0878               	movf	EUSART2_SetErrorHandler@interruptHandler,w
 12398     0585  00BB               	movwf	_EUSART2_ErrorHandler^(0+256)
 12399     0586                     l1131:
 12400     0586  0008               	return
 12401     0587                     __end_of_EUSART2_SetErrorHandler:
 12402                           
 12403                           	psect	text20
 12404     01E5                     __ptext20:	
 12405 ;; *************** function _EUSART1_Initialize *****************
 12406 ;; Defined at:
 12407 ;;		line 88 in file "mcc_generated_files/eusart1.c"
 12408 ;; Parameters:    Size  Location     Type
 12409 ;;		None
 12410 ;; Auto vars:     Size  Location     Type
 12411 ;;		None
 12412 ;; Return value:  Size  Location     Type
 12413 ;;                  1    wreg      void 
 12414 ;; Registers used:
 12415 ;;		wreg, status,2, status,0, pclath, cstack
 12416 ;; Tracked objects:
 12417 ;;		On entry : 0/0
 12418 ;;		On exit  : 0/0
 12419 ;;		Unchanged: 0/0
 12420 ;; Data sizes:     COMMON   BANK0   BANK1   BANK2   BANK3   BANK4   BANK5   BANK6   BANK7   BANK8   BANK9  BANK10  BANK1
      +1  BANK12  BANK13  BANK14  BANK15  BANK16  BANK17  BANK18  BANK19  BANK20  BANK21  BANK22  BANK23  BANK24  BANK25
 12421 ;;      Params:         0       0       0       0       0       0       0       0       0       0       0       0       
      +0       0       0       0       0       0       0       0       0       0       0       0       0       0       0
 12422 ;;      Locals:         0       0       0       0       0       0       0       0       0       0       0       0       
      +0       0       0       0       0       0       0       0       0       0       0       0       0       0       0
 12423 ;;      Temps:          0       0       0       0       0       0       0       0       0       0       0       0       
      +0       0       0       0       0       0       0       0       0       0       0       0       0       0       0
 12424 ;;      Totals:         0       0       0       0       0       0       0       0       0       0       0       0       
      +0       0       0       0       0       0       0       0       0       0       0       0       0       0       0
 12425 ;;Total ram usage:        0 bytes
 12426 ;; Hardware stack levels used: 1
 12427 ;; Hardware stack levels required when called: 5
 12428 ;; This function calls:
 12429 ;;		_EUSART1_SetErrorHandler
 12430 ;;		_EUSART1_SetFramingErrorHandler
 12431 ;;		_EUSART1_SetOverrunErrorHandler
 12432 ;;		_EUSART1_SetRxInterruptHandler
 12433 ;;		_EUSART1_SetTxInterruptHandler
 12434 ;; This function is called by:
 12435 ;;		_SYSTEM_Initialize
 12436 ;; This function uses a non-reentrant model
 12437 ;;
 12438                           
 12439     01E5                     _EUSART1_Initialize:	
 12440                           ;psect for function _EUSART1_Initialize
 12441                           
 12442     01E5                     l5590:	
 12443                           ;incstack = 0
 12444                           ; Regs used in _EUSART1_Initialize: [wreg+status,2+status,0+pclath+cstack]
 12445                           
 12446                           
 12447                           ;mcc_generated_files/eusart1.c: 91:     PIE3bits.RC1IE = 0;
 12448     01E5  014E               	movlb	14	; select bank14
 12449     01E6  1299               	bcf	25,5	;volatile
 12450     01E7                     l5592:
 12451                           
 12452                           ;mcc_generated_files/eusart1.c: 92:     EUSART1_SetRxInterruptHandler(EUSART1_Receive_IS
      +                          R);
 12453     01E7  305C               	movlw	low _EUSART1_Receive_ISR
 12454     01E8  00F8               	movwf	EUSART1_SetRxInterruptHandler@interruptHandler
 12455     01E9  3002               	movlw	high _EUSART1_Receive_ISR
 12456     01EA  00F9               	movwf	EUSART1_SetRxInterruptHandler@interruptHandler+1
 12457     01EB  3185  258D  3181   	fcall	_EUSART1_SetRxInterruptHandler
 12458     01EE                     l5594:
 12459                           
 12460                           ;mcc_generated_files/eusart1.c: 93:     PIE3bits.TX1IE = 0;
 12461     01EE  014E               	movlb	14	; select bank14
 12462     01EF  1219               	bcf	25,4	;volatile
 12463                           
 12464                           ;mcc_generated_files/eusart1.c: 94:     EUSART1_SetTxInterruptHandler(EUSART1_Transmit_I
      +                          SR);
 12465     01F0  3007               	movlw	low _EUSART1_Transmit_ISR
 12466     01F1  00F8               	movwf	EUSART1_SetTxInterruptHandler@interruptHandler
 12467     01F2  3003               	movlw	high _EUSART1_Transmit_ISR
 12468     01F3  00F9               	movwf	EUSART1_SetTxInterruptHandler@interruptHandler+1
 12469     01F4  3185  2587  3181   	fcall	_EUSART1_SetTxInterruptHandler
 12470     01F7                     l5596:
 12471                           
 12472                           ;mcc_generated_files/eusart1.c: 98:     BAUD1CON = 0x08;
 12473     01F7  3008               	movlw	8
 12474     01F8  0142               	movlb	2	; select bank2
 12475     01F9  009F               	movwf	31	;volatile
 12476     01FA                     l5598:
 12477                           
 12478                           ;mcc_generated_files/eusart1.c: 101:     RC1STA = 0x90;
 12479     01FA  3090               	movlw	144
 12480     01FB  009D               	movwf	29	;volatile
 12481     01FC                     l5600:
 12482                           
 12483                           ;mcc_generated_files/eusart1.c: 104:     TX1STA = 0x24;
 12484     01FC  3024               	movlw	36
 12485     01FD  009E               	movwf	30	;volatile
 12486     01FE                     l5602:
 12487                           
 12488                           ;mcc_generated_files/eusart1.c: 107:     SP1BRGL = 0x40;
 12489     01FE  3040               	movlw	64
 12490     01FF  009B               	movwf	27	;volatile
 12491     0200                     l5604:
 12492                           
 12493                           ;mcc_generated_files/eusart1.c: 110:     SP1BRGH = 0x03;
 12494     0200  3003               	movlw	3
 12495     0201  009C               	movwf	28	;volatile
 12496     0202                     l5606:
 12497                           
 12498                           ;mcc_generated_files/eusart1.c: 113:     EUSART1_SetFramingErrorHandler(EUSART1_DefaultF
      +                          ramingErrorHandler);
 12499     0202  30D3               	movlw	low _EUSART1_DefaultFramingErrorHandler
 12500     0203  00F8               	movwf	EUSART1_SetFramingErrorHandler@interruptHandler
 12501     0204  3005               	movlw	high _EUSART1_DefaultFramingErrorHandler
 12502     0205  00F9               	movwf	EUSART1_SetFramingErrorHandler@interruptHandler+1
 12503     0206  3185  2599  3181   	fcall	_EUSART1_SetFramingErrorHandler
 12504     0209                     l5608:
 12505                           
 12506                           ;mcc_generated_files/eusart1.c: 114:     EUSART1_SetOverrunErrorHandler(EUSART1_DefaultO
      +                          verrunErrorHandler);
 12507     0209  30C0               	movlw	low _EUSART1_DefaultOverrunErrorHandler
 12508     020A  00F8               	movwf	EUSART1_SetOverrunErrorHandler@interruptHandler
 12509     020B  3005               	movlw	high _EUSART1_DefaultOverrunErrorHandler
 12510     020C  00F9               	movwf	EUSART1_SetOverrunErrorHandler@interruptHandler+1
 12511     020D  3185  2593  3181   	fcall	_EUSART1_SetOverrunErrorHandler
 12512     0210                     l5610:
 12513                           
 12514                           ;mcc_generated_files/eusart1.c: 115:     EUSART1_SetErrorHandler(EUSART1_DefaultErrorHan
      +                          dler);
 12515     0210  30C4               	movlw	low _EUSART1_DefaultErrorHandler
 12516     0211  00F8               	movwf	EUSART1_SetErrorHandler@interruptHandler
 12517     0212  3005               	movlw	high _EUSART1_DefaultErrorHandler
 12518     0213  00F9               	movwf	EUSART1_SetErrorHandler@interruptHandler+1
 12519     0214  3185  259F  3181   	fcall	_EUSART1_SetErrorHandler
 12520     0217                     l5612:
 12521                           
 12522                           ;mcc_generated_files/eusart1.c: 117:     eusart1RxLastError.status = 0;
 12523     0217  0140               	movlb	0	; select bank0
 12524     0218  01CF               	clrf	_eusart1RxLastError	;volatile
 12525     0219                     l5614:
 12526                           
 12527                           ;mcc_generated_files/eusart1.c: 120:     eusart1TxHead = 0;
 12528     0219  01D3               	clrf	_eusart1TxHead	;volatile
 12529     021A                     l5616:
 12530                           
 12531                           ;mcc_generated_files/eusart1.c: 121:     eusart1TxTail = 0;
 12532     021A  01D2               	clrf	_eusart1TxTail	;volatile
 12533     021B                     l5618:
 12534                           
 12535                           ;mcc_generated_files/eusart1.c: 122:     eusart1TxBufferRemaining = sizeof(eusart1TxBuff
      +                          er);
 12536     021B  3008               	movlw	8
 12537     021C  00D1               	movwf	_eusart1TxBufferRemaining	;volatile
 12538                           
 12539                           ;mcc_generated_files/eusart1.c: 124:     eusart1RxHead = 0;
 12540     021D  01F3               	clrf	_eusart1RxHead	;volatile
 12541                           
 12542                           ;mcc_generated_files/eusart1.c: 125:     eusart1RxTail = 0;
 12543     021E  01F2               	clrf	_eusart1RxTail	;volatile
 12544                           
 12545                           ;mcc_generated_files/eusart1.c: 126:     eusart1RxCount = 0;
 12546     021F  01D0               	clrf	_eusart1RxCount	;volatile
 12547     0220                     l5620:
 12548                           
 12549                           ;mcc_generated_files/eusart1.c: 129:     PIE3bits.RC1IE = 1;
 12550     0220  014E               	movlb	14	; select bank14
 12551     0221  1699               	bsf	25,5	;volatile
 12552     0222                     l1212:
 12553     0222  0008               	return
 12554     0223                     __end_of_EUSART1_Initialize:
 12555                           
 12556                           	psect	text21
 12557     0587                     __ptext21:	
 12558 ;; *************** function _EUSART1_SetTxInterruptHandler *****************
 12559 ;; Defined at:
 12560 ;;		line 285 in file "mcc_generated_files/eusart1.c"
 12561 ;; Parameters:    Size  Location     Type
 12562 ;;  interruptHan    2    1[COMMON] PTR FTN()void 
 12563 ;;		 -> EUSART2_Transmit_ISR(1), EUSART1_Transmit_ISR(1), 
 12564 ;; Auto vars:     Size  Location     Type
 12565 ;;		None
 12566 ;; Return value:  Size  Location     Type
 12567 ;;                  1    wreg      void 
 12568 ;; Registers used:
 12569 ;;		wreg
 12570 ;; Tracked objects:
 12571 ;;		On entry : 0/0
 12572 ;;		On exit  : 0/0
 12573 ;;		Unchanged: 0/0
 12574 ;; Data sizes:     COMMON   BANK0   BANK1   BANK2   BANK3   BANK4   BANK5   BANK6   BANK7   BANK8   BANK9  BANK10  BANK1
      +1  BANK12  BANK13  BANK14  BANK15  BANK16  BANK17  BANK18  BANK19  BANK20  BANK21  BANK22  BANK23  BANK24  BANK25
 12575 ;;      Params:         2       0       0       0       0       0       0       0       0       0       0       0       
      +0       0       0       0       0       0       0       0       0       0       0       0       0       0       0
 12576 ;;      Locals:         0       0       0       0       0       0       0       0       0       0       0       0       
      +0       0       0       0       0       0       0       0       0       0       0       0       0       0       0
 12577 ;;      Temps:          0       0       0       0       0       0       0       0       0       0       0       0       
      +0       0       0       0       0       0       0       0       0       0       0       0       0       0       0
 12578 ;;      Totals:         2       0       0       0       0       0       0       0       0       0       0       0       
      +0       0       0       0       0       0       0       0       0       0       0       0       0       0       0
 12579 ;;Total ram usage:        2 bytes
 12580 ;; Hardware stack levels used: 1
 12581 ;; Hardware stack levels required when called: 4
 12582 ;; This function calls:
 12583 ;;		Nothing
 12584 ;; This function is called by:
 12585 ;;		_EUSART1_Initialize
 12586 ;; This function uses a non-reentrant model
 12587 ;;
 12588                           
 12589     0587                     _EUSART1_SetTxInterruptHandler:	
 12590                           ;psect for function _EUSART1_SetTxInterruptHandler
 12591                           
 12592     0587                     l5330:	
 12593                           ;incstack = 0
 12594                           ; Regs used in _EUSART1_SetTxInterruptHandler: [wreg]
 12595                           
 12596                           
 12597                           ;mcc_generated_files/eusart1.c: 286:     EUSART1_TxDefaultInterruptHandler = interruptHa
      +                          ndler;
 12598     0587  0879               	movf	EUSART1_SetTxInterruptHandler@interruptHandler+1,w
 12599     0588  0142               	movlb	2	; select bank2
 12600     0589  00BA               	movwf	(_EUSART1_TxDefaultInterruptHandler+1)^(0+256)
 12601     058A  0878               	movf	EUSART1_SetTxInterruptHandler@interruptHandler,w
 12602     058B  00B9               	movwf	_EUSART1_TxDefaultInterruptHandler^(0+256)
 12603     058C                     l1284:
 12604     058C  0008               	return
 12605     058D                     __end_of_EUSART1_SetTxInterruptHandler:
 12606                           
 12607                           	psect	text22
 12608     058D                     __ptext22:	
 12609 ;; *************** function _EUSART1_SetRxInterruptHandler *****************
 12610 ;; Defined at:
 12611 ;;		line 289 in file "mcc_generated_files/eusart1.c"
 12612 ;; Parameters:    Size  Location     Type
 12613 ;;  interruptHan    2    1[COMMON] PTR FTN()void 
 12614 ;;		 -> EUSART2_Receive_ISR(1), EUSART1_Receive_ISR(1), 
 12615 ;; Auto vars:     Size  Location     Type
 12616 ;;		None
 12617 ;; Return value:  Size  Location     Type
 12618 ;;                  1    wreg      void 
 12619 ;; Registers used:
 12620 ;;		wreg
 12621 ;; Tracked objects:
 12622 ;;		On entry : 0/0
 12623 ;;		On exit  : 0/0
 12624 ;;		Unchanged: 0/0
 12625 ;; Data sizes:     COMMON   BANK0   BANK1   BANK2   BANK3   BANK4   BANK5   BANK6   BANK7   BANK8   BANK9  BANK10  BANK1
      +1  BANK12  BANK13  BANK14  BANK15  BANK16  BANK17  BANK18  BANK19  BANK20  BANK21  BANK22  BANK23  BANK24  BANK25
 12626 ;;      Params:         2       0       0       0       0       0       0       0       0       0       0       0       
      +0       0       0       0       0       0       0       0       0       0       0       0       0       0       0
 12627 ;;      Locals:         0       0       0       0       0       0       0       0       0       0       0       0       
      +0       0       0       0       0       0       0       0       0       0       0       0       0       0       0
 12628 ;;      Temps:          0       0       0       0       0       0       0       0       0       0       0       0       
      +0       0       0       0       0       0       0       0       0       0       0       0       0       0       0
 12629 ;;      Totals:         2       0       0       0       0       0       0       0       0       0       0       0       
      +0       0       0       0       0       0       0       0       0       0       0       0       0       0       0
 12630 ;;Total ram usage:        2 bytes
 12631 ;; Hardware stack levels used: 1
 12632 ;; Hardware stack levels required when called: 4
 12633 ;; This function calls:
 12634 ;;		Nothing
 12635 ;; This function is called by:
 12636 ;;		_EUSART1_Initialize
 12637 ;; This function uses a non-reentrant model
 12638 ;;
 12639                           
 12640     058D                     _EUSART1_SetRxInterruptHandler:	
 12641                           ;psect for function _EUSART1_SetRxInterruptHandler
 12642                           
 12643     058D                     l5328:	
 12644                           ;incstack = 0
 12645                           ; Regs used in _EUSART1_SetRxInterruptHandler: [wreg]
 12646                           
 12647                           
 12648                           ;mcc_generated_files/eusart1.c: 290:     EUSART1_RxDefaultInterruptHandler = interruptHa
      +                          ndler;
 12649     058D  0879               	movf	EUSART1_SetRxInterruptHandler@interruptHandler+1,w
 12650     058E  0142               	movlb	2	; select bank2
 12651     058F  00B8               	movwf	(_EUSART1_RxDefaultInterruptHandler+1)^(0+256)
 12652     0590  0878               	movf	EUSART1_SetRxInterruptHandler@interruptHandler,w
 12653     0591  00B7               	movwf	_EUSART1_RxDefaultInterruptHandler^(0+256)
 12654     0592                     l1287:
 12655     0592  0008               	return
 12656     0593                     __end_of_EUSART1_SetRxInterruptHandler:
 12657                           
 12658                           	psect	text23
 12659     0593                     __ptext23:	
 12660 ;; *************** function _EUSART1_SetOverrunErrorHandler *****************
 12661 ;; Defined at:
 12662 ;;		line 277 in file "mcc_generated_files/eusart1.c"
 12663 ;; Parameters:    Size  Location     Type
 12664 ;;  interruptHan    2    1[COMMON] PTR FTN()void 
 12665 ;;		 -> EUSART1_DefaultOverrunErrorHandler(1), 
 12666 ;; Auto vars:     Size  Location     Type
 12667 ;;		None
 12668 ;; Return value:  Size  Location     Type
 12669 ;;                  1    wreg      void 
 12670 ;; Registers used:
 12671 ;;		wreg
 12672 ;; Tracked objects:
 12673 ;;		On entry : 0/0
 12674 ;;		On exit  : 0/0
 12675 ;;		Unchanged: 0/0
 12676 ;; Data sizes:     COMMON   BANK0   BANK1   BANK2   BANK3   BANK4   BANK5   BANK6   BANK7   BANK8   BANK9  BANK10  BANK1
      +1  BANK12  BANK13  BANK14  BANK15  BANK16  BANK17  BANK18  BANK19  BANK20  BANK21  BANK22  BANK23  BANK24  BANK25
 12677 ;;      Params:         2       0       0       0       0       0       0       0       0       0       0       0       
      +0       0       0       0       0       0       0       0       0       0       0       0       0       0       0
 12678 ;;      Locals:         0       0       0       0       0       0       0       0       0       0       0       0       
      +0       0       0       0       0       0       0       0       0       0       0       0       0       0       0
 12679 ;;      Temps:          0       0       0       0       0       0       0       0       0       0       0       0       
      +0       0       0       0       0       0       0       0       0       0       0       0       0       0       0
 12680 ;;      Totals:         2       0       0       0       0       0       0       0       0       0       0       0       
      +0       0       0       0       0       0       0       0       0       0       0       0       0       0       0
 12681 ;;Total ram usage:        2 bytes
 12682 ;; Hardware stack levels used: 1
 12683 ;; Hardware stack levels required when called: 4
 12684 ;; This function calls:
 12685 ;;		Nothing
 12686 ;; This function is called by:
 12687 ;;		_EUSART1_Initialize
 12688 ;; This function uses a non-reentrant model
 12689 ;;
 12690                           
 12691     0593                     _EUSART1_SetOverrunErrorHandler:	
 12692                           ;psect for function _EUSART1_SetOverrunErrorHandler
 12693                           
 12694     0593                     l5334:	
 12695                           ;incstack = 0
 12696                           ; Regs used in _EUSART1_SetOverrunErrorHandler: [wreg]
 12697                           
 12698                           
 12699                           ;mcc_generated_files/eusart1.c: 278:     EUSART1_OverrunErrorHandler = interruptHandler;
 12700     0593  0879               	movf	EUSART1_SetOverrunErrorHandler@interruptHandler+1,w
 12701     0594  0142               	movlb	2	; select bank2
 12702     0595  00B4               	movwf	(_EUSART1_OverrunErrorHandler+1)^(0+256)
 12703     0596  0878               	movf	EUSART1_SetOverrunErrorHandler@interruptHandler,w
 12704     0597  00B3               	movwf	_EUSART1_OverrunErrorHandler^(0+256)
 12705     0598                     l1278:
 12706     0598  0008               	return
 12707     0599                     __end_of_EUSART1_SetOverrunErrorHandler:
 12708                           
 12709                           	psect	text24
 12710     0599                     __ptext24:	
 12711 ;; *************** function _EUSART1_SetFramingErrorHandler *****************
 12712 ;; Defined at:
 12713 ;;		line 273 in file "mcc_generated_files/eusart1.c"
 12714 ;; Parameters:    Size  Location     Type
 12715 ;;  interruptHan    2    1[COMMON] PTR FTN()void 
 12716 ;;		 -> EUSART1_DefaultFramingErrorHandler(1), 
 12717 ;; Auto vars:     Size  Location     Type
 12718 ;;		None
 12719 ;; Return value:  Size  Location     Type
 12720 ;;                  1    wreg      void 
 12721 ;; Registers used:
 12722 ;;		wreg
 12723 ;; Tracked objects:
 12724 ;;		On entry : 0/0
 12725 ;;		On exit  : 0/0
 12726 ;;		Unchanged: 0/0
 12727 ;; Data sizes:     COMMON   BANK0   BANK1   BANK2   BANK3   BANK4   BANK5   BANK6   BANK7   BANK8   BANK9  BANK10  BANK1
      +1  BANK12  BANK13  BANK14  BANK15  BANK16  BANK17  BANK18  BANK19  BANK20  BANK21  BANK22  BANK23  BANK24  BANK25
 12728 ;;      Params:         2       0       0       0       0       0       0       0       0       0       0       0       
      +0       0       0       0       0       0       0       0       0       0       0       0       0       0       0
 12729 ;;      Locals:         0       0       0       0       0       0       0       0       0       0       0       0       
      +0       0       0       0       0       0       0       0       0       0       0       0       0       0       0
 12730 ;;      Temps:          0       0       0       0       0       0       0       0       0       0       0       0       
      +0       0       0       0       0       0       0       0       0       0       0       0       0       0       0
 12731 ;;      Totals:         2       0       0       0       0       0       0       0       0       0       0       0       
      +0       0       0       0       0       0       0       0       0       0       0       0       0       0       0
 12732 ;;Total ram usage:        2 bytes
 12733 ;; Hardware stack levels used: 1
 12734 ;; Hardware stack levels required when called: 4
 12735 ;; This function calls:
 12736 ;;		Nothing
 12737 ;; This function is called by:
 12738 ;;		_EUSART1_Initialize
 12739 ;; This function uses a non-reentrant model
 12740 ;;
 12741                           
 12742     0599                     _EUSART1_SetFramingErrorHandler:	
 12743                           ;psect for function _EUSART1_SetFramingErrorHandler
 12744                           
 12745     0599                     l5332:	
 12746                           ;incstack = 0
 12747                           ; Regs used in _EUSART1_SetFramingErrorHandler: [wreg]
 12748                           
 12749                           
 12750                           ;mcc_generated_files/eusart1.c: 274:     EUSART1_FramingErrorHandler = interruptHandler;
 12751     0599  0879               	movf	EUSART1_SetFramingErrorHandler@interruptHandler+1,w
 12752     059A  0142               	movlb	2	; select bank2
 12753     059B  00B6               	movwf	(_EUSART1_FramingErrorHandler+1)^(0+256)
 12754     059C  0878               	movf	EUSART1_SetFramingErrorHandler@interruptHandler,w
 12755     059D  00B5               	movwf	_EUSART1_FramingErrorHandler^(0+256)
 12756     059E                     l1275:
 12757     059E  0008               	return
 12758     059F                     __end_of_EUSART1_SetFramingErrorHandler:
 12759                           
 12760                           	psect	text25
 12761     059F                     __ptext25:	
 12762 ;; *************** function _EUSART1_SetErrorHandler *****************
 12763 ;; Defined at:
 12764 ;;		line 281 in file "mcc_generated_files/eusart1.c"
 12765 ;; Parameters:    Size  Location     Type
 12766 ;;  interruptHan    2    1[COMMON] PTR FTN()void 
 12767 ;;		 -> EUSART1_DefaultErrorHandler(1), 
 12768 ;; Auto vars:     Size  Location     Type
 12769 ;;		None
 12770 ;; Return value:  Size  Location     Type
 12771 ;;                  1    wreg      void 
 12772 ;; Registers used:
 12773 ;;		wreg
 12774 ;; Tracked objects:
 12775 ;;		On entry : 0/0
 12776 ;;		On exit  : 0/0
 12777 ;;		Unchanged: 0/0
 12778 ;; Data sizes:     COMMON   BANK0   BANK1   BANK2   BANK3   BANK4   BANK5   BANK6   BANK7   BANK8   BANK9  BANK10  BANK1
      +1  BANK12  BANK13  BANK14  BANK15  BANK16  BANK17  BANK18  BANK19  BANK20  BANK21  BANK22  BANK23  BANK24  BANK25
 12779 ;;      Params:         2       0       0       0       0       0       0       0       0       0       0       0       
      +0       0       0       0       0       0       0       0       0       0       0       0       0       0       0
 12780 ;;      Locals:         0       0       0       0       0       0       0       0       0       0       0       0       
      +0       0       0       0       0       0       0       0       0       0       0       0       0       0       0
 12781 ;;      Temps:          0       0       0       0       0       0       0       0       0       0       0       0       
      +0       0       0       0       0       0       0       0       0       0       0       0       0       0       0
 12782 ;;      Totals:         2       0       0       0       0       0       0       0       0       0       0       0       
      +0       0       0       0       0       0       0       0       0       0       0       0       0       0       0
 12783 ;;Total ram usage:        2 bytes
 12784 ;; Hardware stack levels used: 1
 12785 ;; Hardware stack levels required when called: 4
 12786 ;; This function calls:
 12787 ;;		Nothing
 12788 ;; This function is called by:
 12789 ;;		_EUSART1_Initialize
 12790 ;; This function uses a non-reentrant model
 12791 ;;
 12792                           
 12793     059F                     _EUSART1_SetErrorHandler:	
 12794                           ;psect for function _EUSART1_SetErrorHandler
 12795                           
 12796     059F                     l5336:	
 12797                           ;incstack = 0
 12798                           ; Regs used in _EUSART1_SetErrorHandler: [wreg]
 12799                           
 12800                           
 12801                           ;mcc_generated_files/eusart1.c: 282:     EUSART1_ErrorHandler = interruptHandler;
 12802     059F  0879               	movf	EUSART1_SetErrorHandler@interruptHandler+1,w
 12803     05A0  0142               	movlb	2	; select bank2
 12804     05A1  00B2               	movwf	(_EUSART1_ErrorHandler+1)^(0+256)
 12805     05A2  0878               	movf	EUSART1_SetErrorHandler@interruptHandler,w
 12806     05A3  00B1               	movwf	_EUSART1_ErrorHandler^(0+256)
 12807     05A4                     l1281:
 12808     05A4  0008               	return
 12809     05A5                     __end_of_EUSART1_SetErrorHandler:
 12810                           
 12811                           	psect	text26
 12812     0439                     __ptext26:	
 12813 ;; *************** function _RN487X_SetAsyncMessageHandler *****************
 12814 ;; Defined at:
 12815 ;;		line 328 in file "mcc_generated_files/rn487x/rn487x.c"
 12816 ;; Parameters:    Size  Location     Type
 12817 ;;  pBuffer         1    wreg     PTR unsigned char 
 12818 ;;		 -> statusBuffer@main$F3759(80), statusBuffer(80), 
 12819 ;;  len             1    1[COMMON] unsigned char 
 12820 ;; Auto vars:     Size  Location     Type
 12821 ;;  pBuffer         1    2[COMMON] PTR unsigned char 
 12822 ;;		 -> statusBuffer@main$F3759(80), statusBuffer(80), 
 12823 ;; Return value:  Size  Location     Type
 12824 ;;                  1    wreg      _Bool 
 12825 ;; Registers used:
 12826 ;;		wreg, status,2, status,0
 12827 ;; Tracked objects:
 12828 ;;		On entry : 0/0
 12829 ;;		On exit  : 0/0
 12830 ;;		Unchanged: 0/0
 12831 ;; Data sizes:     COMMON   BANK0   BANK1   BANK2   BANK3   BANK4   BANK5   BANK6   BANK7   BANK8   BANK9  BANK10  BANK1
      +1  BANK12  BANK13  BANK14  BANK15  BANK16  BANK17  BANK18  BANK19  BANK20  BANK21  BANK22  BANK23  BANK24  BANK25
 12832 ;;      Params:         1       0       0       0       0       0       0       0       0       0       0       0       
      +0       0       0       0       0       0       0       0       0       0       0       0       0       0       0
 12833 ;;      Locals:         1       0       0       0       0       0       0       0       0       0       0       0       
      +0       0       0       0       0       0       0       0       0       0       0       0       0       0       0
 12834 ;;      Temps:          0       0       0       0       0       0       0       0       0       0       0       0       
      +0       0       0       0       0       0       0       0       0       0       0       0       0       0       0
 12835 ;;      Totals:         2       0       0       0       0       0       0       0       0       0       0       0       
      +0       0       0       0       0       0       0       0       0       0       0       0       0       0       0
 12836 ;;Total ram usage:        2 bytes
 12837 ;; Hardware stack levels used: 1
 12838 ;; Hardware stack levels required when called: 4
 12839 ;; This function calls:
 12840 ;;		Nothing
 12841 ;; This function is called by:
 12842 ;;		_main
 12843 ;;		_RN487X_Example_Initialized
 12844 ;; This function uses a non-reentrant model
 12845 ;;
 12846                           
 12847     0439                     _RN487X_SetAsyncMessageHandler:	
 12848                           ;psect for function _RN487X_SetAsyncMessageHandler
 12849                           
 12850                           
 12851                           ;incstack = 0
 12852                           ; Regs used in _RN487X_SetAsyncMessageHandler: [wreg+status,2+status,0]
 12853                           ;RN487X_SetAsyncMessageHandler@pBuffer stored from wreg
 12854     0439  00F9               	movwf	RN487X_SetAsyncMessageHandler@pBuffer
 12855     043A                     l6034:
 12856                           
 12857                           ;mcc_generated_files/rn487x/rn487x.c: 328: _Bool RN487X_SetAsyncMessageHandler(char* pBu
      +                          ffer, uint8_t len);mcc_generated_files/rn487x/rn487x.c: 329: {;mcc_generated_files/rn487
      +                          x/rn487x.c: 330:     if ((pBuffer != ((void*)0)) && (len > 1))
 12858     043A  0879               	movf	RN487X_SetAsyncMessageHandler@pBuffer,w
 12859     043B  1903               	btfsc	3,2
 12860     043C  2C3E               	goto	u2401
 12861     043D  2C3F               	goto	u2400
 12862     043E                     u2401:
 12863     043E  2C4D               	goto	l6048
 12864     043F                     u2400:
 12865     043F                     l6036:
 12866     043F  3002               	movlw	2
 12867     0440  0278               	subwf	RN487X_SetAsyncMessageHandler@len,w
 12868     0441  1C03               	skipc
 12869     0442  2C44               	goto	u2411
 12870     0443  2C45               	goto	u2410
 12871     0444                     u2411:
 12872     0444  2C4D               	goto	l6048
 12873     0445                     u2410:
 12874     0445                     l6038:
 12875                           
 12876                           ;mcc_generated_files/rn487x/rn487x.c: 331:     {;mcc_generated_files/rn487x/rn487x.c: 33
      +                          2:       asyncBuffer = pBuffer;
 12877     0445  0879               	movf	RN487X_SetAsyncMessageHandler@pBuffer,w
 12878     0446  0140               	movlb	0	; select bank0
 12879     0447  00DD               	movwf	_asyncBuffer
 12880     0448                     l6040:
 12881                           
 12882                           ;mcc_generated_files/rn487x/rn487x.c: 333:       asyncBufferSize = len - 1;
 12883     0448  0878               	movf	RN487X_SetAsyncMessageHandler@len,w
 12884     0449  3EFF               	addlw	255
 12885     044A  00DC               	movwf	_asyncBufferSize
 12886     044B                     l6042:
 12887                           
 12888                           ;mcc_generated_files/rn487x/rn487x.c: 334:       return 1;
 12889     044B  3001               	movlw	1
 12890     044C  2C4E               	goto	l969
 12891     044D                     l6048:
 12892                           
 12893                           ;mcc_generated_files/rn487x/rn487x.c: 337:     {;mcc_generated_files/rn487x/rn487x.c: 33
      +                          8:         return 0;
 12894     044D  3000               	movlw	0
 12895     044E                     l969:
 12896     044E  0008               	return
 12897     044F                     __end_of_RN487X_SetAsyncMessageHandler:
 12898                           
 12899                           	psect	text27
 12900     00A6                     __ptext27:	
 12901 ;; *************** function _RN487X_Init *****************
 12902 ;; Defined at:
 12903 ;;		line 54 in file "mcc_generated_files/rn487x/rn487x.c"
 12904 ;; Parameters:    Size  Location     Type
 12905 ;;		None
 12906 ;; Auto vars:     Size  Location     Type
 12907 ;;		None
 12908 ;; Return value:  Size  Location     Type
 12909 ;;                  1    wreg      _Bool 
 12910 ;; Registers used:
 12911 ;;		wreg, fsr0l, fsr0h, fsr1l, fsr1h, status,2, status,0, pclath, cstack
 12912 ;; Tracked objects:
 12913 ;;		On entry : 0/0
 12914 ;;		On exit  : 0/0
 12915 ;;		Unchanged: 0/0
 12916 ;; Data sizes:     COMMON   BANK0   BANK1   BANK2   BANK3   BANK4   BANK5   BANK6   BANK7   BANK8   BANK9  BANK10  BANK1
      +1  BANK12  BANK13  BANK14  BANK15  BANK16  BANK17  BANK18  BANK19  BANK20  BANK21  BANK22  BANK23  BANK24  BANK25
 12917 ;;      Params:         0       0       0       0       0       0       0       0       0       0       0       0       
      +0       0       0       0       0       0       0       0       0       0       0       0       0       0       0
 12918 ;;      Locals:         0       0       0       0       0       0       0       0       0       0       0       0       
      +0       0       0       0       0       0       0       0       0       0       0       0       0       0       0
 12919 ;;      Temps:          0       0       0       0       0       0       0       0       0       0       0       0       
      +0       0       0       0       0       0       0       0       0       0       0       0       0       0       0
 12920 ;;      Totals:         0       0       0       0       0       0       0       0       0       0       0       0       
      +0       0       0       0       0       0       0       0       0       0       0       0       0       0       0
 12921 ;;Total ram usage:        0 bytes
 12922 ;; Hardware stack levels used: 1
 12923 ;; Hardware stack levels required when called: 6
 12924 ;; This function calls:
 12925 ;;		_RN487X_Delay
 12926 ;;		_RN487X_IndicateRx
 12927 ;;		_RN487X_Read@rn487x_interface$F1380
 12928 ;;		_RN487X_Reset
 12929 ;;		_RN487X_SetSystemMode
 12930 ;;		_RN487X_is_rx_ready
 12931 ;; This function is called by:
 12932 ;;		_main
 12933 ;; This function uses a non-reentrant model
 12934 ;;
 12935                           
 12936     00A6                     _RN487X_Init:	
 12937                           ;psect for function _RN487X_Init
 12938                           
 12939     00A6                     l6124:	
 12940                           ;incstack = 0
 12941                           ; Regs used in _RN487X_Init: [wreg-fsr1h+status,2+status,0+pclath+cstack]
 12942                           
 12943                           
 12944                           ;mcc_generated_files/rn487x/rn487x.c: 57:     RN487X.SetSystemMode(APPLICATION_MODE);
 12945     00A6  01F8               	clrf	RN487X_SetSystemMode@mode
 12946     00A7  0AF8               	incf	RN487X_SetSystemMode@mode,f
 12947     00A8  3085               	movlw	low ((_RN487X+12)| (0+32768))
 12948     00A9  0084               	movwf	4
 12949     00AA  3084               	movlw	high ((_RN487X+12)| (0+32768))
 12950     00AB  0085               	movwf	5
 12951     00AC  3F01               	moviw [1]fsr0
 12952     00AD  008A               	movwf	10
 12953     00AE  3F00               	moviw [0]fsr0
 12954     00AF  000A               	callw
 12955     00B0  3180               	pagesel	$
 12956                           
 12957                           ;mcc_generated_files/rn487x/rn487x.c: 59:     RN487X.ResetModule(1);
 12958     00B1  01F8               	clrf	RN487X_Reset@value
 12959     00B2  0AF8               	incf	RN487X_Reset@value,f
 12960     00B3  3083               	movlw	low ((_RN487X+10)| (0+32768))
 12961     00B4  0084               	movwf	4
 12962     00B5  3084               	movlw	high ((_RN487X+10)| (0+32768))
 12963     00B6  0085               	movwf	5
 12964     00B7  3F01               	moviw [1]fsr0
 12965     00B8  008A               	movwf	10
 12966     00B9  3F00               	moviw [0]fsr0
 12967     00BA  000A               	callw
 12968     00BB  3180               	pagesel	$
 12969                           
 12970                           ;mcc_generated_files/rn487x/rn487x.c: 61:     RN487X.DelayMs((1));
 12971     00BC  3001               	movlw	1
 12972     00BD  00FB               	movwf	RN487X_Delay@delayCount
 12973     00BE  3000               	movlw	0
 12974     00BF  00FC               	movwf	RN487X_Delay@delayCount+1
 12975     00C0  3087               	movlw	low ((_RN487X+14)| (0+32768))
 12976     00C1  0084               	movwf	4
 12977     00C2  3084               	movlw	high ((_RN487X+14)| (0+32768))
 12978     00C3  0085               	movwf	5
 12979     00C4  3F01               	moviw [1]fsr0
 12980     00C5  008A               	movwf	10
 12981     00C6  3F00               	moviw [0]fsr0
 12982     00C7  000A               	callw
 12983     00C8  3180               	pagesel	$
 12984                           
 12985                           ;mcc_generated_files/rn487x/rn487x.c: 63:     RN487X.ResetModule(0);
 12986     00C9  01F8               	clrf	RN487X_Reset@value
 12987     00CA  3083               	movlw	low ((_RN487X+10)| (0+32768))
 12988     00CB  0084               	movwf	4
 12989     00CC  3084               	movlw	high ((_RN487X+10)| (0+32768))
 12990     00CD  0085               	movwf	5
 12991     00CE  3F01               	moviw [1]fsr0
 12992     00CF  008A               	movwf	10
 12993     00D0  3F00               	moviw [0]fsr0
 12994     00D1  000A               	callw
 12995     00D2  3180               	pagesel	$
 12996                           
 12997                           ;mcc_generated_files/rn487x/rn487x.c: 66:     RN487X.IndicateRx(1);
 12998     00D3  01F8               	clrf	RN487X_IndicateRx@value
 12999     00D4  0AF8               	incf	RN487X_IndicateRx@value,f
 13000     00D5  3081               	movlw	low ((_RN487X+8)| (0+32768))
 13001     00D6  0084               	movwf	4
 13002     00D7  3084               	movlw	high ((_RN487X+8)| (0+32768))
 13003     00D8  0085               	movwf	5
 13004     00D9  3F01               	moviw [1]fsr0
 13005     00DA  008A               	movwf	10
 13006     00DB  3F00               	moviw [0]fsr0
 13007     00DC  000A               	callw
 13008     00DD  3180               	pagesel	$
 13009                           
 13010                           ;mcc_generated_files/rn487x/rn487x.c: 68:     RN487X.DelayMs((200));
 13011     00DE  30C8               	movlw	200
 13012     00DF  00FB               	movwf	RN487X_Delay@delayCount
 13013     00E0  3000               	movlw	0
 13014     00E1  00FC               	movwf	RN487X_Delay@delayCount+1
 13015     00E2  3087               	movlw	low ((_RN487X+14)| (0+32768))
 13016     00E3  0084               	movwf	4
 13017     00E4  3084               	movlw	high ((_RN487X+14)| (0+32768))
 13018     00E5  0085               	movwf	5
 13019     00E6  3F01               	moviw [1]fsr0
 13020     00E7  008A               	movwf	10
 13021     00E8  3F00               	moviw [0]fsr0
 13022     00E9  000A               	callw
 13023     00EA  3180               	pagesel	$
 13024                           
 13025                           ;mcc_generated_files/rn487x/rn487x.c: 71:     while (RN487X.DataReady())
 13026     00EB  28F5               	goto	l6128
 13027     00EC                     l6126:
 13028                           
 13029                           ;mcc_generated_files/rn487x/rn487x.c: 72:     {;mcc_generated_files/rn487x/rn487x.c: 73:
      +                                   RN487X.Read();
 13030     00EC  307B               	movlw	low ((_RN487X+2)| (0+32768))
 13031     00ED  0084               	movwf	4
 13032     00EE  3084               	movlw	high ((_RN487X+2)| (0+32768))
 13033     00EF  0085               	movwf	5
 13034     00F0  3F01               	moviw [1]fsr0
 13035     00F1  008A               	movwf	10
 13036     00F2  3F00               	moviw [0]fsr0
 13037     00F3  000A               	callw
 13038     00F4  3180               	pagesel	$
 13039     00F5                     l6128:
 13040                           
 13041                           ;mcc_generated_files/rn487x/rn487x.c: 71:     while (RN487X.DataReady())
 13042     00F5  307F               	movlw	low ((_RN487X+6)| (0+32768))
 13043     00F6  0084               	movwf	4
 13044     00F7  3084               	movlw	high ((_RN487X+6)| (0+32768))
 13045     00F8  0085               	movwf	5
 13046     00F9  3F01               	moviw [1]fsr0
 13047     00FA  008A               	movwf	10
 13048     00FB  3F00               	moviw [0]fsr0
 13049     00FC  000A               	callw
 13050     00FD  3180               	pagesel	$
 13051     00FE  3A00               	xorlw	0
 13052     00FF  1D03               	skipz
 13053     0100  2902               	goto	u2461
 13054     0101  2903               	goto	u2460
 13055     0102                     u2461:
 13056     0102  28EC               	goto	l6126
 13057     0103                     u2460:
 13058     0103                     l896:
 13059     0103  0008               	return
 13060     0104                     __end_of_RN487X_Init:
 13061                           
 13062                           	psect	text28
 13063     0511                     __ptext28:	
 13064 ;; *************** function _RN487X_is_rx_ready *****************
 13065 ;; Defined at:
 13066 ;;		line 267 in file "mcc_generated_files/rn487x/rn487x_interface.c"
 13067 ;; Parameters:    Size  Location     Type
 13068 ;;		None
 13069 ;; Auto vars:     Size  Location     Type
 13070 ;;		None
 13071 ;; Return value:  Size  Location     Type
 13072 ;;                  1    wreg      _Bool 
 13073 ;; Registers used:
 13074 ;;		wreg, fsr0l, fsr0h, status,2, status,0, pclath, cstack
 13075 ;; Tracked objects:
 13076 ;;		On entry : 0/0
 13077 ;;		On exit  : 0/0
 13078 ;;		Unchanged: 0/0
 13079 ;; Data sizes:     COMMON   BANK0   BANK1   BANK2   BANK3   BANK4   BANK5   BANK6   BANK7   BANK8   BANK9  BANK10  BANK1
      +1  BANK12  BANK13  BANK14  BANK15  BANK16  BANK17  BANK18  BANK19  BANK20  BANK21  BANK22  BANK23  BANK24  BANK25
 13080 ;;      Params:         0       0       0       0       0       0       0       0       0       0       0       0       
      +0       0       0       0       0       0       0       0       0       0       0       0       0       0       0
 13081 ;;      Locals:         0       0       0       0       0       0       0       0       0       0       0       0       
      +0       0       0       0       0       0       0       0       0       0       0       0       0       0       0
 13082 ;;      Temps:          0       0       0       0       0       0       0       0       0       0       0       0       
      +0       0       0       0       0       0       0       0       0       0       0       0       0       0       0
 13083 ;;      Totals:         0       0       0       0       0       0       0       0       0       0       0       0       
      +0       0       0       0       0       0       0       0       0       0       0       0       0       0       0
 13084 ;;Total ram usage:        0 bytes
 13085 ;; Hardware stack levels used: 1
 13086 ;; Hardware stack levels required when called: 5
 13087 ;; This function calls:
 13088 ;;		_EUSART1_is_rx_ready
 13089 ;;		_EUSART2_is_rx_ready
 13090 ;; This function is called by:
 13091 ;;		_RN487X_DataReady
 13092 ;;		_RN487X_Init
 13093 ;; This function uses a non-reentrant model
 13094 ;;
 13095                           
 13096     0511                     _RN487X_is_rx_ready:	
 13097                           ;psect for function _RN487X_is_rx_ready
 13098                           
 13099     0511                     l5518:	
 13100                           ;incstack = 0
 13101                           ; Regs used in _RN487X_is_rx_ready: [wreg-fsr0h+status,2+status,0+pclath+cstack]
 13102                           
 13103                           
 13104                           ;mcc_generated_files/rn487x/rn487x_interface.c: 269:     return uart[UART_BLE].DataReady
      +                          ();
 13105     0511  30AD               	movlw	low ((_uart+26)| (0+32768))
 13106     0512  0084               	movwf	4
 13107     0513  3082               	movlw	high ((_uart+26)| (0+32768))
 13108     0514  0085               	movwf	5
 13109     0515  3F01               	moviw [1]fsr0
 13110     0516  008A               	movwf	10
 13111     0517  3F00               	moviw [0]fsr0
 13112     0518  000A               	callw
 13113     0519  3185               	pagesel	$
 13114     051A                     l810:
 13115     051A  0008               	return
 13116     051B                     __end_of_RN487X_is_rx_ready:
 13117                           
 13118                           	psect	text29
 13119     052E                     __ptext29:	
 13120 ;; *************** function _EUSART1_is_rx_ready *****************
 13121 ;; Defined at:
 13122 ;;		line 137 in file "mcc_generated_files/eusart1.c"
 13123 ;; Parameters:    Size  Location     Type
 13124 ;;		None
 13125 ;; Auto vars:     Size  Location     Type
 13126 ;;		None
 13127 ;; Return value:  Size  Location     Type
 13128 ;;                  1    wreg      _Bool 
 13129 ;; Registers used:
 13130 ;;		wreg, status,2, status,0
 13131 ;; Tracked objects:
 13132 ;;		On entry : 0/0
 13133 ;;		On exit  : 0/0
 13134 ;;		Unchanged: 0/0
 13135 ;; Data sizes:     COMMON   BANK0   BANK1   BANK2   BANK3   BANK4   BANK5   BANK6   BANK7   BANK8   BANK9  BANK10  BANK1
      +1  BANK12  BANK13  BANK14  BANK15  BANK16  BANK17  BANK18  BANK19  BANK20  BANK21  BANK22  BANK23  BANK24  BANK25
 13136 ;;      Params:         0       0       0       0       0       0       0       0       0       0       0       0       
      +0       0       0       0       0       0       0       0       0       0       0       0       0       0       0
 13137 ;;      Locals:         0       0       0       0       0       0       0       0       0       0       0       0       
      +0       0       0       0       0       0       0       0       0       0       0       0       0       0       0
 13138 ;;      Temps:          0       0       0       0       0       0       0       0       0       0       0       0       
      +0       0       0       0       0       0       0       0       0       0       0       0       0       0       0
 13139 ;;      Totals:         0       0       0       0       0       0       0       0       0       0       0       0       
      +0       0       0       0       0       0       0       0       0       0       0       0       0       0       0
 13140 ;;Total ram usage:        0 bytes
 13141 ;; Hardware stack levels used: 1
 13142 ;; Hardware stack levels required when called: 4
 13143 ;; This function calls:
 13144 ;;		Nothing
 13145 ;; This function is called by:
 13146 ;;		_RN487X_is_rx_ready
 13147 ;;		_RN487X_Example_TransparentUart
 13148 ;; This function uses a non-reentrant model
 13149 ;;
 13150                           
 13151     052E                     _EUSART1_is_rx_ready:	
 13152                           ;psect for function _EUSART1_is_rx_ready
 13153                           
 13154     052E                     l5338:	
 13155                           ;incstack = 0
 13156                           ; Regs used in _EUSART1_is_rx_ready: [wreg+status,2+status,0]
 13157                           
 13158                           
 13159                           ;mcc_generated_files/eusart1.c: 139:     return (eusart1RxCount ? 1 : 0);
 13160     052E  0140               	movlb	0	; select bank0
 13161     052F  0850               	movf	_eusart1RxCount,w	;volatile
 13162     0530  1D03               	btfss	3,2
 13163     0531  2D33               	goto	u2051
 13164     0532  2D35               	goto	u2050
 13165     0533                     u2051:
 13166     0533  3001               	movlw	1
 13167     0534  2D36               	goto	u2060
 13168     0535                     u2050:
 13169     0535  3000               	movlw	0
 13170     0536                     u2060:
 13171     0536                     l1218:
 13172     0536  0008               	return
 13173     0537                     __end_of_EUSART1_is_rx_ready:
 13174                           
 13175                           	psect	text30
 13176     0537                     __ptext30:	
 13177 ;; *************** function _EUSART2_is_rx_ready *****************
 13178 ;; Defined at:
 13179 ;;		line 137 in file "mcc_generated_files/eusart2.c"
 13180 ;; Parameters:    Size  Location     Type
 13181 ;;		None
 13182 ;; Auto vars:     Size  Location     Type
 13183 ;;		None
 13184 ;; Return value:  Size  Location     Type
 13185 ;;                  1    wreg      _Bool 
 13186 ;; Registers used:
 13187 ;;		wreg, status,2, status,0
 13188 ;; Tracked objects:
 13189 ;;		On entry : 0/0
 13190 ;;		On exit  : 0/0
 13191 ;;		Unchanged: 0/0
 13192 ;; Data sizes:     COMMON   BANK0   BANK1   BANK2   BANK3   BANK4   BANK5   BANK6   BANK7   BANK8   BANK9  BANK10  BANK1
      +1  BANK12  BANK13  BANK14  BANK15  BANK16  BANK17  BANK18  BANK19  BANK20  BANK21  BANK22  BANK23  BANK24  BANK25
 13193 ;;      Params:         0       0       0       0       0       0       0       0       0       0       0       0       
      +0       0       0       0       0       0       0       0       0       0       0       0       0       0       0
 13194 ;;      Locals:         0       0       0       0       0       0       0       0       0       0       0       0       
      +0       0       0       0       0       0       0       0       0       0       0       0       0       0       0
 13195 ;;      Temps:          0       0       0       0       0       0       0       0       0       0       0       0       
      +0       0       0       0       0       0       0       0       0       0       0       0       0       0       0
 13196 ;;      Totals:         0       0       0       0       0       0       0       0       0       0       0       0       
      +0       0       0       0       0       0       0       0       0       0       0       0       0       0       0
 13197 ;;Total ram usage:        0 bytes
 13198 ;; Hardware stack levels used: 1
 13199 ;; Hardware stack levels required when called: 4
 13200 ;; This function calls:
 13201 ;;		Nothing
 13202 ;; This function is called by:
 13203 ;;		_RN487X_is_rx_ready
 13204 ;;		_RN487X_Example_TransparentUart
 13205 ;; This function uses a non-reentrant model
 13206 ;;
 13207                           
 13208     0537                     _EUSART2_is_rx_ready:	
 13209                           ;psect for function _EUSART2_is_rx_ready
 13210                           
 13211     0537                     l5292:	
 13212                           ;incstack = 0
 13213                           ; Regs used in _EUSART2_is_rx_ready: [wreg+status,2+status,0]
 13214                           
 13215                           
 13216                           ;mcc_generated_files/eusart2.c: 139:     return (eusart2RxCount ? 1 : 0);
 13217     0537  0140               	movlb	0	; select bank0
 13218     0538  0855               	movf	_eusart2RxCount,w	;volatile
 13219     0539  1D03               	btfss	3,2
 13220     053A  2D3C               	goto	u2001
 13221     053B  2D3E               	goto	u2000
 13222     053C                     u2001:
 13223     053C  3001               	movlw	1
 13224     053D  2D3F               	goto	u2010
 13225     053E                     u2000:
 13226     053E  3000               	movlw	0
 13227     053F                     u2010:
 13228     053F                     l1074:
 13229     053F  0008               	return
 13230     0540                     __end_of_EUSART2_is_rx_ready:
 13231                           
 13232                           	psect	text31
 13233     04C5                     __ptext31:	
 13234 ;; *************** function _RN487X_SetSystemMode *****************
 13235 ;; Defined at:
 13236 ;;		line 301 in file "mcc_generated_files/rn487x/rn487x_interface.c"
 13237 ;; Parameters:    Size  Location     Type
 13238 ;;  mode            1    1[COMMON] enum E204
 13239 ;; Auto vars:     Size  Location     Type
 13240 ;;		None
 13241 ;; Return value:  Size  Location     Type
 13242 ;;                  1    wreg      void 
 13243 ;; Registers used:
 13244 ;;		wreg, status,2, status,0
 13245 ;; Tracked objects:
 13246 ;;		On entry : 0/0
 13247 ;;		On exit  : 0/0
 13248 ;;		Unchanged: 0/0
 13249 ;; Data sizes:     COMMON   BANK0   BANK1   BANK2   BANK3   BANK4   BANK5   BANK6   BANK7   BANK8   BANK9  BANK10  BANK1
      +1  BANK12  BANK13  BANK14  BANK15  BANK16  BANK17  BANK18  BANK19  BANK20  BANK21  BANK22  BANK23  BANK24  BANK25
 13250 ;;      Params:         1       0       0       0       0       0       0       0       0       0       0       0       
      +0       0       0       0       0       0       0       0       0       0       0       0       0       0       0
 13251 ;;      Locals:         0       0       0       0       0       0       0       0       0       0       0       0       
      +0       0       0       0       0       0       0       0       0       0       0       0       0       0       0
 13252 ;;      Temps:          0       0       0       0       0       0       0       0       0       0       0       0       
      +0       0       0       0       0       0       0       0       0       0       0       0       0       0       0
 13253 ;;      Totals:         1       0       0       0       0       0       0       0       0       0       0       0       
      +0       0       0       0       0       0       0       0       0       0       0       0       0       0       0
 13254 ;;Total ram usage:        1 bytes
 13255 ;; Hardware stack levels used: 1
 13256 ;; Hardware stack levels required when called: 4
 13257 ;; This function calls:
 13258 ;;		Nothing
 13259 ;; This function is called by:
 13260 ;;		_RN487X_Init
 13261 ;; This function uses a non-reentrant model
 13262 ;;
 13263                           
 13264     04C5                     _RN487X_SetSystemMode:	
 13265                           ;psect for function _RN487X_SetSystemMode
 13266                           
 13267     04C5                     l834:	
 13268                           ;incstack = 0
 13269                           ; Regs used in _RN487X_SetSystemMode: [wreg+status,2+status,0]
 13270                           ;mcc_generated_files/rn487x/rn487x_interface.c: 301: static void RN487X_SetSystemMode(RN
      +                          487X_SYSTEM_MODES_t mode);mcc_generated_files/rn487x/rn487x_interface.c: 302: {;mcc_gene
      +                          rated_files/rn487x/rn487x_interface.c: 304:     do { TRISAbits.TRISA7 = 0; } while(0);
 13271                           
 13272     04C5  0140               	movlb	0	; select bank0
 13273     04C6  1392               	bcf	18,7	;volatile
 13274     04C7                     l5530:
 13275                           
 13276                           ;mcc_generated_files/rn487x/rn487x_interface.c: 306:     if (APPLICATION_MODE == mode)
 13277     04C7  0378               	decf	RN487X_SetSystemMode@mode,w
 13278     04C8  1D03               	btfss	3,2
 13279     04C9  2CCB               	goto	u2231
 13280     04CA  2CCC               	goto	u2230
 13281     04CB                     u2231:
 13282     04CB  2CCE               	goto	l840
 13283     04CC                     u2230:
 13284     04CC                     l837:	
 13285                           ;mcc_generated_files/rn487x/rn487x_interface.c: 307:     {;mcc_generated_files/rn487x/rn
      +                          487x_interface.c: 308:         do { LATAbits.LATA7 = 1; } while(0);
 13286                           
 13287     04CC  1798               	bsf	24,7	;volatile
 13288     04CD  2CCF               	goto	l842
 13289     04CE                     l840:	
 13290                           ;mcc_generated_files/rn487x/rn487x_interface.c: 311:     {;mcc_generated_files/rn487x/rn
      +                          487x_interface.c: 312:         do { LATAbits.LATA7 = 0; } while(0);
 13291                           
 13292     04CE  1398               	bcf	24,7	;volatile
 13293     04CF                     l842:	
 13294                           ;mcc_generated_files/rn487x/rn487x_interface.c: 316:     do { TRISAbits.TRISA7 = 1; } wh
      +                          ile(0);
 13295                           
 13296     04CF  1792               	bsf	18,7	;volatile
 13297     04D0                     l844:
 13298     04D0  0008               	return
 13299     04D1                     __end_of_RN487X_SetSystemMode:
 13300                           
 13301                           	psect	text32
 13302     04E7                     __ptext32:	
 13303 ;; *************** function _RN487X_Reset *****************
 13304 ;; Defined at:
 13305 ;;		line 277 in file "mcc_generated_files/rn487x/rn487x_interface.c"
 13306 ;; Parameters:    Size  Location     Type
 13307 ;;  value           1    1[COMMON] _Bool 
 13308 ;; Auto vars:     Size  Location     Type
 13309 ;;		None
 13310 ;; Return value:  Size  Location     Type
 13311 ;;                  1    wreg      void 
 13312 ;; Registers used:
 13313 ;;		wreg, status,2, status,0
 13314 ;; Tracked objects:
 13315 ;;		On entry : 0/0
 13316 ;;		On exit  : 0/0
 13317 ;;		Unchanged: 0/0
 13318 ;; Data sizes:     COMMON   BANK0   BANK1   BANK2   BANK3   BANK4   BANK5   BANK6   BANK7   BANK8   BANK9  BANK10  BANK1
      +1  BANK12  BANK13  BANK14  BANK15  BANK16  BANK17  BANK18  BANK19  BANK20  BANK21  BANK22  BANK23  BANK24  BANK25
 13319 ;;      Params:         1       0       0       0       0       0       0       0       0       0       0       0       
      +0       0       0       0       0       0       0       0       0       0       0       0       0       0       0
 13320 ;;      Locals:         0       0       0       0       0       0       0       0       0       0       0       0       
      +0       0       0       0       0       0       0       0       0       0       0       0       0       0       0
 13321 ;;      Temps:          0       0       0       0       0       0       0       0       0       0       0       0       
      +0       0       0       0       0       0       0       0       0       0       0       0       0       0       0
 13322 ;;      Totals:         1       0       0       0       0       0       0       0       0       0       0       0       
      +0       0       0       0       0       0       0       0       0       0       0       0       0       0       0
 13323 ;;Total ram usage:        1 bytes
 13324 ;; Hardware stack levels used: 1
 13325 ;; Hardware stack levels required when called: 4
 13326 ;; This function calls:
 13327 ;;		Nothing
 13328 ;; This function is called by:
 13329 ;;		_RN487X_Init
 13330 ;; This function uses a non-reentrant model
 13331 ;;
 13332                           
 13333     04E7                     _RN487X_Reset:	
 13334                           ;psect for function _RN487X_Reset
 13335                           
 13336     04E7                     l5526:	
 13337                           ;incstack = 0
 13338                           ; Regs used in _RN487X_Reset: [wreg+status,2+status,0]
 13339                           
 13340                           
 13341                           ;mcc_generated_files/rn487x/rn487x_interface.c: 277: static void RN487X_Reset(_Bool valu
      +                          e);mcc_generated_files/rn487x/rn487x_interface.c: 278: {;mcc_generated_files/rn487x/rn48
      +                          7x_interface.c: 279:     if (1 == value)
 13342     04E7  0378               	decf	RN487X_Reset@value,w
 13343     04E8  1D03               	btfss	3,2
 13344     04E9  2CEB               	goto	u2211
 13345     04EA  2CEC               	goto	u2210
 13346     04EB                     u2211:
 13347     04EB  2CEF               	goto	l820
 13348     04EC                     u2210:
 13349     04EC                     l817:	
 13350                           ;mcc_generated_files/rn487x/rn487x_interface.c: 280:     {;mcc_generated_files/rn487x/rn
      +                          487x_interface.c: 281:         do { LATAbits.LATA0 = 0; } while(0);
 13351                           
 13352     04EC  0140               	movlb	0	; select bank0
 13353     04ED  1018               	bcf	24,0	;volatile
 13354     04EE  2CF1               	goto	l822
 13355     04EF                     l820:	
 13356                           ;mcc_generated_files/rn487x/rn487x_interface.c: 284:     {;mcc_generated_files/rn487x/rn
      +                          487x_interface.c: 285:         do { LATAbits.LATA0 = 1; } while(0);
 13357                           
 13358     04EF  0140               	movlb	0	; select bank0
 13359     04F0  1418               	bsf	24,0	;volatile
 13360     04F1                     l822:
 13361     04F1  0008               	return
 13362     04F2                     __end_of_RN487X_Reset:
 13363                           
 13364                           	psect	text33
 13365     051B                     __ptext33:	
 13366 ;; *************** function _RN487X_Read@rn487x_interface$F1380 *****************
 13367 ;; Defined at:
 13368 ;;		line 257 in file "mcc_generated_files/rn487x/rn487x_interface.c"
 13369 ;; Parameters:    Size  Location     Type
 13370 ;;		None
 13371 ;; Auto vars:     Size  Location     Type
 13372 ;;		None
 13373 ;; Return value:  Size  Location     Type
 13374 ;;                  1    wreg      unsigned char 
 13375 ;; Registers used:
 13376 ;;		wreg, fsr0l, fsr0h, fsr1l, fsr1h, status,2, status,0, pclath, cstack
 13377 ;; Tracked objects:
 13378 ;;		On entry : 0/0
 13379 ;;		On exit  : 0/0
 13380 ;;		Unchanged: 0/0
 13381 ;; Data sizes:     COMMON   BANK0   BANK1   BANK2   BANK3   BANK4   BANK5   BANK6   BANK7   BANK8   BANK9  BANK10  BANK1
      +1  BANK12  BANK13  BANK14  BANK15  BANK16  BANK17  BANK18  BANK19  BANK20  BANK21  BANK22  BANK23  BANK24  BANK25
 13382 ;;      Params:         0       0       0       0       0       0       0       0       0       0       0       0       
      +0       0       0       0       0       0       0       0       0       0       0       0       0       0       0
 13383 ;;      Locals:         0       0       0       0       0       0       0       0       0       0       0       0       
      +0       0       0       0       0       0       0       0       0       0       0       0       0       0       0
 13384 ;;      Temps:          0       0       0       0       0       0       0       0       0       0       0       0       
      +0       0       0       0       0       0       0       0       0       0       0       0       0       0       0
 13385 ;;      Totals:         0       0       0       0       0       0       0       0       0       0       0       0       
      +0       0       0       0       0       0       0       0       0       0       0       0       0       0       0
 13386 ;;Total ram usage:        0 bytes
 13387 ;; Hardware stack levels used: 1
 13388 ;; Hardware stack levels required when called: 5
 13389 ;; This function calls:
 13390 ;;		_EUSART1_Read
 13391 ;;		_EUSART2_Read
 13392 ;; This function is called by:
 13393 ;;		_RN487X_Init
 13394 ;;		_RN487X_ReadMsg
 13395 ;;		_RN487X_ReadDefaultResponse
 13396 ;;		_RN487X_GetCmd
 13397 ;;		_RN487X_WaitForMsg
 13398 ;;		_RN487X_FilterData
 13399 ;; This function uses a non-reentrant model
 13400 ;;
 13401                           
 13402     051B                     _RN487X_Read@rn487x_interface$F1380:	
 13403                           ;psect for function _RN487X_Read@rn487x_interface$F1380
 13404                           
 13405     051B                     l5510:	
 13406                           ;incstack = 0
 13407                           ; Regs used in _RN487X_Read@rn487x_interface$F1380: [wreg-fsr1h+status,2+status,0+pclath
      +                          +cstack]
 13408                           
 13409                           
 13410                           ;mcc_generated_files/rn487x/rn487x_interface.c: 259:     return uart[UART_BLE].Read();
 13411     051B  30A7               	movlw	low ((_uart+20)| (0+32768))
 13412     051C  0084               	movwf	4
 13413     051D  3082               	movlw	high ((_uart+20)| (0+32768))
 13414     051E  0085               	movwf	5
 13415     051F  3F01               	moviw [1]fsr0
 13416     0520  008A               	movwf	10
 13417     0521  3F00               	moviw [0]fsr0
 13418     0522  000A               	callw
 13419     0523  3185               	pagesel	$
 13420     0524                     l804:
 13421     0524  0008               	return
 13422     0525                     __end_of_RN487X_Read@rn487x_interface$F1380:
 13423                           
 13424                           	psect	text34
 13425     02BB                     __ptext34:	
 13426 ;; *************** function _EUSART1_Read *****************
 13427 ;; Defined at:
 13428 ;;		line 151 in file "mcc_generated_files/eusart1.c"
 13429 ;; Parameters:    Size  Location     Type
 13430 ;;		None
 13431 ;; Auto vars:     Size  Location     Type
 13432 ;;  readValue       1    2[COMMON] unsigned char 
 13433 ;; Return value:  Size  Location     Type
 13434 ;;                  1    wreg      unsigned char 
 13435 ;; Registers used:
 13436 ;;		wreg, fsr1l, fsr1h, status,2, status,0
 13437 ;; Tracked objects:
 13438 ;;		On entry : 0/0
 13439 ;;		On exit  : 0/0
 13440 ;;		Unchanged: 0/0
 13441 ;; Data sizes:     COMMON   BANK0   BANK1   BANK2   BANK3   BANK4   BANK5   BANK6   BANK7   BANK8   BANK9  BANK10  BANK1
      +1  BANK12  BANK13  BANK14  BANK15  BANK16  BANK17  BANK18  BANK19  BANK20  BANK21  BANK22  BANK23  BANK24  BANK25
 13442 ;;      Params:         0       0       0       0       0       0       0       0       0       0       0       0       
      +0       0       0       0       0       0       0       0       0       0       0       0       0       0       0
 13443 ;;      Locals:         1       0       0       0       0       0       0       0       0       0       0       0       
      +0       0       0       0       0       0       0       0       0       0       0       0       0       0       0
 13444 ;;      Temps:          1       0       0       0       0       0       0       0       0       0       0       0       
      +0       0       0       0       0       0       0       0       0       0       0       0       0       0       0
 13445 ;;      Totals:         2       0       0       0       0       0       0       0       0       0       0       0       
      +0       0       0       0       0       0       0       0       0       0       0       0       0       0       0
 13446 ;;Total ram usage:        2 bytes
 13447 ;; Hardware stack levels used: 1
 13448 ;; Hardware stack levels required when called: 4
 13449 ;; This function calls:
 13450 ;;		Nothing
 13451 ;; This function is called by:
 13452 ;;		_getch
 13453 ;;		_RN487X_Read@rn487x_interface$F1380
 13454 ;;		_RN487X_Example_TransparentUart
 13455 ;; This function uses a non-reentrant model
 13456 ;;
 13457                           
 13458     02BB                     _EUSART1_Read:	
 13459                           ;psect for function _EUSART1_Read
 13460                           
 13461     02BB                     l5342:	
 13462                           ;incstack = 0
 13463                           ; Regs used in _EUSART1_Read: [wreg+fsr1l+fsr1h+status,2+status,0]
 13464                           
 13465     02BB                     l5344:	
 13466                           ;mcc_generated_files/eusart1.c: 155:     while(0 == eusart1RxCount)
 13467                           
 13468                           
 13469                           ;mcc_generated_files/eusart1.c: 155:     while(0 == eusart1RxCount)
 13470     02BB  0140               	movlb	0	; select bank0
 13471     02BC  0850               	movf	_eusart1RxCount,w	;volatile
 13472     02BD  1903               	btfsc	3,2
 13473     02BE  2AC0               	goto	u2071
 13474     02BF  2AC1               	goto	u2070
 13475     02C0                     u2071:
 13476     02C0  2ABB               	goto	l5344
 13477     02C1                     u2070:
 13478     02C1                     l5346:
 13479                           
 13480                           ;mcc_generated_files/eusart1.c: 159:     eusart1RxLastError = eusart1RxStatusBuffer[eusa
      +                          rt1RxTail];
 13481     02C1  0872               	movf	_eusart1RxTail,w	;volatile
 13482     02C2  3EC4               	addlw	(low (_eusart1RxStatusBuffer| 0))& (0+255)
 13483     02C3  0086               	movwf	6
 13484     02C4  0187               	clrf	7
 13485     02C5  0801               	movf	1,w
 13486     02C6  00CF               	movwf	_eusart1RxLastError	;volatile
 13487                           
 13488                           ;mcc_generated_files/eusart1.c: 161:     readValue = eusart1RxBuffer[eusart1RxTail++];
 13489     02C7  0872               	movf	_eusart1RxTail,w
 13490     02C8  3ECC               	addlw	(low (_eusart1RxBuffer| 0))& (0+255)
 13491     02C9  0086               	movwf	6
 13492     02CA  0187               	clrf	7
 13493     02CB  0801               	movf	1,w
 13494     02CC  00F9               	movwf	EUSART1_Read@readValue
 13495     02CD                     l5348:
 13496     02CD  3001               	movlw	1
 13497     02CE  00F8               	movwf	??_EUSART1_Read
 13498     02CF  0878               	movf	??_EUSART1_Read,w
 13499     02D0  07F2               	addwf	_eusart1RxTail,f	;volatile
 13500     02D1                     l5350:
 13501                           
 13502                           ;mcc_generated_files/eusart1.c: 162:     if(sizeof(eusart1RxBuffer) <= eusart1RxTail)
 13503     02D1  3008               	movlw	8
 13504     02D2  0272               	subwf	_eusart1RxTail,w	;volatile
 13505     02D3  1C03               	skipc
 13506     02D4  2AD6               	goto	u2081
 13507     02D5  2AD7               	goto	u2080
 13508     02D6                     u2081:
 13509     02D6  2AD8               	goto	l5354
 13510     02D7                     u2080:
 13511     02D7                     l5352:
 13512                           
 13513                           ;mcc_generated_files/eusart1.c: 163:     {;mcc_generated_files/eusart1.c: 164:         e
      +                          usart1RxTail = 0;
 13514     02D7  01F2               	clrf	_eusart1RxTail	;volatile
 13515     02D8                     l5354:
 13516                           
 13517                           ;mcc_generated_files/eusart1.c: 166:     PIE3bits.RC1IE = 0;
 13518     02D8  014E               	movlb	14	; select bank14
 13519     02D9  1299               	bcf	25,5	;volatile
 13520     02DA                     l5356:
 13521                           
 13522                           ;mcc_generated_files/eusart1.c: 167:     eusart1RxCount--;
 13523     02DA  3001               	movlw	1
 13524     02DB  0140               	movlb	0	; select bank0
 13525     02DC  02D0               	subwf	_eusart1RxCount,f	;volatile
 13526     02DD                     l5358:
 13527                           
 13528                           ;mcc_generated_files/eusart1.c: 168:     PIE3bits.RC1IE = 1;
 13529     02DD  014E               	movlb	14	; select bank14
 13530     02DE  1699               	bsf	25,5	;volatile
 13531     02DF                     l5360:
 13532                           
 13533                           ;mcc_generated_files/eusart1.c: 170:     return readValue;
 13534     02DF  0879               	movf	EUSART1_Read@readValue,w
 13535     02E0                     l1231:
 13536     02E0  0008               	return
 13537     02E1                     __end_of_EUSART1_Read:
 13538                           
 13539                           	psect	text35
 13540     02E1                     __ptext35:	
 13541 ;; *************** function _EUSART2_Read *****************
 13542 ;; Defined at:
 13543 ;;		line 151 in file "mcc_generated_files/eusart2.c"
 13544 ;; Parameters:    Size  Location     Type
 13545 ;;		None
 13546 ;; Auto vars:     Size  Location     Type
 13547 ;;  readValue       1    2[COMMON] unsigned char 
 13548 ;; Return value:  Size  Location     Type
 13549 ;;                  1    wreg      unsigned char 
 13550 ;; Registers used:
 13551 ;;		wreg, fsr1l, fsr1h, status,2, status,0
 13552 ;; Tracked objects:
 13553 ;;		On entry : 0/0
 13554 ;;		On exit  : 0/0
 13555 ;;		Unchanged: 0/0
 13556 ;; Data sizes:     COMMON   BANK0   BANK1   BANK2   BANK3   BANK4   BANK5   BANK6   BANK7   BANK8   BANK9  BANK10  BANK1
      +1  BANK12  BANK13  BANK14  BANK15  BANK16  BANK17  BANK18  BANK19  BANK20  BANK21  BANK22  BANK23  BANK24  BANK25
 13557 ;;      Params:         0       0       0       0       0       0       0       0       0       0       0       0       
      +0       0       0       0       0       0       0       0       0       0       0       0       0       0       0
 13558 ;;      Locals:         1       0       0       0       0       0       0       0       0       0       0       0       
      +0       0       0       0       0       0       0       0       0       0       0       0       0       0       0
 13559 ;;      Temps:          1       0       0       0       0       0       0       0       0       0       0       0       
      +0       0       0       0       0       0       0       0       0       0       0       0       0       0       0
 13560 ;;      Totals:         2       0       0       0       0       0       0       0       0       0       0       0       
      +0       0       0       0       0       0       0       0       0       0       0       0       0       0       0
 13561 ;;Total ram usage:        2 bytes
 13562 ;; Hardware stack levels used: 1
 13563 ;; Hardware stack levels required when called: 4
 13564 ;; This function calls:
 13565 ;;		Nothing
 13566 ;; This function is called by:
 13567 ;;		_RN487X_Read@rn487x_interface$F1380
 13568 ;;		_RN487X_Example_TransparentUart
 13569 ;; This function uses a non-reentrant model
 13570 ;;
 13571                           
 13572     02E1                     _EUSART2_Read:	
 13573                           ;psect for function _EUSART2_Read
 13574                           
 13575     02E1                     l5296:	
 13576                           ;incstack = 0
 13577                           ; Regs used in _EUSART2_Read: [wreg+fsr1l+fsr1h+status,2+status,0]
 13578                           
 13579     02E1                     l5298:	
 13580                           ;mcc_generated_files/eusart2.c: 155:     while(0 == eusart2RxCount)
 13581                           
 13582                           
 13583                           ;mcc_generated_files/eusart2.c: 155:     while(0 == eusart2RxCount)
 13584     02E1  0140               	movlb	0	; select bank0
 13585     02E2  0855               	movf	_eusart2RxCount,w	;volatile
 13586     02E3  1903               	btfsc	3,2
 13587     02E4  2AE6               	goto	u2021
 13588     02E5  2AE7               	goto	u2020
 13589     02E6                     u2021:
 13590     02E6  2AE1               	goto	l5298
 13591     02E7                     u2020:
 13592     02E7                     l5300:
 13593                           
 13594                           ;mcc_generated_files/eusart2.c: 159:     eusart2RxLastError = eusart2RxStatusBuffer[eusa
      +                          rt2RxTail];
 13595     02E7  0874               	movf	_eusart2RxTail,w	;volatile
 13596     02E8  3E3D               	addlw	(low (_eusart2RxStatusBuffer| 0))& (0+255)
 13597     02E9  0086               	movwf	6
 13598     02EA  0187               	clrf	7
 13599     02EB  0801               	movf	1,w
 13600     02EC  00D4               	movwf	_eusart2RxLastError	;volatile
 13601                           
 13602                           ;mcc_generated_files/eusart2.c: 161:     readValue = eusart2RxBuffer[eusart2RxTail++];
 13603     02ED  0874               	movf	_eusart2RxTail,w
 13604     02EE  3EDC               	addlw	(low (_eusart2RxBuffer| 0))& (0+255)
 13605     02EF  0086               	movwf	6
 13606     02F0  0187               	clrf	7
 13607     02F1  0801               	movf	1,w
 13608     02F2  00F9               	movwf	EUSART2_Read@readValue
 13609     02F3                     l5302:
 13610     02F3  3001               	movlw	1
 13611     02F4  00F8               	movwf	??_EUSART2_Read
 13612     02F5  0878               	movf	??_EUSART2_Read,w
 13613     02F6  07F4               	addwf	_eusart2RxTail,f	;volatile
 13614     02F7                     l5304:
 13615                           
 13616                           ;mcc_generated_files/eusart2.c: 162:     if(sizeof(eusart2RxBuffer) <= eusart2RxTail)
 13617     02F7  3008               	movlw	8
 13618     02F8  0274               	subwf	_eusart2RxTail,w	;volatile
 13619     02F9  1C03               	skipc
 13620     02FA  2AFC               	goto	u2031
 13621     02FB  2AFD               	goto	u2030
 13622     02FC                     u2031:
 13623     02FC  2AFE               	goto	l5308
 13624     02FD                     u2030:
 13625     02FD                     l5306:
 13626                           
 13627                           ;mcc_generated_files/eusart2.c: 163:     {;mcc_generated_files/eusart2.c: 164:         e
      +                          usart2RxTail = 0;
 13628     02FD  01F4               	clrf	_eusart2RxTail	;volatile
 13629     02FE                     l5308:
 13630                           
 13631                           ;mcc_generated_files/eusart2.c: 166:     PIE3bits.RC2IE = 0;
 13632     02FE  014E               	movlb	14	; select bank14
 13633     02FF  1399               	bcf	25,7	;volatile
 13634     0300                     l5310:
 13635                           
 13636                           ;mcc_generated_files/eusart2.c: 167:     eusart2RxCount--;
 13637     0300  3001               	movlw	1
 13638     0301  0140               	movlb	0	; select bank0
 13639     0302  02D5               	subwf	_eusart2RxCount,f	;volatile
 13640     0303                     l5312:
 13641                           
 13642                           ;mcc_generated_files/eusart2.c: 168:     PIE3bits.RC2IE = 1;
 13643     0303  014E               	movlb	14	; select bank14
 13644     0304  1799               	bsf	25,7	;volatile
 13645     0305                     l5314:
 13646                           
 13647                           ;mcc_generated_files/eusart2.c: 170:     return readValue;
 13648     0305  0879               	movf	EUSART2_Read@readValue,w
 13649     0306                     l1087:
 13650     0306  0008               	return
 13651     0307                     __end_of_EUSART2_Read:
 13652                           
 13653                           	psect	text36
 13654     04F2                     __ptext36:	
 13655 ;; *************** function _RN487X_IndicateRx *****************
 13656 ;; Defined at:
 13657 ;;		line 289 in file "mcc_generated_files/rn487x/rn487x_interface.c"
 13658 ;; Parameters:    Size  Location     Type
 13659 ;;  value           1    1[COMMON] _Bool 
 13660 ;; Auto vars:     Size  Location     Type
 13661 ;;		None
 13662 ;; Return value:  Size  Location     Type
 13663 ;;                  1    wreg      void 
 13664 ;; Registers used:
 13665 ;;		wreg, status,2, status,0
 13666 ;; Tracked objects:
 13667 ;;		On entry : 0/0
 13668 ;;		On exit  : 0/0
 13669 ;;		Unchanged: 0/0
 13670 ;; Data sizes:     COMMON   BANK0   BANK1   BANK2   BANK3   BANK4   BANK5   BANK6   BANK7   BANK8   BANK9  BANK10  BANK1
      +1  BANK12  BANK13  BANK14  BANK15  BANK16  BANK17  BANK18  BANK19  BANK20  BANK21  BANK22  BANK23  BANK24  BANK25
 13671 ;;      Params:         1       0       0       0       0       0       0       0       0       0       0       0       
      +0       0       0       0       0       0       0       0       0       0       0       0       0       0       0
 13672 ;;      Locals:         0       0       0       0       0       0       0       0       0       0       0       0       
      +0       0       0       0       0       0       0       0       0       0       0       0       0       0       0
 13673 ;;      Temps:          0       0       0       0       0       0       0       0       0       0       0       0       
      +0       0       0       0       0       0       0       0       0       0       0       0       0       0       0
 13674 ;;      Totals:         1       0       0       0       0       0       0       0       0       0       0       0       
      +0       0       0       0       0       0       0       0       0       0       0       0       0       0       0
 13675 ;;Total ram usage:        1 bytes
 13676 ;; Hardware stack levels used: 1
 13677 ;; Hardware stack levels required when called: 4
 13678 ;; This function calls:
 13679 ;;		Nothing
 13680 ;; This function is called by:
 13681 ;;		_RN487X_Init
 13682 ;; This function uses a non-reentrant model
 13683 ;;
 13684                           
 13685     04F2                     _RN487X_IndicateRx:	
 13686                           ;psect for function _RN487X_IndicateRx
 13687                           
 13688     04F2                     l5528:	
 13689                           ;incstack = 0
 13690                           ; Regs used in _RN487X_IndicateRx: [wreg+status,2+status,0]
 13691                           
 13692                           
 13693                           ;mcc_generated_files/rn487x/rn487x_interface.c: 289: static void RN487X_IndicateRx(_Bool
      +                           value);mcc_generated_files/rn487x/rn487x_interface.c: 290: {;mcc_generated_files/rn487x
      +                          /rn487x_interface.c: 291:     if (1 == value)
 13694     04F2  0378               	decf	RN487X_IndicateRx@value,w
 13695     04F3  1D03               	btfss	3,2
 13696     04F4  2CF6               	goto	u2221
 13697     04F5  2CF7               	goto	u2220
 13698     04F6                     u2221:
 13699     04F6  2CFA               	goto	l829
 13700     04F7                     u2220:
 13701     04F7                     l826:	
 13702                           ;mcc_generated_files/rn487x/rn487x_interface.c: 292:     {;mcc_generated_files/rn487x/rn
      +                          487x_interface.c: 293:         do { LATCbits.LATC6 = 0; } while(0);
 13703                           
 13704     04F7  0140               	movlb	0	; select bank0
 13705     04F8  131A               	bcf	26,6	;volatile
 13706     04F9  2CFC               	goto	l831
 13707     04FA                     l829:	
 13708                           ;mcc_generated_files/rn487x/rn487x_interface.c: 296:     {;mcc_generated_files/rn487x/rn
      +                          487x_interface.c: 297:         do { LATCbits.LATC6 = 1; } while(0);
 13709                           
 13710     04FA  0140               	movlb	0	; select bank0
 13711     04FB  171A               	bsf	26,6	;volatile
 13712     04FC                     l831:
 13713     04FC  0008               	return
 13714     04FD                     __end_of_RN487X_IndicateRx:
 13715                           
 13716                           	psect	text37
 13717     0549                     __ptext37:	
 13718 ;; *************** function _RN487X_Delay *****************
 13719 ;; Defined at:
 13720 ;;		line 272 in file "mcc_generated_files/rn487x/rn487x_interface.c"
 13721 ;; Parameters:    Size  Location     Type
 13722 ;;  delayCount      2    4[COMMON] unsigned short 
 13723 ;; Auto vars:     Size  Location     Type
 13724 ;;		None
 13725 ;; Return value:  Size  Location     Type
 13726 ;;                  1    wreg      void 
 13727 ;; Registers used:
 13728 ;;		wreg, status,2, status,0, pclath, cstack
 13729 ;; Tracked objects:
 13730 ;;		On entry : 0/0
 13731 ;;		On exit  : 0/0
 13732 ;;		Unchanged: 0/0
 13733 ;; Data sizes:     COMMON   BANK0   BANK1   BANK2   BANK3   BANK4   BANK5   BANK6   BANK7   BANK8   BANK9  BANK10  BANK1
      +1  BANK12  BANK13  BANK14  BANK15  BANK16  BANK17  BANK18  BANK19  BANK20  BANK21  BANK22  BANK23  BANK24  BANK25
 13734 ;;      Params:         2       0       0       0       0       0       0       0       0       0       0       0       
      +0       0       0       0       0       0       0       0       0       0       0       0       0       0       0
 13735 ;;      Locals:         0       0       0       0       0       0       0       0       0       0       0       0       
      +0       0       0       0       0       0       0       0       0       0       0       0       0       0       0
 13736 ;;      Temps:          0       0       0       0       0       0       0       0       0       0       0       0       
      +0       0       0       0       0       0       0       0       0       0       0       0       0       0       0
 13737 ;;      Totals:         2       0       0       0       0       0       0       0       0       0       0       0       
      +0       0       0       0       0       0       0       0       0       0       0       0       0       0       0
 13738 ;;Total ram usage:        2 bytes
 13739 ;; Hardware stack levels used: 1
 13740 ;; Hardware stack levels required when called: 5
 13741 ;; This function calls:
 13742 ;;		_DELAY_milliseconds
 13743 ;; This function is called by:
 13744 ;;		_LIGHTBLUE_UpdateErrorLed
 13745 ;;		_RN487X_Init
 13746 ;; This function uses a non-reentrant model
 13747 ;;
 13748                           
 13749     0549                     _RN487X_Delay:	
 13750                           ;psect for function _RN487X_Delay
 13751                           
 13752     0549                     l5522:	
 13753                           ;incstack = 0
 13754                           ; Regs used in _RN487X_Delay: [wreg+status,2+status,0+pclath+cstack]
 13755                           
 13756                           
 13757                           ;mcc_generated_files/rn487x/rn487x_interface.c: 272: static __attribute__((inline)) void
      +                           RN487X_Delay(uint16_t delayCount);mcc_generated_files/rn487x/rn487x_interface.c: 273: {
      +                          ;mcc_generated_files/rn487x/rn487x_interface.c: 274:     return DELAY_milliseconds(delay
      +                          Count);;	Return value of _RN487X_Delay is never used
 13758     0549  087C               	movf	RN487X_Delay@delayCount+1,w
 13759     054A  00F9               	movwf	DELAY_milliseconds@milliseconds+1
 13760     054B  087B               	movf	RN487X_Delay@delayCount,w
 13761     054C  00F8               	movwf	DELAY_milliseconds@milliseconds
 13762     054D  3184  244F  3185   	fcall	_DELAY_milliseconds
 13763     0550                     l813:
 13764     0550  0008               	return
 13765     0551                     __end_of_RN487X_Delay:
 13766                           
 13767                           	psect	text38
 13768     044F                     __ptext38:	
 13769 ;; *************** function _DELAY_milliseconds *****************
 13770 ;; Defined at:
 13771 ;;		line 38 in file "mcc_generated_files/delay.c"
 13772 ;; Parameters:    Size  Location     Type
 13773 ;;  milliseconds    2    1[COMMON] unsigned short 
 13774 ;; Auto vars:     Size  Location     Type
 13775 ;;		None
 13776 ;; Return value:  Size  Location     Type
 13777 ;;                  1    wreg      void 
 13778 ;; Registers used:
 13779 ;;		wreg, status,2, status,0
 13780 ;; Tracked objects:
 13781 ;;		On entry : 0/0
 13782 ;;		On exit  : 0/0
 13783 ;;		Unchanged: 0/0
 13784 ;; Data sizes:     COMMON   BANK0   BANK1   BANK2   BANK3   BANK4   BANK5   BANK6   BANK7   BANK8   BANK9  BANK10  BANK1
      +1  BANK12  BANK13  BANK14  BANK15  BANK16  BANK17  BANK18  BANK19  BANK20  BANK21  BANK22  BANK23  BANK24  BANK25
 13785 ;;      Params:         2       0       0       0       0       0       0       0       0       0       0       0       
      +0       0       0       0       0       0       0       0       0       0       0       0       0       0       0
 13786 ;;      Locals:         0       0       0       0       0       0       0       0       0       0       0       0       
      +0       0       0       0       0       0       0       0       0       0       0       0       0       0       0
 13787 ;;      Temps:          1       0       0       0       0       0       0       0       0       0       0       0       
      +0       0       0       0       0       0       0       0       0       0       0       0       0       0       0
 13788 ;;      Totals:         3       0       0       0       0       0       0       0       0       0       0       0       
      +0       0       0       0       0       0       0       0       0       0       0       0       0       0       0
 13789 ;;Total ram usage:        3 bytes
 13790 ;; Hardware stack levels used: 1
 13791 ;; Hardware stack levels required when called: 4
 13792 ;; This function calls:
 13793 ;;		Nothing
 13794 ;; This function is called by:
 13795 ;;		_RN487X_Delay
 13796 ;; This function uses a non-reentrant model
 13797 ;;
 13798                           
 13799     044F                     _DELAY_milliseconds:	
 13800                           ;psect for function _DELAY_milliseconds
 13801                           
 13802     044F                     l5276:	
 13803                           ;incstack = 0
 13804                           ; Regs used in _DELAY_milliseconds: [wreg+status,2+status,0]
 13805                           
 13806                           
 13807                           ;mcc_generated_files/delay.c: 39:     while(milliseconds--){
 13808     044F  2C58               	goto	l5280
 13809     0450                     l5278:
 13810                           
 13811                           ;mcc_generated_files/delay.c: 40:         _delay((unsigned long)((1)*(32000000/4000.0)))
      +                          ;
 13812     0450  300B               	movlw	11
 13813     0451  00FA               	movwf	??_DELAY_milliseconds
 13814     0452  3062               	movlw	98
 13815     0453                     u3857:
 13816     0453  0B89               	decfsz	9,f
 13817     0454  2C53               	goto	u3857
 13818     0455  0BFA               	decfsz	??_DELAY_milliseconds,f
 13819     0456  2C53               	goto	u3857
 13820     0457  3200               	nop2
 13821     0458                     l5280:
 13822                           
 13823                           ;mcc_generated_files/delay.c: 39:     while(milliseconds--){
 13824     0458  3001               	movlw	1
 13825     0459  02F8               	subwf	DELAY_milliseconds@milliseconds,f
 13826     045A  3000               	movlw	0
 13827     045B  3BF9               	subwfb	DELAY_milliseconds@milliseconds+1,f
 13828     045C  0A78               	incf	DELAY_milliseconds@milliseconds,w
 13829     045D  1D03               	skipz
 13830     045E  2C63               	goto	u1991
 13831     045F  0A79               	incf	DELAY_milliseconds@milliseconds+1,w
 13832     0460  1D03               	btfss	3,2
 13833     0461  2C63               	goto	u1991
 13834     0462  2C64               	goto	u1990
 13835     0463                     u1991:
 13836     0463  2C50               	goto	l5278
 13837     0464                     u1990:
 13838     0464                     l2013:
 13839     0464  0008               	return
 13840     0465                     __end_of_DELAY_milliseconds:
 13841                           
 13842                           	psect	text39
 13843     05AF                     __ptext39:	
 13844 ;; *************** function _LIGHTBLUE_Initialize *****************
 13845 ;; Defined at:
 13846 ;;		line 310 in file "mcc_generated_files/application/LIGHTBLUE_service.c"
 13847 ;; Parameters:    Size  Location     Type
 13848 ;;		None
 13849 ;; Auto vars:     Size  Location     Type
 13850 ;;		None
 13851 ;; Return value:  Size  Location     Type
 13852 ;;                  1    wreg      void 
 13853 ;; Registers used:
 13854 ;;		wreg
 13855 ;; Tracked objects:
 13856 ;;		On entry : 0/0
 13857 ;;		On exit  : 0/0
 13858 ;;		Unchanged: 0/0
 13859 ;; Data sizes:     COMMON   BANK0   BANK1   BANK2   BANK3   BANK4   BANK5   BANK6   BANK7   BANK8   BANK9  BANK10  BANK1
      +1  BANK12  BANK13  BANK14  BANK15  BANK16  BANK17  BANK18  BANK19  BANK20  BANK21  BANK22  BANK23  BANK24  BANK25
 13860 ;;      Params:         0       0       0       0       0       0       0       0       0       0       0       0       
      +0       0       0       0       0       0       0       0       0       0       0       0       0       0       0
 13861 ;;      Locals:         0       0       0       0       0       0       0       0       0       0       0       0       
      +0       0       0       0       0       0       0       0       0       0       0       0       0       0       0
 13862 ;;      Temps:          0       0       0       0       0       0       0       0       0       0       0       0       
      +0       0       0       0       0       0       0       0       0       0       0       0       0       0       0
 13863 ;;      Totals:         0       0       0       0       0       0       0       0       0       0       0       0       
      +0       0       0       0       0       0       0       0       0       0       0       0       0       0       0
 13864 ;;Total ram usage:        0 bytes
 13865 ;; Hardware stack levels used: 1
 13866 ;; Hardware stack levels required when called: 4
 13867 ;; This function calls:
 13868 ;;		Nothing
 13869 ;; This function is called by:
 13870 ;;		_main
 13871 ;; This function uses a non-reentrant model
 13872 ;;
 13873                           
 13874     05AF                     _LIGHTBLUE_Initialize:	
 13875                           ;psect for function _LIGHTBLUE_Initialize
 13876                           
 13877     05AF                     l5790:	
 13878                           ;incstack = 0
 13879                           ; Regs used in _LIGHTBLUE_Initialize: [wreg]
 13880                           
 13881                           
 13882                           ;mcc_generated_files/application/LIGHTBLUE_service.c: 312:     bitMap.ioBitMap.gpioBitMa
      +                          p = 0x01;
 13883     05AF  3001               	movlw	1
 13884     05B0  00F0               	movwf	_bitMap	;volatile
 13885                           
 13886                           ;mcc_generated_files/application/LIGHTBLUE_service.c: 313:     bitMap.ioStateBitMap.gpio
      +                          StateBitMap = 0x01;
 13887     05B1  3001               	movlw	1
 13888     05B2  00F1               	movwf	_bitMap+1	;volatile
 13889     05B3                     l128:
 13890     05B3  0008               	return
 13891     05B4                     __end_of_LIGHTBLUE_Initialize:
 13892                           
 13893                           	psect	intentry
 13894     0004                     __pintentry:	
 13895 ;; *************** function _INTERRUPT_InterruptManager *****************
 13896 ;; Defined at:
 13897 ;;		line 52 in file "mcc_generated_files/interrupt_manager.c"
 13898 ;; Parameters:    Size  Location     Type
 13899 ;;		None
 13900 ;; Auto vars:     Size  Location     Type
 13901 ;;		None
 13902 ;; Return value:  Size  Location     Type
 13903 ;;                  1    wreg      void 
 13904 ;; Registers used:
 13905 ;;		wreg, fsr1l, fsr1h, status,2, status,0, pclath, cstack
 13906 ;; Tracked objects:
 13907 ;;		On entry : 0/0
 13908 ;;		On exit  : 0/0
 13909 ;;		Unchanged: 0/0
 13910 ;; Data sizes:     COMMON   BANK0   BANK1   BANK2   BANK3   BANK4   BANK5   BANK6   BANK7   BANK8   BANK9  BANK10  BANK1
      +1  BANK12  BANK13  BANK14  BANK15  BANK16  BANK17  BANK18  BANK19  BANK20  BANK21  BANK22  BANK23  BANK24  BANK25
 13911 ;;      Params:         0       0       0       0       0       0       0       0       0       0       0       0       
      +0       0       0       0       0       0       0       0       0       0       0       0       0       0       0
 13912 ;;      Locals:         0       0       0       0       0       0       0       0       0       0       0       0       
      +0       0       0       0       0       0       0       0       0       0       0       0       0       0       0
 13913 ;;      Temps:          0       0       0       0       0       0       0       0       0       0       0       0       
      +0       0       0       0       0       0       0       0       0       0       0       0       0       0       0
 13914 ;;      Totals:         0       0       0       0       0       0       0       0       0       0       0       0       
      +0       0       0       0       0       0       0       0       0       0       0       0       0       0       0
 13915 ;;Total ram usage:        0 bytes
 13916 ;; Hardware stack levels used: 1
 13917 ;; Hardware stack levels required when called: 3
 13918 ;; This function calls:
 13919 ;;		NULL
 13920 ;;		_EUSART1_Receive_ISR
 13921 ;;		_EUSART1_Transmit_ISR
 13922 ;;		_EUSART2_Receive_ISR
 13923 ;;		_EUSART2_Transmit_ISR
 13924 ;;		_PIN_MANAGER_IOC
 13925 ;; This function is called by:
 13926 ;;		Interrupt level 1
 13927 ;; This function uses a non-reentrant model
 13928 ;;
 13929                           
 13930     0004                     _INTERRUPT_InterruptManager:
 13931                           
 13932                           ;incstack = 0
 13933     0004  147E               	bsf	int$flags,0	;set compiler interrupt flag (level 1)
 13934                           
 13935                           ; Regs used in _INTERRUPT_InterruptManager: [wreg+fsr1l+fsr1h+status,2+status,0+pclath+c
      +                          stack]
 13936     0005  3180               	pagesel	$
 13937     0006                     i1l7188:
 13938                           
 13939                           ;mcc_generated_files/interrupt_manager.c: 55:     if(PIE0bits.IOCIE == 1 && PIR0bits.IOC
      +                          IF == 1)
 13940     0006  014E               	movlb	14	; select bank14
 13941     0007  1E16               	btfss	22,4	;volatile
 13942     0008  280A               	goto	u351_21
 13943     0009  280B               	goto	u351_20
 13944     000A                     u351_21:
 13945     000A  2813               	goto	i1l1314
 13946     000B                     u351_20:
 13947     000B                     i1l7190:
 13948     000B  1E0C               	btfss	12,4	;volatile
 13949     000C  280E               	goto	u352_21
 13950     000D  280F               	goto	u352_20
 13951     000E                     u352_21:
 13952     000E  2813               	goto	i1l1314
 13953     000F                     u352_20:
 13954     000F                     i1l7192:
 13955                           
 13956                           ;mcc_generated_files/interrupt_manager.c: 56:     {;mcc_generated_files/interrupt_manage
      +                          r.c: 57:         PIN_MANAGER_IOC();
 13957     000F  3185  2540  3180   	fcall	_PIN_MANAGER_IOC
 13958                           
 13959                           ;mcc_generated_files/interrupt_manager.c: 58:     }
 13960     0012  2853               	goto	i1l1326
 13961     0013                     i1l1314:	
 13962                           ;mcc_generated_files/interrupt_manager.c: 59:     else if(INTCONbits.PEIE == 1)
 13963                           
 13964     0013  1F0B               	btfss	11,6	;volatile
 13965     0014  2816               	goto	u353_21
 13966     0015  2817               	goto	u353_20
 13967     0016                     u353_21:
 13968     0016  2853               	goto	i1l1326
 13969     0017                     u353_20:
 13970     0017                     i1l7194:
 13971                           
 13972                           ;mcc_generated_files/interrupt_manager.c: 60:     {;mcc_generated_files/interrupt_manage
      +                          r.c: 61:         if(PIE3bits.TX2IE == 1 && PIR3bits.TX2IF == 1)
 13973     0017  1F19               	btfss	25,6	;volatile
 13974     0018  281A               	goto	u354_21
 13975     0019  281B               	goto	u354_20
 13976     001A                     u354_21:
 13977     001A  2826               	goto	i1l1317
 13978     001B                     u354_20:
 13979     001B                     i1l7196:
 13980     001B  1F0F               	btfss	15,6	;volatile
 13981     001C  281E               	goto	u355_21
 13982     001D  281F               	goto	u355_20
 13983     001E                     u355_21:
 13984     001E  2826               	goto	i1l1317
 13985     001F                     u355_20:
 13986     001F                     i1l7198:
 13987                           
 13988                           ;mcc_generated_files/interrupt_manager.c: 62:         {;mcc_generated_files/interrupt_ma
      +                          nager.c: 63:             EUSART2_TxDefaultInterruptHandler();
 13989     001F  0140               	movlb	0	; select bank0
 13990     0020  086D               	movf	_EUSART2_TxDefaultInterruptHandler+1,w
 13991     0021  008A               	movwf	10
 13992     0022  086C               	movf	_EUSART2_TxDefaultInterruptHandler,w
 13993     0023  000A               	callw
 13994     0024  3180               	pagesel	$
 13995                           
 13996                           ;mcc_generated_files/interrupt_manager.c: 64:         }
 13997     0025  2853               	goto	i1l1326
 13998     0026                     i1l1317:	
 13999                           ;mcc_generated_files/interrupt_manager.c: 65:         else if(PIE3bits.RC2IE == 1 && PIR
      +                          3bits.RC2IF == 1)
 14000                           
 14001     0026  1F99               	btfss	25,7	;volatile
 14002     0027  2829               	goto	u356_21
 14003     0028  282A               	goto	u356_20
 14004     0029                     u356_21:
 14005     0029  2835               	goto	i1l1319
 14006     002A                     u356_20:
 14007     002A                     i1l7200:
 14008     002A  1F8F               	btfss	15,7	;volatile
 14009     002B  282D               	goto	u357_21
 14010     002C  282E               	goto	u357_20
 14011     002D                     u357_21:
 14012     002D  2835               	goto	i1l1319
 14013     002E                     u357_20:
 14014     002E                     i1l7202:
 14015                           
 14016                           ;mcc_generated_files/interrupt_manager.c: 66:         {;mcc_generated_files/interrupt_ma
      +                          nager.c: 67:             EUSART2_RxDefaultInterruptHandler();
 14017     002E  0141               	movlb	1	; select bank1
 14018     002F  086F               	movf	(_EUSART2_RxDefaultInterruptHandler+1)^(0+128),w
 14019     0030  008A               	movwf	10
 14020     0031  086E               	movf	_EUSART2_RxDefaultInterruptHandler^(0+128),w
 14021     0032  000A               	callw
 14022     0033  3180               	pagesel	$
 14023                           
 14024                           ;mcc_generated_files/interrupt_manager.c: 68:         }
 14025     0034  2853               	goto	i1l1326
 14026     0035                     i1l1319:	
 14027                           ;mcc_generated_files/interrupt_manager.c: 69:         else if(PIE3bits.TX1IE == 1 && PIR
      +                          3bits.TX1IF == 1)
 14028                           
 14029     0035  1E19               	btfss	25,4	;volatile
 14030     0036  2838               	goto	u358_21
 14031     0037  2839               	goto	u358_20
 14032     0038                     u358_21:
 14033     0038  2844               	goto	i1l1321
 14034     0039                     u358_20:
 14035     0039                     i1l7204:
 14036     0039  1E0F               	btfss	15,4	;volatile
 14037     003A  283C               	goto	u359_21
 14038     003B  283D               	goto	u359_20
 14039     003C                     u359_21:
 14040     003C  2844               	goto	i1l1321
 14041     003D                     u359_20:
 14042     003D                     i1l7206:
 14043                           
 14044                           ;mcc_generated_files/interrupt_manager.c: 70:         {;mcc_generated_files/interrupt_ma
      +                          nager.c: 71:             EUSART1_TxDefaultInterruptHandler();
 14045     003D  0142               	movlb	2	; select bank2
 14046     003E  083A               	movf	(_EUSART1_TxDefaultInterruptHandler+1)^(0+256),w
 14047     003F  008A               	movwf	10
 14048     0040  0839               	movf	_EUSART1_TxDefaultInterruptHandler^(0+256),w
 14049     0041  000A               	callw
 14050     0042  3180               	pagesel	$
 14051                           
 14052                           ;mcc_generated_files/interrupt_manager.c: 72:         }
 14053     0043  2853               	goto	i1l1326
 14054     0044                     i1l1321:	
 14055                           ;mcc_generated_files/interrupt_manager.c: 73:         else if(PIE3bits.RC1IE == 1 && PIR
      +                          3bits.RC1IF == 1)
 14056                           
 14057     0044  1E99               	btfss	25,5	;volatile
 14058     0045  2847               	goto	u360_21
 14059     0046  2848               	goto	u360_20
 14060     0047                     u360_21:
 14061     0047  2853               	goto	i1l1320
 14062     0048                     u360_20:
 14063     0048                     i1l7208:
 14064     0048  1E8F               	btfss	15,5	;volatile
 14065     0049  284B               	goto	u361_21
 14066     004A  284C               	goto	u361_20
 14067     004B                     u361_21:
 14068     004B  2853               	goto	i1l1320
 14069     004C                     u361_20:
 14070     004C                     i1l7210:
 14071                           
 14072                           ;mcc_generated_files/interrupt_manager.c: 74:         {;mcc_generated_files/interrupt_ma
      +                          nager.c: 75:             EUSART1_RxDefaultInterruptHandler();
 14073     004C  0142               	movlb	2	; select bank2
 14074     004D  0838               	movf	(_EUSART1_RxDefaultInterruptHandler+1)^(0+256),w
 14075     004E  008A               	movwf	10
 14076     004F  0837               	movf	_EUSART1_RxDefaultInterruptHandler^(0+256),w
 14077     0050  000A               	callw
 14078     0051  3180               	pagesel	$
 14079                           
 14080                           ;mcc_generated_files/interrupt_manager.c: 76:         }
 14081     0052  2853               	goto	i1l1326
 14082     0053                     i1l1320:
 14083     0053                     i1l1326:
 14084     0053  107E               	bcf	int$flags,0	;clear compiler interrupt flag (level 1)
 14085     0054  0009               	retfie
 14086     0055                     __end_of_INTERRUPT_InterruptManager:
 14087                           
 14088                           	psect	text41
 14089     0540                     __ptext41:	
 14090 ;; *************** function _PIN_MANAGER_IOC *****************
 14091 ;; Defined at:
 14092 ;;		line 146 in file "mcc_generated_files/pin_manager.c"
 14093 ;; Parameters:    Size  Location     Type
 14094 ;;		None
 14095 ;; Auto vars:     Size  Location     Type
 14096 ;;		None
 14097 ;; Return value:  Size  Location     Type
 14098 ;;                  1    wreg      void 
 14099 ;; Registers used:
 14100 ;;		wreg, status,2, status,0, pclath, cstack
 14101 ;; Tracked objects:
 14102 ;;		On entry : 0/0
 14103 ;;		On exit  : 0/0
 14104 ;;		Unchanged: 0/0
 14105 ;; Data sizes:     COMMON   BANK0   BANK1   BANK2   BANK3   BANK4   BANK5   BANK6   BANK7   BANK8   BANK9  BANK10  BANK1
      +1  BANK12  BANK13  BANK14  BANK15  BANK16  BANK17  BANK18  BANK19  BANK20  BANK21  BANK22  BANK23  BANK24  BANK25
 14106 ;;      Params:         0       0       0       0       0       0       0       0       0       0       0       0       
      +0       0       0       0       0       0       0       0       0       0       0       0       0       0       0
 14107 ;;      Locals:         0       0       0       0       0       0       0       0       0       0       0       0       
      +0       0       0       0       0       0       0       0       0       0       0       0       0       0       0
 14108 ;;      Temps:          0       0       0       0       0       0       0       0       0       0       0       0       
      +0       0       0       0       0       0       0       0       0       0       0       0       0       0       0
 14109 ;;      Totals:         0       0       0       0       0       0       0       0       0       0       0       0       
      +0       0       0       0       0       0       0       0       0       0       0       0       0       0       0
 14110 ;;Total ram usage:        0 bytes
 14111 ;; Hardware stack levels used: 1
 14112 ;; Hardware stack levels required when called: 2
 14113 ;; This function calls:
 14114 ;;		_IOCAF6_ISR
 14115 ;; This function is called by:
 14116 ;;		_INTERRUPT_InterruptManager
 14117 ;; This function uses a non-reentrant model
 14118 ;;
 14119                           
 14120     0540                     _PIN_MANAGER_IOC:	
 14121                           ;psect for function _PIN_MANAGER_IOC
 14122                           
 14123     0540                     i1l6256:	
 14124                           ;incstack = 0
 14125                           ; Regs used in _PIN_MANAGER_IOC: [wreg+status,2+status,0+pclath+cstack]
 14126                           
 14127                           
 14128                           ;mcc_generated_files/pin_manager.c: 149:     if(IOCAFbits.IOCAF6 == 1)
 14129     0540  017E               	movlb	62	; select bank62
 14130     0541  1F3F               	btfss	63,6	;volatile
 14131     0542  2D44               	goto	u265_21
 14132     0543  2D45               	goto	u265_20
 14133     0544                     u265_21:
 14134     0544  2D48               	goto	i1l1480
 14135     0545                     u265_20:
 14136     0545                     i1l6258:
 14137                           
 14138                           ;mcc_generated_files/pin_manager.c: 150:     {;mcc_generated_files/pin_manager.c: 151:  
      +                                 IOCAF6_ISR();
 14139     0545  3184  249C  3185   	fcall	_IOCAF6_ISR
 14140     0548                     i1l1480:
 14141     0548  0008               	return
 14142     0549                     __end_of_PIN_MANAGER_IOC:
 14143                           
 14144                           	psect	text42
 14145     049C                     __ptext42:	
 14146 ;; *************** function _IOCAF6_ISR *****************
 14147 ;; Defined at:
 14148 ;;		line 158 in file "mcc_generated_files/pin_manager.c"
 14149 ;; Parameters:    Size  Location     Type
 14150 ;;		None
 14151 ;; Auto vars:     Size  Location     Type
 14152 ;;		None
 14153 ;; Return value:  Size  Location     Type
 14154 ;;                  1    wreg      void 
 14155 ;; Registers used:
 14156 ;;		wreg, status,2, status,0, pclath, cstack
 14157 ;; Tracked objects:
 14158 ;;		On entry : 0/0
 14159 ;;		On exit  : 0/0
 14160 ;;		Unchanged: 0/0
 14161 ;; Data sizes:     COMMON   BANK0   BANK1   BANK2   BANK3   BANK4   BANK5   BANK6   BANK7   BANK8   BANK9  BANK10  BANK1
      +1  BANK12  BANK13  BANK14  BANK15  BANK16  BANK17  BANK18  BANK19  BANK20  BANK21  BANK22  BANK23  BANK24  BANK25
 14162 ;;      Params:         0       0       0       0       0       0       0       0       0       0       0       0       
      +0       0       0       0       0       0       0       0       0       0       0       0       0       0       0
 14163 ;;      Locals:         0       0       0       0       0       0       0       0       0       0       0       0       
      +0       0       0       0       0       0       0       0       0       0       0       0       0       0       0
 14164 ;;      Temps:          0       0       0       0       0       0       0       0       0       0       0       0       
      +0       0       0       0       0       0       0       0       0       0       0       0       0       0       0
 14165 ;;      Totals:         0       0       0       0       0       0       0       0       0       0       0       0       
      +0       0       0       0       0       0       0       0       0       0       0       0       0       0       0
 14166 ;;Total ram usage:        0 bytes
 14167 ;; Hardware stack levels used: 1
 14168 ;; Hardware stack levels required when called: 1
 14169 ;; This function calls:
 14170 ;;		NULL
 14171 ;;		_IOCAF6_DefaultInterruptHandler
 14172 ;; This function is called by:
 14173 ;;		_PIN_MANAGER_IOC
 14174 ;; This function uses a non-reentrant model
 14175 ;;
 14176                           
 14177     049C                     _IOCAF6_ISR:	
 14178                           ;psect for function _IOCAF6_ISR
 14179                           
 14180     049C                     i1l5730:	
 14181                           ;incstack = 0
 14182                           ; Regs used in _IOCAF6_ISR: [wreg+status,2+status,0+pclath+cstack]
 14183                           
 14184                           
 14185                           ;mcc_generated_files/pin_manager.c: 161:     (iNTERRUPTbits.ACC = 1);
 14186     049C  0140               	movlb	0	; select bank0
 14187     049D  1463               	bsf	_iNTERRUPTbits,0	;volatile
 14188     049E                     i1l5732:
 14189                           
 14190                           ;mcc_generated_files/pin_manager.c: 164:     if(IOCAF6_InterruptHandler)
 14191     049E  086A               	movf	_IOCAF6_InterruptHandler,w
 14192     049F  046B               	iorwf	_IOCAF6_InterruptHandler+1,w
 14193     04A0  1903               	btfsc	3,2
 14194     04A1  2CA3               	goto	u227_21
 14195     04A2  2CA4               	goto	u227_20
 14196     04A3                     u227_21:
 14197     04A3  2CA9               	goto	i1l5736
 14198     04A4                     u227_20:
 14199     04A4                     i1l5734:
 14200                           
 14201                           ;mcc_generated_files/pin_manager.c: 165:     {;mcc_generated_files/pin_manager.c: 166:  
      +                                 IOCAF6_InterruptHandler();
 14202     04A4  086B               	movf	_IOCAF6_InterruptHandler+1,w
 14203     04A5  008A               	movwf	10
 14204     04A6  086A               	movf	_IOCAF6_InterruptHandler,w
 14205     04A7  000A               	callw
 14206     04A8  3184               	pagesel	$
 14207     04A9                     i1l5736:
 14208                           
 14209                           ;mcc_generated_files/pin_manager.c: 168:     IOCAFbits.IOCAF6 = 0;
 14210     04A9  017E               	movlb	62	; select bank62
 14211     04AA  133F               	bcf	63,6	;volatile
 14212     04AB                     i1l1484:
 14213     04AB  0008               	return
 14214     04AC                     __end_of_IOCAF6_ISR:
 14215                           
 14216                           	psect	text43
 14217     05D1                     __ptext43:	
 14218 ;; *************** function _IOCAF6_DefaultInterruptHandler *****************
 14219 ;; Defined at:
 14220 ;;		line 181 in file "mcc_generated_files/pin_manager.c"
 14221 ;; Parameters:    Size  Location     Type
 14222 ;;		None
 14223 ;; Auto vars:     Size  Location     Type
 14224 ;;		None
 14225 ;; Return value:  Size  Location     Type
 14226 ;;                  1    wreg      void 
 14227 ;; Registers used:
 14228 ;;		None
 14229 ;; Tracked objects:
 14230 ;;		On entry : 0/0
 14231 ;;		On exit  : 0/0
 14232 ;;		Unchanged: 0/0
 14233 ;; Data sizes:     COMMON   BANK0   BANK1   BANK2   BANK3   BANK4   BANK5   BANK6   BANK7   BANK8   BANK9  BANK10  BANK1
      +1  BANK12  BANK13  BANK14  BANK15  BANK16  BANK17  BANK18  BANK19  BANK20  BANK21  BANK22  BANK23  BANK24  BANK25
 14234 ;;      Params:         0       0       0       0       0       0       0       0       0       0       0       0       
      +0       0       0       0       0       0       0       0       0       0       0       0       0       0       0
 14235 ;;      Locals:         0       0       0       0       0       0       0       0       0       0       0       0       
      +0       0       0       0       0       0       0       0       0       0       0       0       0       0       0
 14236 ;;      Temps:          0       0       0       0       0       0       0       0       0       0       0       0       
      +0       0       0       0       0       0       0       0       0       0       0       0       0       0       0
 14237 ;;      Totals:         0       0       0       0       0       0       0       0       0       0       0       0       
      +0       0       0       0       0       0       0       0       0       0       0       0       0       0       0
 14238 ;;Total ram usage:        0 bytes
 14239 ;; Hardware stack levels used: 1
 14240 ;; This function calls:
 14241 ;;		Nothing
 14242 ;; This function is called by:
 14243 ;;		_PIN_MANAGER_Initialize
 14244 ;;		_IOCAF6_ISR
 14245 ;; This function uses a non-reentrant model
 14246 ;;
 14247                           
 14248     05D1                     _IOCAF6_DefaultInterruptHandler:	
 14249                           ;psect for function _IOCAF6_DefaultInterruptHandler
 14250                           
 14251     05D1                     i1l1490:	
 14252                           ;incstack = 0
 14253                           ; Regs used in _IOCAF6_DefaultInterruptHandler: []
 14254                           
 14255     05D1  0008               	return
 14256     05D2                     __end_of_IOCAF6_DefaultInterruptHandler:
 14257                           
 14258                           	psect	text44
 14259     0307                     __ptext44:	
 14260 ;; *************** function _EUSART1_Transmit_ISR *****************
 14261 ;; Defined at:
 14262 ;;		line 206 in file "mcc_generated_files/eusart1.c"
 14263 ;; Parameters:    Size  Location     Type
 14264 ;;		None
 14265 ;; Auto vars:     Size  Location     Type
 14266 ;;		None
 14267 ;; Return value:  Size  Location     Type
 14268 ;;                  1    wreg      void 
 14269 ;; Registers used:
 14270 ;;		wreg, fsr1l, fsr1h, status,2, status,0
 14271 ;; Tracked objects:
 14272 ;;		On entry : 0/0
 14273 ;;		On exit  : 0/0
 14274 ;;		Unchanged: 0/0
 14275 ;; Data sizes:     COMMON   BANK0   BANK1   BANK2   BANK3   BANK4   BANK5   BANK6   BANK7   BANK8   BANK9  BANK10  BANK1
      +1  BANK12  BANK13  BANK14  BANK15  BANK16  BANK17  BANK18  BANK19  BANK20  BANK21  BANK22  BANK23  BANK24  BANK25
 14276 ;;      Params:         0       0       0       0       0       0       0       0       0       0       0       0       
      +0       0       0       0       0       0       0       0       0       0       0       0       0       0       0
 14277 ;;      Locals:         0       0       0       0       0       0       0       0       0       0       0       0       
      +0       0       0       0       0       0       0       0       0       0       0       0       0       0       0
 14278 ;;      Temps:          1       0       0       0       0       0       0       0       0       0       0       0       
      +0       0       0       0       0       0       0       0       0       0       0       0       0       0       0
 14279 ;;      Totals:         1       0       0       0       0       0       0       0       0       0       0       0       
      +0       0       0       0       0       0       0       0       0       0       0       0       0       0       0
 14280 ;;Total ram usage:        1 bytes
 14281 ;; Hardware stack levels used: 1
 14282 ;; This function calls:
 14283 ;;		Nothing
 14284 ;; This function is called by:
 14285 ;;		_EUSART1_Initialize
 14286 ;;		_INTERRUPT_InterruptManager
 14287 ;; This function uses a non-reentrant model
 14288 ;;
 14289                           
 14290     0307                     _EUSART1_Transmit_ISR:	
 14291                           ;psect for function _EUSART1_Transmit_ISR
 14292                           
 14293     0307                     i1l6224:	
 14294                           ;incstack = 0
 14295                           ; Regs used in _EUSART1_Transmit_ISR: [wreg+fsr1l+fsr1h+status,2+status,0]
 14296                           
 14297                           
 14298                           ;mcc_generated_files/eusart1.c: 210:     if(sizeof(eusart1TxBuffer) > eusart1TxBufferRem
      +                          aining)
 14299     0307  3008               	movlw	8
 14300     0308  0140               	movlb	0	; select bank0
 14301     0309  0251               	subwf	_eusart1TxBufferRemaining,w	;volatile
 14302     030A  1803               	skipnc
 14303     030B  2B0D               	goto	u260_21
 14304     030C  2B0E               	goto	u260_20
 14305     030D                     u260_21:
 14306     030D  2B26               	goto	i1l1249
 14307     030E                     u260_20:
 14308     030E                     i1l6226:
 14309                           
 14310                           ;mcc_generated_files/eusart1.c: 211:     {;mcc_generated_files/eusart1.c: 212:         T
      +                          X1REG = eusart1TxBuffer[eusart1TxTail++];
 14311     030E  0852               	movf	_eusart1TxTail,w
 14312     030F  3ED4               	addlw	(low (_eusart1TxBuffer| 0))& (0+255)
 14313     0310  0086               	movwf	6
 14314     0311  0187               	clrf	7
 14315     0312  0801               	movf	1,w
 14316     0313  0142               	movlb	2	; select bank2
 14317     0314  009A               	movwf	26	;volatile
 14318     0315                     i1l6228:
 14319     0315  3001               	movlw	1
 14320     0316  00F7               	movwf	??_EUSART1_Transmit_ISR
 14321     0317  0877               	movf	??_EUSART1_Transmit_ISR,w
 14322     0318  0140               	movlb	0	; select bank0
 14323     0319  07D2               	addwf	_eusart1TxTail,f	;volatile
 14324     031A                     i1l6230:
 14325                           
 14326                           ;mcc_generated_files/eusart1.c: 213:         if(sizeof(eusart1TxBuffer) <= eusart1TxTail
      +                          )
 14327     031A  3008               	movlw	8
 14328     031B  0252               	subwf	_eusart1TxTail,w	;volatile
 14329     031C  1C03               	skipc
 14330     031D  2B1F               	goto	u261_21
 14331     031E  2B20               	goto	u261_20
 14332     031F                     u261_21:
 14333     031F  2B21               	goto	i1l6234
 14334     0320                     u261_20:
 14335     0320                     i1l6232:
 14336                           
 14337                           ;mcc_generated_files/eusart1.c: 214:         {;mcc_generated_files/eusart1.c: 215:      
      +                                 eusart1TxTail = 0;
 14338     0320  01D2               	clrf	_eusart1TxTail	;volatile
 14339     0321                     i1l6234:
 14340                           
 14341                           ;mcc_generated_files/eusart1.c: 217:         eusart1TxBufferRemaining++;
 14342     0321  3001               	movlw	1
 14343     0322  00F7               	movwf	??_EUSART1_Transmit_ISR
 14344     0323  0877               	movf	??_EUSART1_Transmit_ISR,w
 14345     0324  07D1               	addwf	_eusart1TxBufferRemaining,f	;volatile
 14346                           
 14347                           ;mcc_generated_files/eusart1.c: 218:     }
 14348     0325  2B28               	goto	i1l1252
 14349     0326                     i1l1249:	
 14350                           ;mcc_generated_files/eusart1.c: 219:     else
 14351                           
 14352                           
 14353                           ;mcc_generated_files/eusart1.c: 220:     {;mcc_generated_files/eusart1.c: 221:         P
      +                          IE3bits.TX1IE = 0;
 14354     0326  014E               	movlb	14	; select bank14
 14355     0327  1219               	bcf	25,4	;volatile
 14356     0328                     i1l1252:
 14357     0328  0008               	return
 14358     0329                     __end_of_EUSART1_Transmit_ISR:
 14359                           
 14360                           	psect	text45
 14361     0329                     __ptext45:	
 14362 ;; *************** function _EUSART2_Transmit_ISR *****************
 14363 ;; Defined at:
 14364 ;;		line 197 in file "mcc_generated_files/eusart2.c"
 14365 ;; Parameters:    Size  Location     Type
 14366 ;;		None
 14367 ;; Auto vars:     Size  Location     Type
 14368 ;;		None
 14369 ;; Return value:  Size  Location     Type
 14370 ;;                  1    wreg      void 
 14371 ;; Registers used:
 14372 ;;		wreg, fsr1l, fsr1h, status,2, status,0
 14373 ;; Tracked objects:
 14374 ;;		On entry : 0/0
 14375 ;;		On exit  : 0/0
 14376 ;;		Unchanged: 0/0
 14377 ;; Data sizes:     COMMON   BANK0   BANK1   BANK2   BANK3   BANK4   BANK5   BANK6   BANK7   BANK8   BANK9  BANK10  BANK1
      +1  BANK12  BANK13  BANK14  BANK15  BANK16  BANK17  BANK18  BANK19  BANK20  BANK21  BANK22  BANK23  BANK24  BANK25
 14378 ;;      Params:         0       0       0       0       0       0       0       0       0       0       0       0       
      +0       0       0       0       0       0       0       0       0       0       0       0       0       0       0
 14379 ;;      Locals:         0       0       0       0       0       0       0       0       0       0       0       0       
      +0       0       0       0       0       0       0       0       0       0       0       0       0       0       0
 14380 ;;      Temps:          1       0       0       0       0       0       0       0       0       0       0       0       
      +0       0       0       0       0       0       0       0       0       0       0       0       0       0       0
 14381 ;;      Totals:         1       0       0       0       0       0       0       0       0       0       0       0       
      +0       0       0       0       0       0       0       0       0       0       0       0       0       0       0
 14382 ;;Total ram usage:        1 bytes
 14383 ;; Hardware stack levels used: 1
 14384 ;; This function calls:
 14385 ;;		Nothing
 14386 ;; This function is called by:
 14387 ;;		_EUSART2_Initialize
 14388 ;;		_INTERRUPT_InterruptManager
 14389 ;; This function uses a non-reentrant model
 14390 ;;
 14391                           
 14392     0329                     _EUSART2_Transmit_ISR:	
 14393                           ;psect for function _EUSART2_Transmit_ISR
 14394                           
 14395     0329                     i1l6192:	
 14396                           ;incstack = 0
 14397                           ; Regs used in _EUSART2_Transmit_ISR: [wreg+fsr1l+fsr1h+status,2+status,0]
 14398                           
 14399                           
 14400                           ;mcc_generated_files/eusart2.c: 201:     if(sizeof(eusart2TxBuffer) > eusart2TxBufferRem
      +                          aining)
 14401     0329  3008               	movlw	8
 14402     032A  0140               	movlb	0	; select bank0
 14403     032B  0256               	subwf	_eusart2TxBufferRemaining,w	;volatile
 14404     032C  1803               	skipnc
 14405     032D  2B2F               	goto	u255_21
 14406     032E  2B30               	goto	u255_20
 14407     032F                     u255_21:
 14408     032F  2B48               	goto	i1l1099
 14409     0330                     u255_20:
 14410     0330                     i1l6194:
 14411                           
 14412                           ;mcc_generated_files/eusart2.c: 202:     {;mcc_generated_files/eusart2.c: 203:         T
      +                          X2REG = eusart2TxBuffer[eusart2TxTail++];
 14413     0330  0857               	movf	_eusart2TxTail,w
 14414     0331  3EE4               	addlw	(low (_eusart2TxBuffer| 0))& (0+255)
 14415     0332  0086               	movwf	6
 14416     0333  0187               	clrf	7
 14417     0334  0801               	movf	1,w
 14418     0335  0154               	movlb	20	; select bank20
 14419     0336  009A               	movwf	26	;volatile
 14420     0337                     i1l6196:
 14421     0337  3001               	movlw	1
 14422     0338  00F7               	movwf	??_EUSART2_Transmit_ISR
 14423     0339  0877               	movf	??_EUSART2_Transmit_ISR,w
 14424     033A  0140               	movlb	0	; select bank0
 14425     033B  07D7               	addwf	_eusart2TxTail,f	;volatile
 14426     033C                     i1l6198:
 14427                           
 14428                           ;mcc_generated_files/eusart2.c: 204:         if(sizeof(eusart2TxBuffer) <= eusart2TxTail
      +                          )
 14429     033C  3008               	movlw	8
 14430     033D  0257               	subwf	_eusart2TxTail,w	;volatile
 14431     033E  1C03               	skipc
 14432     033F  2B41               	goto	u256_21
 14433     0340  2B42               	goto	u256_20
 14434     0341                     u256_21:
 14435     0341  2B43               	goto	i1l6202
 14436     0342                     u256_20:
 14437     0342                     i1l6200:
 14438                           
 14439                           ;mcc_generated_files/eusart2.c: 205:         {;mcc_generated_files/eusart2.c: 206:      
      +                                 eusart2TxTail = 0;
 14440     0342  01D7               	clrf	_eusart2TxTail	;volatile
 14441     0343                     i1l6202:
 14442                           
 14443                           ;mcc_generated_files/eusart2.c: 208:         eusart2TxBufferRemaining++;
 14444     0343  3001               	movlw	1
 14445     0344  00F7               	movwf	??_EUSART2_Transmit_ISR
 14446     0345  0877               	movf	??_EUSART2_Transmit_ISR,w
 14447     0346  07D6               	addwf	_eusart2TxBufferRemaining,f	;volatile
 14448                           
 14449                           ;mcc_generated_files/eusart2.c: 209:     }
 14450     0347  2B4A               	goto	i1l1102
 14451     0348                     i1l1099:	
 14452                           ;mcc_generated_files/eusart2.c: 210:     else
 14453                           
 14454                           
 14455                           ;mcc_generated_files/eusart2.c: 211:     {;mcc_generated_files/eusart2.c: 212:         P
      +                          IE3bits.TX2IE = 0;
 14456     0348  014E               	movlb	14	; select bank14
 14457     0349  1319               	bcf	25,6	;volatile
 14458     034A                     i1l1102:
 14459     034A  0008               	return
 14460     034B                     __end_of_EUSART2_Transmit_ISR:
 14461                           
 14462                           	psect	text46
 14463     025C                     __ptext46:	
 14464 ;; *************** function _EUSART1_Receive_ISR *****************
 14465 ;; Defined at:
 14466 ;;		line 225 in file "mcc_generated_files/eusart1.c"
 14467 ;; Parameters:    Size  Location     Type
 14468 ;;		None
 14469 ;; Auto vars:     Size  Location     Type
 14470 ;;		None
 14471 ;; Return value:  Size  Location     Type
 14472 ;;                  1    wreg      void 
 14473 ;; Registers used:
 14474 ;;		wreg, fsr1l, fsr1h, status,2, status,0, pclath, cstack
 14475 ;; Tracked objects:
 14476 ;;		On entry : 0/0
 14477 ;;		On exit  : 0/0
 14478 ;;		Unchanged: 0/0
 14479 ;; Data sizes:     COMMON   BANK0   BANK1   BANK2   BANK3   BANK4   BANK5   BANK6   BANK7   BANK8   BANK9  BANK10  BANK1
      +1  BANK12  BANK13  BANK14  BANK15  BANK16  BANK17  BANK18  BANK19  BANK20  BANK21  BANK22  BANK23  BANK24  BANK25
 14480 ;;      Params:         0       0       0       0       0       0       0       0       0       0       0       0       
      +0       0       0       0       0       0       0       0       0       0       0       0       0       0       0
 14481 ;;      Locals:         0       0       0       0       0       0       0       0       0       0       0       0       
      +0       0       0       0       0       0       0       0       0       0       0       0       0       0       0
 14482 ;;      Temps:          0       0       0       0       0       0       0       0       0       0       0       0       
      +0       0       0       0       0       0       0       0       0       0       0       0       0       0       0
 14483 ;;      Totals:         0       0       0       0       0       0       0       0       0       0       0       0       
      +0       0       0       0       0       0       0       0       0       0       0       0       0       0       0
 14484 ;;Total ram usage:        0 bytes
 14485 ;; Hardware stack levels used: 1
 14486 ;; Hardware stack levels required when called: 2
 14487 ;; This function calls:
 14488 ;;		NULL
 14489 ;;		_EUSART1_DefaultErrorHandler
 14490 ;;		_EUSART1_DefaultFramingErrorHandler
 14491 ;;		_EUSART1_DefaultOverrunErrorHandler
 14492 ;;		_EUSART1_RxDataHandler
 14493 ;; This function is called by:
 14494 ;;		_EUSART1_Initialize
 14495 ;;		_INTERRUPT_InterruptManager
 14496 ;; This function uses a non-reentrant model
 14497 ;;
 14498                           
 14499     025C                     _EUSART1_Receive_ISR:	
 14500                           ;psect for function _EUSART1_Receive_ISR
 14501                           
 14502     025C                     i1l6236:	
 14503                           ;incstack = 0
 14504                           ; Regs used in _EUSART1_Receive_ISR: [wreg+fsr1l+fsr1h+status,2+status,0+pclath+cstack]
 14505                           
 14506                           
 14507                           ;mcc_generated_files/eusart1.c: 228:     eusart1RxStatusBuffer[eusart1RxHead].status = 0
      +                          ;
 14508     025C  0873               	movf	_eusart1RxHead,w	;volatile
 14509     025D  3EC4               	addlw	(low (_eusart1RxStatusBuffer| 0))& (0+255)
 14510     025E  0086               	movwf	6
 14511     025F  0187               	clrf	7
 14512     0260  0181               	clrf	1
 14513     0261                     i1l6238:
 14514                           
 14515                           ;mcc_generated_files/eusart1.c: 230:     if(RC1STAbits.FERR){
 14516     0261  0142               	movlb	2	; select bank2
 14517     0262  1D1D               	btfss	29,2	;volatile
 14518     0263  2A65               	goto	u262_21
 14519     0264  2A66               	goto	u262_20
 14520     0265                     u262_21:
 14521     0265  2A70               	goto	i1l6244
 14522     0266                     u262_20:
 14523     0266                     i1l6240:
 14524                           
 14525                           ;mcc_generated_files/eusart1.c: 231:         eusart1RxStatusBuffer[eusart1RxHead].ferr =
      +                           1;
 14526     0266  0873               	movf	_eusart1RxHead,w	;volatile
 14527     0267  3EC4               	addlw	(low (_eusart1RxStatusBuffer| 0))& (0+255)
 14528     0268  0086               	movwf	6
 14529     0269  0187               	clrf	7
 14530     026A  1481               	bsf	1,1
 14531     026B                     i1l6242:
 14532                           
 14533                           ;mcc_generated_files/eusart1.c: 232:         EUSART1_FramingErrorHandler();
 14534     026B  0836               	movf	(_EUSART1_FramingErrorHandler+1)^(0+256),w
 14535     026C  008A               	movwf	10
 14536     026D  0835               	movf	_EUSART1_FramingErrorHandler^(0+256),w
 14537     026E  000A               	callw
 14538     026F  3182               	pagesel	$
 14539     0270                     i1l6244:
 14540                           
 14541                           ;mcc_generated_files/eusart1.c: 235:     if(RC1STAbits.OERR){
 14542     0270  0142               	movlb	2	; select bank2
 14543     0271  1C9D               	btfss	29,1	;volatile
 14544     0272  2A74               	goto	u263_21
 14545     0273  2A75               	goto	u263_20
 14546     0274                     u263_21:
 14547     0274  2A7F               	goto	i1l6250
 14548     0275                     u263_20:
 14549     0275                     i1l6246:
 14550                           
 14551                           ;mcc_generated_files/eusart1.c: 236:         eusart1RxStatusBuffer[eusart1RxHead].oerr =
      +                           1;
 14552     0275  0873               	movf	_eusart1RxHead,w	;volatile
 14553     0276  3EC4               	addlw	(low (_eusart1RxStatusBuffer| 0))& (0+255)
 14554     0277  0086               	movwf	6
 14555     0278  0187               	clrf	7
 14556     0279  1501               	bsf	1,2
 14557     027A                     i1l6248:
 14558                           
 14559                           ;mcc_generated_files/eusart1.c: 237:         EUSART1_OverrunErrorHandler();
 14560     027A  0834               	movf	(_EUSART1_OverrunErrorHandler+1)^(0+256),w
 14561     027B  008A               	movwf	10
 14562     027C  0833               	movf	_EUSART1_OverrunErrorHandler^(0+256),w
 14563     027D  000A               	callw
 14564     027E  3182               	pagesel	$
 14565     027F                     i1l6250:
 14566                           
 14567                           ;mcc_generated_files/eusart1.c: 240:     if(eusart1RxStatusBuffer[eusart1RxHead].status)
      +                          {
 14568     027F  0873               	movf	_eusart1RxHead,w	;volatile
 14569     0280  3EC4               	addlw	(low (_eusart1RxStatusBuffer| 0))& (0+255)
 14570     0281  0086               	movwf	6
 14571     0282  0187               	clrf	7
 14572     0283  0801               	movf	1,w
 14573     0284  1903               	btfsc	3,2
 14574     0285  2A87               	goto	u264_21
 14575     0286  2A88               	goto	u264_20
 14576     0287                     u264_21:
 14577     0287  2A8F               	goto	i1l6254
 14578     0288                     u264_20:
 14579     0288                     i1l6252:
 14580                           
 14581                           ;mcc_generated_files/eusart1.c: 241:         EUSART1_ErrorHandler();
 14582     0288  0142               	movlb	2	; select bank2
 14583     0289  0832               	movf	(_EUSART1_ErrorHandler+1)^(0+256),w
 14584     028A  008A               	movwf	10
 14585     028B  0831               	movf	_EUSART1_ErrorHandler^(0+256),w
 14586     028C  000A               	callw
 14587     028D  3182               	pagesel	$
 14588                           
 14589                           ;mcc_generated_files/eusart1.c: 242:     } else {
 14590     028E  2A92               	goto	i1l1259
 14591     028F                     i1l6254:
 14592                           
 14593                           ;mcc_generated_files/eusart1.c: 243:         EUSART1_RxDataHandler();
 14594     028F  3183  23F4  3182   	fcall	_EUSART1_RxDataHandler
 14595     0292                     i1l1259:
 14596     0292  0008               	return
 14597     0293                     __end_of_EUSART1_Receive_ISR:
 14598                           
 14599                           	psect	text47
 14600     0223                     __ptext47:	
 14601 ;; *************** function _EUSART2_Receive_ISR *****************
 14602 ;; Defined at:
 14603 ;;		line 216 in file "mcc_generated_files/eusart2.c"
 14604 ;; Parameters:    Size  Location     Type
 14605 ;;		None
 14606 ;; Auto vars:     Size  Location     Type
 14607 ;;		None
 14608 ;; Return value:  Size  Location     Type
 14609 ;;                  1    wreg      void 
 14610 ;; Registers used:
 14611 ;;		wreg, fsr1l, fsr1h, status,2, status,0, pclath, cstack
 14612 ;; Tracked objects:
 14613 ;;		On entry : 0/0
 14614 ;;		On exit  : 0/0
 14615 ;;		Unchanged: 0/0
 14616 ;; Data sizes:     COMMON   BANK0   BANK1   BANK2   BANK3   BANK4   BANK5   BANK6   BANK7   BANK8   BANK9  BANK10  BANK1
      +1  BANK12  BANK13  BANK14  BANK15  BANK16  BANK17  BANK18  BANK19  BANK20  BANK21  BANK22  BANK23  BANK24  BANK25
 14617 ;;      Params:         0       0       0       0       0       0       0       0       0       0       0       0       
      +0       0       0       0       0       0       0       0       0       0       0       0       0       0       0
 14618 ;;      Locals:         0       0       0       0       0       0       0       0       0       0       0       0       
      +0       0       0       0       0       0       0       0       0       0       0       0       0       0       0
 14619 ;;      Temps:          0       0       0       0       0       0       0       0       0       0       0       0       
      +0       0       0       0       0       0       0       0       0       0       0       0       0       0       0
 14620 ;;      Totals:         0       0       0       0       0       0       0       0       0       0       0       0       
      +0       0       0       0       0       0       0       0       0       0       0       0       0       0       0
 14621 ;;Total ram usage:        0 bytes
 14622 ;; Hardware stack levels used: 1
 14623 ;; Hardware stack levels required when called: 2
 14624 ;; This function calls:
 14625 ;;		NULL
 14626 ;;		_EUSART2_DefaultErrorHandler
 14627 ;;		_EUSART2_DefaultFramingErrorHandler
 14628 ;;		_EUSART2_DefaultOverrunErrorHandler
 14629 ;;		_EUSART2_RxDataHandler
 14630 ;; This function is called by:
 14631 ;;		_EUSART2_Initialize
 14632 ;;		_INTERRUPT_InterruptManager
 14633 ;; This function uses a non-reentrant model
 14634 ;;
 14635                           
 14636     0223                     _EUSART2_Receive_ISR:	
 14637                           ;psect for function _EUSART2_Receive_ISR
 14638                           
 14639     0223                     i1l6204:	
 14640                           ;incstack = 0
 14641                           ; Regs used in _EUSART2_Receive_ISR: [wreg+fsr1l+fsr1h+status,2+status,0+pclath+cstack]
 14642                           
 14643                           
 14644                           ;mcc_generated_files/eusart2.c: 219:     eusart2RxStatusBuffer[eusart2RxHead].status = 0
      +                          ;
 14645     0223  0875               	movf	_eusart2RxHead,w	;volatile
 14646     0224  3E3D               	addlw	(low (_eusart2RxStatusBuffer| 0))& (0+255)
 14647     0225  0086               	movwf	6
 14648     0226  0187               	clrf	7
 14649     0227  0181               	clrf	1
 14650     0228                     i1l6206:
 14651                           
 14652                           ;mcc_generated_files/eusart2.c: 221:     if(RC2STAbits.FERR){
 14653     0228  0154               	movlb	20	; select bank20
 14654     0229  1D1D               	btfss	29,2	;volatile
 14655     022A  2A2C               	goto	u257_21
 14656     022B  2A2D               	goto	u257_20
 14657     022C                     u257_21:
 14658     022C  2A38               	goto	i1l6212
 14659     022D                     u257_20:
 14660     022D                     i1l6208:
 14661                           
 14662                           ;mcc_generated_files/eusart2.c: 222:         eusart2RxStatusBuffer[eusart2RxHead].ferr =
      +                           1;
 14663     022D  0875               	movf	_eusart2RxHead,w	;volatile
 14664     022E  3E3D               	addlw	(low (_eusart2RxStatusBuffer| 0))& (0+255)
 14665     022F  0086               	movwf	6
 14666     0230  0187               	clrf	7
 14667     0231  1481               	bsf	1,1
 14668     0232                     i1l6210:
 14669                           
 14670                           ;mcc_generated_files/eusart2.c: 223:         EUSART2_FramingErrorHandler();
 14671     0232  0141               	movlb	1	; select bank1
 14672     0233  086D               	movf	(_EUSART2_FramingErrorHandler+1)^(0+128),w
 14673     0234  008A               	movwf	10
 14674     0235  086C               	movf	_EUSART2_FramingErrorHandler^(0+128),w
 14675     0236  000A               	callw
 14676     0237  3182               	pagesel	$
 14677     0238                     i1l6212:
 14678                           
 14679                           ;mcc_generated_files/eusart2.c: 226:     if(RC2STAbits.OERR){
 14680     0238  0154               	movlb	20	; select bank20
 14681     0239  1C9D               	btfss	29,1	;volatile
 14682     023A  2A3C               	goto	u258_21
 14683     023B  2A3D               	goto	u258_20
 14684     023C                     u258_21:
 14685     023C  2A48               	goto	i1l6218
 14686     023D                     u258_20:
 14687     023D                     i1l6214:
 14688                           
 14689                           ;mcc_generated_files/eusart2.c: 227:         eusart2RxStatusBuffer[eusart2RxHead].oerr =
      +                           1;
 14690     023D  0875               	movf	_eusart2RxHead,w	;volatile
 14691     023E  3E3D               	addlw	(low (_eusart2RxStatusBuffer| 0))& (0+255)
 14692     023F  0086               	movwf	6
 14693     0240  0187               	clrf	7
 14694     0241  1501               	bsf	1,2
 14695     0242                     i1l6216:
 14696                           
 14697                           ;mcc_generated_files/eusart2.c: 228:         EUSART2_OverrunErrorHandler();
 14698     0242  0142               	movlb	2	; select bank2
 14699     0243  083E               	movf	(_EUSART2_OverrunErrorHandler+1)^(0+256),w
 14700     0244  008A               	movwf	10
 14701     0245  083D               	movf	_EUSART2_OverrunErrorHandler^(0+256),w
 14702     0246  000A               	callw
 14703     0247  3182               	pagesel	$
 14704     0248                     i1l6218:
 14705                           
 14706                           ;mcc_generated_files/eusart2.c: 231:     if(eusart2RxStatusBuffer[eusart2RxHead].status)
      +                          {
 14707     0248  0875               	movf	_eusart2RxHead,w	;volatile
 14708     0249  3E3D               	addlw	(low (_eusart2RxStatusBuffer| 0))& (0+255)
 14709     024A  0086               	movwf	6
 14710     024B  0187               	clrf	7
 14711     024C  0801               	movf	1,w
 14712     024D  1903               	btfsc	3,2
 14713     024E  2A50               	goto	u259_21
 14714     024F  2A51               	goto	u259_20
 14715     0250                     u259_21:
 14716     0250  2A58               	goto	i1l6222
 14717     0251                     u259_20:
 14718     0251                     i1l6220:
 14719                           
 14720                           ;mcc_generated_files/eusart2.c: 232:         EUSART2_ErrorHandler();
 14721     0251  0142               	movlb	2	; select bank2
 14722     0252  083C               	movf	(_EUSART2_ErrorHandler+1)^(0+256),w
 14723     0253  008A               	movwf	10
 14724     0254  083B               	movf	_EUSART2_ErrorHandler^(0+256),w
 14725     0255  000A               	callw
 14726     0256  3182               	pagesel	$
 14727                           
 14728                           ;mcc_generated_files/eusart2.c: 233:     } else {
 14729     0257  2A5B               	goto	i1l1109
 14730     0258                     i1l6222:
 14731                           
 14732                           ;mcc_generated_files/eusart2.c: 234:         EUSART2_RxDataHandler();
 14733     0258  3183  23DC  3182   	fcall	_EUSART2_RxDataHandler
 14734     025B                     i1l1109:
 14735     025B  0008               	return
 14736     025C                     __end_of_EUSART2_Receive_ISR:
 14737                           
 14738                           	psect	text48
 14739     05B8                     __ptext48:	
 14740 ;; *************** function _EUSART2_DefaultOverrunErrorHandler *****************
 14741 ;; Defined at:
 14742 ;;		line 252 in file "mcc_generated_files/eusart2.c"
 14743 ;; Parameters:    Size  Location     Type
 14744 ;;		None
 14745 ;; Auto vars:     Size  Location     Type
 14746 ;;		None
 14747 ;; Return value:  Size  Location     Type
 14748 ;;                  1    wreg      void 
 14749 ;; Registers used:
 14750 ;;		None
 14751 ;; Tracked objects:
 14752 ;;		On entry : 0/0
 14753 ;;		On exit  : 0/0
 14754 ;;		Unchanged: 0/0
 14755 ;; Data sizes:     COMMON   BANK0   BANK1   BANK2   BANK3   BANK4   BANK5   BANK6   BANK7   BANK8   BANK9  BANK10  BANK1
      +1  BANK12  BANK13  BANK14  BANK15  BANK16  BANK17  BANK18  BANK19  BANK20  BANK21  BANK22  BANK23  BANK24  BANK25
 14756 ;;      Params:         0       0       0       0       0       0       0       0       0       0       0       0       
      +0       0       0       0       0       0       0       0       0       0       0       0       0       0       0
 14757 ;;      Locals:         0       0       0       0       0       0       0       0       0       0       0       0       
      +0       0       0       0       0       0       0       0       0       0       0       0       0       0       0
 14758 ;;      Temps:          0       0       0       0       0       0       0       0       0       0       0       0       
      +0       0       0       0       0       0       0       0       0       0       0       0       0       0       0
 14759 ;;      Totals:         0       0       0       0       0       0       0       0       0       0       0       0       
      +0       0       0       0       0       0       0       0       0       0       0       0       0       0       0
 14760 ;;Total ram usage:        0 bytes
 14761 ;; Hardware stack levels used: 1
 14762 ;; This function calls:
 14763 ;;		Nothing
 14764 ;; This function is called by:
 14765 ;;		_EUSART2_Initialize
 14766 ;;		_EUSART2_Receive_ISR
 14767 ;; This function uses a non-reentrant model
 14768 ;;
 14769                           
 14770     05B8                     _EUSART2_DefaultOverrunErrorHandler:	
 14771                           ;psect for function _EUSART2_DefaultOverrunErrorHandler
 14772                           
 14773     05B8                     i1l5586:	
 14774                           ;incstack = 0
 14775                           ; Regs used in _EUSART2_DefaultOverrunErrorHandler: []
 14776                           
 14777                           
 14778                           ;mcc_generated_files/eusart2.c: 255:     RC2STAbits.CREN = 0;
 14779     05B8  0154               	movlb	20	; select bank20
 14780     05B9  121D               	bcf	29,4	;volatile
 14781                           
 14782                           ;mcc_generated_files/eusart2.c: 256:     RC2STAbits.CREN = 1;
 14783     05BA  161D               	bsf	29,4	;volatile
 14784     05BB                     i1l1119:
 14785     05BB  0008               	return
 14786     05BC                     __end_of_EUSART2_DefaultOverrunErrorHandler:
 14787                           
 14788                           	psect	text49
 14789     05D2                     __ptext49:	
 14790 ;; *************** function _EUSART2_DefaultFramingErrorHandler *****************
 14791 ;; Defined at:
 14792 ;;		line 250 in file "mcc_generated_files/eusart2.c"
 14793 ;; Parameters:    Size  Location     Type
 14794 ;;		None
 14795 ;; Auto vars:     Size  Location     Type
 14796 ;;		None
 14797 ;; Return value:  Size  Location     Type
 14798 ;;                  1    wreg      void 
 14799 ;; Registers used:
 14800 ;;		None
 14801 ;; Tracked objects:
 14802 ;;		On entry : 0/0
 14803 ;;		On exit  : 0/0
 14804 ;;		Unchanged: 0/0
 14805 ;; Data sizes:     COMMON   BANK0   BANK1   BANK2   BANK3   BANK4   BANK5   BANK6   BANK7   BANK8   BANK9  BANK10  BANK1
      +1  BANK12  BANK13  BANK14  BANK15  BANK16  BANK17  BANK18  BANK19  BANK20  BANK21  BANK22  BANK23  BANK24  BANK25
 14806 ;;      Params:         0       0       0       0       0       0       0       0       0       0       0       0       
      +0       0       0       0       0       0       0       0       0       0       0       0       0       0       0
 14807 ;;      Locals:         0       0       0       0       0       0       0       0       0       0       0       0       
      +0       0       0       0       0       0       0       0       0       0       0       0       0       0       0
 14808 ;;      Temps:          0       0       0       0       0       0       0       0       0       0       0       0       
      +0       0       0       0       0       0       0       0       0       0       0       0       0       0       0
 14809 ;;      Totals:         0       0       0       0       0       0       0       0       0       0       0       0       
      +0       0       0       0       0       0       0       0       0       0       0       0       0       0       0
 14810 ;;Total ram usage:        0 bytes
 14811 ;; Hardware stack levels used: 1
 14812 ;; This function calls:
 14813 ;;		Nothing
 14814 ;; This function is called by:
 14815 ;;		_EUSART2_Initialize
 14816 ;;		_EUSART2_Receive_ISR
 14817 ;; This function uses a non-reentrant model
 14818 ;;
 14819                           
 14820     05D2                     _EUSART2_DefaultFramingErrorHandler:	
 14821                           ;psect for function _EUSART2_DefaultFramingErrorHandler
 14822                           
 14823     05D2                     i1l1116:	
 14824                           ;incstack = 0
 14825                           ; Regs used in _EUSART2_DefaultFramingErrorHandler: []
 14826                           
 14827     05D2  0008               	return
 14828     05D3                     __end_of_EUSART2_DefaultFramingErrorHandler:
 14829                           
 14830                           	psect	text50
 14831     05BC                     __ptext50:	
 14832 ;; *************** function _EUSART2_DefaultErrorHandler *****************
 14833 ;; Defined at:
 14834 ;;		line 260 in file "mcc_generated_files/eusart2.c"
 14835 ;; Parameters:    Size  Location     Type
 14836 ;;		None
 14837 ;; Auto vars:     Size  Location     Type
 14838 ;;		None
 14839 ;; Return value:  Size  Location     Type
 14840 ;;                  1    wreg      void 
 14841 ;; Registers used:
 14842 ;;		wreg, fsr1l, fsr1h, status,2, status,0, pclath, cstack
 14843 ;; Tracked objects:
 14844 ;;		On entry : 0/0
 14845 ;;		On exit  : 0/0
 14846 ;;		Unchanged: 0/0
 14847 ;; Data sizes:     COMMON   BANK0   BANK1   BANK2   BANK3   BANK4   BANK5   BANK6   BANK7   BANK8   BANK9  BANK10  BANK1
      +1  BANK12  BANK13  BANK14  BANK15  BANK16  BANK17  BANK18  BANK19  BANK20  BANK21  BANK22  BANK23  BANK24  BANK25
 14848 ;;      Params:         0       0       0       0       0       0       0       0       0       0       0       0       
      +0       0       0       0       0       0       0       0       0       0       0       0       0       0       0
 14849 ;;      Locals:         0       0       0       0       0       0       0       0       0       0       0       0       
      +0       0       0       0       0       0       0       0       0       0       0       0       0       0       0
 14850 ;;      Temps:          0       0       0       0       0       0       0       0       0       0       0       0       
      +0       0       0       0       0       0       0       0       0       0       0       0       0       0       0
 14851 ;;      Totals:         0       0       0       0       0       0       0       0       0       0       0       0       
      +0       0       0       0       0       0       0       0       0       0       0       0       0       0       0
 14852 ;;Total ram usage:        0 bytes
 14853 ;; Hardware stack levels used: 1
 14854 ;; Hardware stack levels required when called: 1
 14855 ;; This function calls:
 14856 ;;		_EUSART2_RxDataHandler
 14857 ;; This function is called by:
 14858 ;;		_EUSART2_Initialize
 14859 ;;		_EUSART2_Receive_ISR
 14860 ;; This function uses a non-reentrant model
 14861 ;;
 14862                           
 14863     05BC                     _EUSART2_DefaultErrorHandler:	
 14864                           ;psect for function _EUSART2_DefaultErrorHandler
 14865                           
 14866     05BC                     i1l5588:	
 14867                           ;incstack = 0
 14868                           ; Regs used in _EUSART2_DefaultErrorHandler: [wreg+fsr1l+fsr1h+status,2+status,0+pclath+
      +                          cstack]
 14869                           
 14870                           
 14871                           ;mcc_generated_files/eusart2.c: 261:     EUSART2_RxDataHandler();
 14872     05BC  3183  23DC  3185   	fcall	_EUSART2_RxDataHandler
 14873     05BF                     i1l1122:
 14874     05BF  0008               	return
 14875     05C0                     __end_of_EUSART2_DefaultErrorHandler:
 14876                           
 14877                           	psect	text51
 14878     03DC                     __ptext51:	
 14879 ;; *************** function _EUSART2_RxDataHandler *****************
 14880 ;; Defined at:
 14881 ;;		line 240 in file "mcc_generated_files/eusart2.c"
 14882 ;; Parameters:    Size  Location     Type
 14883 ;;		None
 14884 ;; Auto vars:     Size  Location     Type
 14885 ;;		None
 14886 ;; Return value:  Size  Location     Type
 14887 ;;                  1    wreg      void 
 14888 ;; Registers used:
 14889 ;;		wreg, fsr1l, fsr1h, status,2, status,0
 14890 ;; Tracked objects:
 14891 ;;		On entry : 0/0
 14892 ;;		On exit  : 0/0
 14893 ;;		Unchanged: 0/0
 14894 ;; Data sizes:     COMMON   BANK0   BANK1   BANK2   BANK3   BANK4   BANK5   BANK6   BANK7   BANK8   BANK9  BANK10  BANK1
      +1  BANK12  BANK13  BANK14  BANK15  BANK16  BANK17  BANK18  BANK19  BANK20  BANK21  BANK22  BANK23  BANK24  BANK25
 14895 ;;      Params:         0       0       0       0       0       0       0       0       0       0       0       0       
      +0       0       0       0       0       0       0       0       0       0       0       0       0       0       0
 14896 ;;      Locals:         0       0       0       0       0       0       0       0       0       0       0       0       
      +0       0       0       0       0       0       0       0       0       0       0       0       0       0       0
 14897 ;;      Temps:          1       0       0       0       0       0       0       0       0       0       0       0       
      +0       0       0       0       0       0       0       0       0       0       0       0       0       0       0
 14898 ;;      Totals:         1       0       0       0       0       0       0       0       0       0       0       0       
      +0       0       0       0       0       0       0       0       0       0       0       0       0       0       0
 14899 ;;Total ram usage:        1 bytes
 14900 ;; Hardware stack levels used: 1
 14901 ;; This function calls:
 14902 ;;		Nothing
 14903 ;; This function is called by:
 14904 ;;		_EUSART2_Receive_ISR
 14905 ;;		_EUSART2_DefaultErrorHandler
 14906 ;; This function uses a non-reentrant model
 14907 ;;
 14908                           
 14909     03DC                     _EUSART2_RxDataHandler:	
 14910                           ;psect for function _EUSART2_RxDataHandler
 14911                           
 14912     03DC                     i1l5318:	
 14913                           ;incstack = 0
 14914                           ; Regs used in _EUSART2_RxDataHandler: [wreg+fsr1l+fsr1h+status,2+status,0]
 14915                           
 14916                           
 14917                           ;mcc_generated_files/eusart2.c: 242:     eusart2RxBuffer[eusart2RxHead++] = RC2REG;
 14918     03DC  0875               	movf	_eusart2RxHead,w
 14919     03DD  3EDC               	addlw	(low (_eusart2RxBuffer| 0))& (0+255)
 14920     03DE  0086               	movwf	6
 14921     03DF  0187               	clrf	7
 14922     03E0  0154               	movlb	20	; select bank20
 14923     03E1  0819               	movf	25,w	;volatile
 14924     03E2  0081               	movwf	1
 14925     03E3                     i1l5320:
 14926     03E3  3001               	movlw	1
 14927     03E4  00F7               	movwf	??_EUSART2_RxDataHandler
 14928     03E5  0877               	movf	??_EUSART2_RxDataHandler,w
 14929     03E6  07F5               	addwf	_eusart2RxHead,f	;volatile
 14930     03E7                     i1l5322:
 14931                           
 14932                           ;mcc_generated_files/eusart2.c: 243:     if(sizeof(eusart2RxBuffer) <= eusart2RxHead)
 14933     03E7  3008               	movlw	8
 14934     03E8  0275               	subwf	_eusart2RxHead,w	;volatile
 14935     03E9  1C03               	skipc
 14936     03EA  2BEC               	goto	u204_21
 14937     03EB  2BED               	goto	u204_20
 14938     03EC                     u204_21:
 14939     03EC  2BEE               	goto	i1l5326
 14940     03ED                     u204_20:
 14941     03ED                     i1l5324:
 14942                           
 14943                           ;mcc_generated_files/eusart2.c: 244:     {;mcc_generated_files/eusart2.c: 245:         e
      +                          usart2RxHead = 0;
 14944     03ED  01F5               	clrf	_eusart2RxHead	;volatile
 14945     03EE                     i1l5326:
 14946                           
 14947                           ;mcc_generated_files/eusart2.c: 247:     eusart2RxCount++;
 14948     03EE  3001               	movlw	1
 14949     03EF  00F7               	movwf	??_EUSART2_RxDataHandler
 14950     03F0  0877               	movf	??_EUSART2_RxDataHandler,w
 14951     03F1  0140               	movlb	0	; select bank0
 14952     03F2  07D5               	addwf	_eusart2RxCount,f	;volatile
 14953     03F3                     i1l1113:
 14954     03F3  0008               	return
 14955     03F4                     __end_of_EUSART2_RxDataHandler:
 14956                           
 14957                           	psect	text52
 14958     05C0                     __ptext52:	
 14959 ;; *************** function _EUSART1_DefaultOverrunErrorHandler *****************
 14960 ;; Defined at:
 14961 ;;		line 261 in file "mcc_generated_files/eusart1.c"
 14962 ;; Parameters:    Size  Location     Type
 14963 ;;		None
 14964 ;; Auto vars:     Size  Location     Type
 14965 ;;		None
 14966 ;; Return value:  Size  Location     Type
 14967 ;;                  1    wreg      void 
 14968 ;; Registers used:
 14969 ;;		None
 14970 ;; Tracked objects:
 14971 ;;		On entry : 0/0
 14972 ;;		On exit  : 0/0
 14973 ;;		Unchanged: 0/0
 14974 ;; Data sizes:     COMMON   BANK0   BANK1   BANK2   BANK3   BANK4   BANK5   BANK6   BANK7   BANK8   BANK9  BANK10  BANK1
      +1  BANK12  BANK13  BANK14  BANK15  BANK16  BANK17  BANK18  BANK19  BANK20  BANK21  BANK22  BANK23  BANK24  BANK25
 14975 ;;      Params:         0       0       0       0       0       0       0       0       0       0       0       0       
      +0       0       0       0       0       0       0       0       0       0       0       0       0       0       0
 14976 ;;      Locals:         0       0       0       0       0       0       0       0       0       0       0       0       
      +0       0       0       0       0       0       0       0       0       0       0       0       0       0       0
 14977 ;;      Temps:          0       0       0       0       0       0       0       0       0       0       0       0       
      +0       0       0       0       0       0       0       0       0       0       0       0       0       0       0
 14978 ;;      Totals:         0       0       0       0       0       0       0       0       0       0       0       0       
      +0       0       0       0       0       0       0       0       0       0       0       0       0       0       0
 14979 ;;Total ram usage:        0 bytes
 14980 ;; Hardware stack levels used: 1
 14981 ;; This function calls:
 14982 ;;		Nothing
 14983 ;; This function is called by:
 14984 ;;		_EUSART1_Initialize
 14985 ;;		_EUSART1_Receive_ISR
 14986 ;; This function uses a non-reentrant model
 14987 ;;
 14988                           
 14989     05C0                     _EUSART1_DefaultOverrunErrorHandler:	
 14990                           ;psect for function _EUSART1_DefaultOverrunErrorHandler
 14991                           
 14992     05C0                     i1l5622:	
 14993                           ;incstack = 0
 14994                           ; Regs used in _EUSART1_DefaultOverrunErrorHandler: []
 14995                           
 14996                           
 14997                           ;mcc_generated_files/eusart1.c: 264:     RC1STAbits.CREN = 0;
 14998     05C0  0142               	movlb	2	; select bank2
 14999     05C1  121D               	bcf	29,4	;volatile
 15000                           
 15001                           ;mcc_generated_files/eusart1.c: 265:     RC1STAbits.CREN = 1;
 15002     05C2  161D               	bsf	29,4	;volatile
 15003     05C3                     i1l1269:
 15004     05C3  0008               	return
 15005     05C4                     __end_of_EUSART1_DefaultOverrunErrorHandler:
 15006                           
 15007                           	psect	text53
 15008     05D3                     __ptext53:	
 15009 ;; *************** function _EUSART1_DefaultFramingErrorHandler *****************
 15010 ;; Defined at:
 15011 ;;		line 259 in file "mcc_generated_files/eusart1.c"
 15012 ;; Parameters:    Size  Location     Type
 15013 ;;		None
 15014 ;; Auto vars:     Size  Location     Type
 15015 ;;		None
 15016 ;; Return value:  Size  Location     Type
 15017 ;;                  1    wreg      void 
 15018 ;; Registers used:
 15019 ;;		None
 15020 ;; Tracked objects:
 15021 ;;		On entry : 0/0
 15022 ;;		On exit  : 0/0
 15023 ;;		Unchanged: 0/0
 15024 ;; Data sizes:     COMMON   BANK0   BANK1   BANK2   BANK3   BANK4   BANK5   BANK6   BANK7   BANK8   BANK9  BANK10  BANK1
      +1  BANK12  BANK13  BANK14  BANK15  BANK16  BANK17  BANK18  BANK19  BANK20  BANK21  BANK22  BANK23  BANK24  BANK25
 15025 ;;      Params:         0       0       0       0       0       0       0       0       0       0       0       0       
      +0       0       0       0       0       0       0       0       0       0       0       0       0       0       0
 15026 ;;      Locals:         0       0       0       0       0       0       0       0       0       0       0       0       
      +0       0       0       0       0       0       0       0       0       0       0       0       0       0       0
 15027 ;;      Temps:          0       0       0       0       0       0       0       0       0       0       0       0       
      +0       0       0       0       0       0       0       0       0       0       0       0       0       0       0
 15028 ;;      Totals:         0       0       0       0       0       0       0       0       0       0       0       0       
      +0       0       0       0       0       0       0       0       0       0       0       0       0       0       0
 15029 ;;Total ram usage:        0 bytes
 15030 ;; Hardware stack levels used: 1
 15031 ;; This function calls:
 15032 ;;		Nothing
 15033 ;; This function is called by:
 15034 ;;		_EUSART1_Initialize
 15035 ;;		_EUSART1_Receive_ISR
 15036 ;; This function uses a non-reentrant model
 15037 ;;
 15038                           
 15039     05D3                     _EUSART1_DefaultFramingErrorHandler:	
 15040                           ;psect for function _EUSART1_DefaultFramingErrorHandler
 15041                           
 15042     05D3                     i1l1266:	
 15043                           ;incstack = 0
 15044                           ; Regs used in _EUSART1_DefaultFramingErrorHandler: []
 15045                           
 15046     05D3  0008               	return
 15047     05D4                     __end_of_EUSART1_DefaultFramingErrorHandler:
 15048                           
 15049                           	psect	text54
 15050     05C4                     __ptext54:	
 15051 ;; *************** function _EUSART1_DefaultErrorHandler *****************
 15052 ;; Defined at:
 15053 ;;		line 269 in file "mcc_generated_files/eusart1.c"
 15054 ;; Parameters:    Size  Location     Type
 15055 ;;		None
 15056 ;; Auto vars:     Size  Location     Type
 15057 ;;		None
 15058 ;; Return value:  Size  Location     Type
 15059 ;;                  1    wreg      void 
 15060 ;; Registers used:
 15061 ;;		wreg, fsr1l, fsr1h, status,2, status,0, pclath, cstack
 15062 ;; Tracked objects:
 15063 ;;		On entry : 0/0
 15064 ;;		On exit  : 0/0
 15065 ;;		Unchanged: 0/0
 15066 ;; Data sizes:     COMMON   BANK0   BANK1   BANK2   BANK3   BANK4   BANK5   BANK6   BANK7   BANK8   BANK9  BANK10  BANK1
      +1  BANK12  BANK13  BANK14  BANK15  BANK16  BANK17  BANK18  BANK19  BANK20  BANK21  BANK22  BANK23  BANK24  BANK25
 15067 ;;      Params:         0       0       0       0       0       0       0       0       0       0       0       0       
      +0       0       0       0       0       0       0       0       0       0       0       0       0       0       0
 15068 ;;      Locals:         0       0       0       0       0       0       0       0       0       0       0       0       
      +0       0       0       0       0       0       0       0       0       0       0       0       0       0       0
 15069 ;;      Temps:          0       0       0       0       0       0       0       0       0       0       0       0       
      +0       0       0       0       0       0       0       0       0       0       0       0       0       0       0
 15070 ;;      Totals:         0       0       0       0       0       0       0       0       0       0       0       0       
      +0       0       0       0       0       0       0       0       0       0       0       0       0       0       0
 15071 ;;Total ram usage:        0 bytes
 15072 ;; Hardware stack levels used: 1
 15073 ;; Hardware stack levels required when called: 1
 15074 ;; This function calls:
 15075 ;;		_EUSART1_RxDataHandler
 15076 ;; This function is called by:
 15077 ;;		_EUSART1_Initialize
 15078 ;;		_EUSART1_Receive_ISR
 15079 ;; This function uses a non-reentrant model
 15080 ;;
 15081                           
 15082     05C4                     _EUSART1_DefaultErrorHandler:	
 15083                           ;psect for function _EUSART1_DefaultErrorHandler
 15084                           
 15085     05C4                     i1l5624:	
 15086                           ;incstack = 0
 15087                           ; Regs used in _EUSART1_DefaultErrorHandler: [wreg+fsr1l+fsr1h+status,2+status,0+pclath+
      +                          cstack]
 15088                           
 15089                           
 15090                           ;mcc_generated_files/eusart1.c: 270:     EUSART1_RxDataHandler();
 15091     05C4  3183  23F4  3185   	fcall	_EUSART1_RxDataHandler
 15092     05C7                     i1l1272:
 15093     05C7  0008               	return
 15094     05C8                     __end_of_EUSART1_DefaultErrorHandler:
 15095                           
 15096                           	psect	text55
 15097     03F4                     __ptext55:	
 15098 ;; *************** function _EUSART1_RxDataHandler *****************
 15099 ;; Defined at:
 15100 ;;		line 249 in file "mcc_generated_files/eusart1.c"
 15101 ;; Parameters:    Size  Location     Type
 15102 ;;		None
 15103 ;; Auto vars:     Size  Location     Type
 15104 ;;		None
 15105 ;; Return value:  Size  Location     Type
 15106 ;;                  1    wreg      void 
 15107 ;; Registers used:
 15108 ;;		wreg, fsr1l, fsr1h, status,2, status,0
 15109 ;; Tracked objects:
 15110 ;;		On entry : 0/0
 15111 ;;		On exit  : 0/0
 15112 ;;		Unchanged: 0/0
 15113 ;; Data sizes:     COMMON   BANK0   BANK1   BANK2   BANK3   BANK4   BANK5   BANK6   BANK7   BANK8   BANK9  BANK10  BANK1
      +1  BANK12  BANK13  BANK14  BANK15  BANK16  BANK17  BANK18  BANK19  BANK20  BANK21  BANK22  BANK23  BANK24  BANK25
 15114 ;;      Params:         0       0       0       0       0       0       0       0       0       0       0       0       
      +0       0       0       0       0       0       0       0       0       0       0       0       0       0       0
 15115 ;;      Locals:         0       0       0       0       0       0       0       0       0       0       0       0       
      +0       0       0       0       0       0       0       0       0       0       0       0       0       0       0
 15116 ;;      Temps:          1       0       0       0       0       0       0       0       0       0       0       0       
      +0       0       0       0       0       0       0       0       0       0       0       0       0       0       0
 15117 ;;      Totals:         1       0       0       0       0       0       0       0       0       0       0       0       
      +0       0       0       0       0       0       0       0       0       0       0       0       0       0       0
 15118 ;;Total ram usage:        1 bytes
 15119 ;; Hardware stack levels used: 1
 15120 ;; This function calls:
 15121 ;;		Nothing
 15122 ;; This function is called by:
 15123 ;;		_EUSART1_Receive_ISR
 15124 ;;		_EUSART1_DefaultErrorHandler
 15125 ;; This function uses a non-reentrant model
 15126 ;;
 15127                           
 15128     03F4                     _EUSART1_RxDataHandler:	
 15129                           ;psect for function _EUSART1_RxDataHandler
 15130                           
 15131     03F4                     i1l5364:	
 15132                           ;incstack = 0
 15133                           ; Regs used in _EUSART1_RxDataHandler: [wreg+fsr1l+fsr1h+status,2+status,0]
 15134                           
 15135                           
 15136                           ;mcc_generated_files/eusart1.c: 251:     eusart1RxBuffer[eusart1RxHead++] = RC1REG;
 15137     03F4  0873               	movf	_eusart1RxHead,w
 15138     03F5  3ECC               	addlw	(low (_eusart1RxBuffer| 0))& (0+255)
 15139     03F6  0086               	movwf	6
 15140     03F7  0187               	clrf	7
 15141     03F8  0142               	movlb	2	; select bank2
 15142     03F9  0819               	movf	25,w	;volatile
 15143     03FA  0081               	movwf	1
 15144     03FB                     i1l5366:
 15145     03FB  3001               	movlw	1
 15146     03FC  00F7               	movwf	??_EUSART1_RxDataHandler
 15147     03FD  0877               	movf	??_EUSART1_RxDataHandler,w
 15148     03FE  07F3               	addwf	_eusart1RxHead,f	;volatile
 15149     03FF                     i1l5368:
 15150                           
 15151                           ;mcc_generated_files/eusart1.c: 252:     if(sizeof(eusart1RxBuffer) <= eusart1RxHead)
 15152     03FF  3008               	movlw	8
 15153     0400  0273               	subwf	_eusart1RxHead,w	;volatile
 15154     0401  1C03               	skipc
 15155     0402  2C04               	goto	u209_21
 15156     0403  2C05               	goto	u209_20
 15157     0404                     u209_21:
 15158     0404  2C06               	goto	i1l5372
 15159     0405                     u209_20:
 15160     0405                     i1l5370:
 15161                           
 15162                           ;mcc_generated_files/eusart1.c: 253:     {;mcc_generated_files/eusart1.c: 254:         e
      +                          usart1RxHead = 0;
 15163     0405  01F3               	clrf	_eusart1RxHead	;volatile
 15164     0406                     i1l5372:
 15165                           
 15166                           ;mcc_generated_files/eusart1.c: 256:     eusart1RxCount++;
 15167     0406  3001               	movlw	1
 15168     0407  00F7               	movwf	??_EUSART1_RxDataHandler
 15169     0408  0877               	movf	??_EUSART1_RxDataHandler,w
 15170     0409  0140               	movlb	0	; select bank0
 15171     040A  07D0               	addwf	_eusart1RxCount,f	;volatile
 15172     040B                     i1l1263:
 15173     040B  0008               	return
 15174     040C                     __end_of_EUSART1_RxDataHandler:
 15175     007E                     btemp	set	126	;btemp
 15176     007E                     int$flags	set	126
 15177     007E                     wtemp0	set	126
 15178                           
 15179                           	psect	idloc
 15180                           
 15181                           ;Config register IDLOC0 @ 0x8000
 15182                           ;	unspecified, using default values
 15183     8000                     	org	32768
 15184     8000  3FFF               	dw	16383
 15185                           
 15186                           ;Config register IDLOC1 @ 0x8001
 15187                           ;	unspecified, using default values
 15188     8001                     	org	32769
 15189     8001  3FFF               	dw	16383
 15190                           
 15191                           ;Config register IDLOC2 @ 0x8002
 15192                           ;	unspecified, using default values
 15193     8002                     	org	32770
 15194     8002  3FFF               	dw	16383
 15195                           
 15196                           ;Config register IDLOC3 @ 0x8003
 15197                           ;	unspecified, using default values
 15198     8003                     	org	32771
 15199     8003  3FFF               	dw	16383
 15200                           
 15201                           	psect	config
 15202                           
 15203                           ;Config register CONFIG1 @ 0x8007
 15204                           ;	External Oscillator mode selection bits
 15205                           ;	FEXTOSC = OFF, Oscillator not enabled
 15206                           ;	Power-up default value for COSC bits
 15207                           ;	RSTOSC = HFINT1, HFINTOSC (1MHz)
 15208                           ;	Clock Out Enable bit
 15209                           ;	CLKOUTEN = OFF, CLKOUT function is disabled; i/o or oscillator function on OSC2
 15210                           ;	Clock Switch Enable bit
 15211                           ;	CSWEN = ON, Writing to NOSC and NDIV is allowed
 15212                           ;	Fail-Safe Clock Monitor Enable bit
 15213                           ;	FCMEN = ON, FSCM timer enabled
 15214     8007                     	org	32775
 15215     8007  3FEC               	dw	16364
 15216                           
 15217                           ;Config register CONFIG2 @ 0x8008
 15218                           ;	Master Clear Enable bit
 15219                           ;	MCLRE = ON, MCLR pin is Master Clear function
 15220                           ;	Power-up Timer Enable bit
 15221                           ;	PWRTS = OFF, PWRT disabled
 15222                           ;	Low-Power BOR enable bit
 15223                           ;	LPBOREN = OFF, ULPBOR disabled
 15224                           ;	Brown-out reset enable bits
 15225                           ;	BOREN = ON, Brown-out Reset Enabled, SBOREN bit is ignored
 15226                           ;	Brown-out Reset Voltage Selection
 15227                           ;	BORV = LO, Brown-out Reset Voltage (VBOR) set to 1.9V
 15228                           ;	Zero-cross detect disable
 15229                           ;	ZCDDIS = OFF, Zero-cross detect circuit is disabled at POR.
 15230                           ;	Peripheral Pin Select one-way control
 15231                           ;	PPS1WAY = ON, The PPSLOCK bit can be cleared and set only once in software
 15232                           ;	Stack Overflow/Underflow Reset Enable bit
 15233                           ;	STVREN = ON, Stack Overflow or Underflow will cause a reset
 15234     8008                     	org	32776
 15235     8008  3FFF               	dw	16383
 15236                           
 15237                           ;Config register CONFIG3 @ 0x8009
 15238                           ;	WDT Period Select bits
 15239                           ;	WDTCPS = WDTCPS_31, Divider ratio 1:65536; software control of WDTPS
 15240                           ;	WDT operating mode
 15241                           ;	WDTE = OFF, WDT Disabled, SWDTEN is ignored
 15242                           ;	WDT Window Select bits
 15243                           ;	WDTCWS = WDTCWS_7, window always open (100%); software control; keyed access not requi
      +                          red
 15244                           ;	WDT input clock selector
 15245                           ;	WDTCCS = SC, Software Control
 15246     8009                     	org	32777
 15247     8009  3F9F               	dw	16287
 15248                           
 15249                           ;Config register CONFIG4 @ 0x800A
 15250                           ;	Boot Block Size Selection bits
 15251                           ;	BBSIZE = BB512, 512 words boot block size
 15252                           ;	Boot Block Enable bit
 15253                           ;	BBEN = OFF, Boot Block disabled
 15254                           ;	SAF Enable bit
 15255                           ;	SAFEN = OFF, SAF disabled
 15256                           ;	Application Block Write Protection bit
 15257                           ;	WRTAPP = OFF, Application Block not write protected
 15258                           ;	Boot Block Write Protection bit
 15259                           ;	WRTB = OFF, Boot Block not write protected
 15260                           ;	Configuration Register Write Protection bit
 15261                           ;	WRTC = OFF, Configuration Register not write protected
 15262                           ;	Data EEPROM write protection bit
 15263                           ;	WRTD = OFF, Data EEPROM NOT write protected
 15264                           ;	Storage Area Flash Write Protection bit
 15265                           ;	WRTSAF = OFF, SAF not write protected
 15266                           ;	Low Voltage Programming Enable bit
 15267                           ;	LVP = ON, Low Voltage programming enabled. MCLR/Vpp pin function is MCLR.
 15268     800A                     	org	32778
 15269     800A  3FFF               	dw	16383
 15270                           
 15271                           ;Config register CONFIG5 @ 0x800B
 15272                           ;	UserNVM Program memory code protection bit
 15273                           ;	CP = OFF, UserNVM code protection disabled
 15274     800B                     	org	32779
 15275     800B  3FFF               	dw	16383

Data Sizes:
    Strings     29
    Constant    151
    Data        19
    BSS         461
    Persistent  54
    Stack       0

Auto Spaces:
    Space          Size  Autos    Used
    COMMON           14      6      13
    BANK0            80      0      80
    BANK1            80      0      80
    BANK2            80      2      33
    BANK3            80      0      64
    BANK4            80      0      80
    BANK5            80      0      80
    BANK6            80      0      80
    BANK7            80      0       0
    BANK8            80      0       0
    BANK9            80      0       0
    BANK10           80      0       0
    BANK11           80      0       0
    BANK12           80      0       0
    BANK13           80      0       0
    BANK14           80      0       0
    BANK15           80      0       0
    BANK16           80      0       0
    BANK17           80      0       0
    BANK18           80      0       0
    BANK19           80      0       0
    BANK20           80      0       0
    BANK21           80      0       0
    BANK22           80      0       0
    BANK23           80      0       0
    BANK24           80      0       0
    BANK25           32      0       0

Pointer List with Targets:

    asyncBuffer	PTR unsigned char  size(1) Largest target is 80
		 -> statusBuffer(BANK4[80]), statusBuffer@main$F3759(BANK5[80]), NULL(NULL[0]), 

    bufferBlock$data	PTR unsigned char  size(2) Largest target is 0

    cb$0	PTR void  size(1) Largest target is 4
		 -> I2C1_Read1ByteRegister@returnValue(COMMON[1]), I2C1_Read2ByteRegister@returnValue(COMMON[2]), I2C1_ReadDataBlock@bufferBlock(COMMON[4]), I2C1_Write1ByteRegister@data(COMMON[1]), 
		 -> I2C1_Write2ByteRegister@data(COMMON[2]), i2c_read1ByteRegister@d2(COMMON[1]), i2c_read2ByteRegister@result(COMMON[2]), i2c_readDataBlock@d(COMMON[4]), 
		 -> i2c_write1ByteRegister@data(COMMON[1]), i2c_write2ByteRegister@data(COMMON[2]), NULL(NULL[0]), 

    cb$0	PTR void  size(1) Largest target is 4
		 -> I2C1_Read1ByteRegister@returnValue(COMMON[1]), I2C1_Read2ByteRegister@returnValue(COMMON[2]), I2C1_ReadDataBlock@bufferBlock(COMMON[4]), I2C1_Write1ByteRegister@data(COMMON[1]), 
		 -> I2C1_Write2ByteRegister@data(COMMON[2]), i2c_read1ByteRegister@d2(COMMON[1]), i2c_read2ByteRegister@result(COMMON[2]), i2c_readDataBlock@d(COMMON[4]), 
		 -> i2c_write1ByteRegister@data(COMMON[1]), i2c_write2ByteRegister@data(COMMON[2]), NULL(NULL[0]), 

    d$data	PTR unsigned char  size(2) Largest target is 0

    EUSART1_ErrorHandler	PTR FTN()void  size(2) Largest target is 1
		 -> EUSART1_DefaultErrorHandler(), NULL(), 

    EUSART1_FramingErrorHandler	PTR FTN()void  size(2) Largest target is 1
		 -> EUSART1_DefaultFramingErrorHandler(), NULL(), 

    EUSART1_OverrunErrorHandler	PTR FTN()void  size(2) Largest target is 1
		 -> EUSART1_DefaultOverrunErrorHandler(), NULL(), 

    EUSART1_RxDefaultInterruptHandler	PTR FTN()void  size(2) Largest target is 1
		 -> EUSART1_Receive_ISR(), EUSART2_Receive_ISR(), NULL(), 

    EUSART1_SetErrorHandler@interruptHandler	PTR FTN()void  size(2) Largest target is 1
		 -> EUSART1_DefaultErrorHandler(), 

    EUSART1_SetFramingErrorHandler@interruptHandler	PTR FTN()void  size(2) Largest target is 1
		 -> EUSART1_DefaultFramingErrorHandler(), 

    EUSART1_SetOverrunErrorHandler@interruptHandler	PTR FTN()void  size(2) Largest target is 1
		 -> EUSART1_DefaultOverrunErrorHandler(), 

    EUSART1_SetRxInterruptHandler@interruptHandler	PTR FTN()void  size(2) Largest target is 1
		 -> EUSART1_Receive_ISR(), EUSART2_Receive_ISR(), 

    EUSART1_SetTxInterruptHandler@interruptHandler	PTR FTN()void  size(2) Largest target is 1
		 -> EUSART1_Transmit_ISR(), EUSART2_Transmit_ISR(), 

    EUSART1_TxDefaultInterruptHandler	PTR FTN()void  size(2) Largest target is 1
		 -> EUSART1_Transmit_ISR(), EUSART2_Transmit_ISR(), NULL(), 

    EUSART2_ErrorHandler	PTR FTN()void  size(2) Largest target is 1
		 -> EUSART2_DefaultErrorHandler(), NULL(), 

    EUSART2_FramingErrorHandler	PTR FTN()void  size(2) Largest target is 1
		 -> EUSART2_DefaultFramingErrorHandler(), NULL(), 

    EUSART2_OverrunErrorHandler	PTR FTN()void  size(2) Largest target is 1
		 -> EUSART2_DefaultOverrunErrorHandler(), NULL(), 

    EUSART2_RxDefaultInterruptHandler	PTR FTN()void  size(2) Largest target is 1
		 -> EUSART1_Receive_ISR(), EUSART2_Receive_ISR(), NULL(), 

    EUSART2_SetErrorHandler@interruptHandler	PTR FTN()void  size(2) Largest target is 1
		 -> EUSART2_DefaultErrorHandler(), 

    EUSART2_SetFramingErrorHandler@interruptHandler	PTR FTN()void  size(2) Largest target is 1
		 -> EUSART2_DefaultFramingErrorHandler(), 

    EUSART2_SetOverrunErrorHandler@interruptHandler	PTR FTN()void  size(2) Largest target is 1
		 -> EUSART2_DefaultOverrunErrorHandler(), 

    EUSART2_SetRxInterruptHandler@interruptHandler	PTR FTN()void  size(2) Largest target is 1
		 -> EUSART1_Receive_ISR(), EUSART2_Receive_ISR(), 

    EUSART2_SetTxInterruptHandler@interruptHandler	PTR FTN()void  size(2) Largest target is 1
		 -> EUSART1_Transmit_ISR(), EUSART2_Transmit_ISR(), 

    EUSART2_TxDefaultInterruptHandler	PTR FTN()void  size(2) Largest target is 1
		 -> EUSART1_Transmit_ISR(), EUSART2_Transmit_ISR(), NULL(), 

    fsmStateTable	const PTR FTN()enum E12652[16] size(2) Largest target is 1
		 -> do_I2C_DO_ACK(), do_I2C_DO_ADDRESS_NACK(), do_I2C_DO_NACK_RESTART(), do_I2C_DO_NACK_STOP(), 
		 -> do_I2C_IDLE(), do_I2C_RCEN(), do_I2C_RESET(), do_I2C_RX(), 
		 -> do_I2C_SEND_ADR_READ(), do_I2C_SEND_ADR_WRITE(), do_I2C_SEND_RESTART(), do_I2C_SEND_RESTART_READ(), 
		 -> do_I2C_SEND_RESTART_WRITE(), do_I2C_SEND_STOP(), do_I2C_TX(), do_I2C_TX_EMPTY(), 

    I2C1_DO_TX$4898$0	PTR void  size(1) Largest target is 4
		 -> I2C1_Read1ByteRegister@returnValue(COMMON[1]), I2C1_Read2ByteRegister@returnValue(COMMON[2]), I2C1_ReadDataBlock@bufferBlock(COMMON[4]), I2C1_Write1ByteRegister@data(COMMON[1]), 
		 -> I2C1_Write2ByteRegister@data(COMMON[2]), i2c_read1ByteRegister@d2(COMMON[1]), i2c_read2ByteRegister@result(COMMON[2]), i2c_readDataBlock@d(COMMON[4]), 
		 -> i2c_write1ByteRegister@data(COMMON[1]), i2c_write2ByteRegister@data(COMMON[2]), NULL(NULL[0]), 

    i2c1_driver_busCollisionISR	PTR FTN()void  size(2) Largest target is 1
		 -> i2c_busCollisionISR(), NULL(), 

    i2c1_driver_i2cISR	PTR FTN()void  size(2) Largest target is 1
		 -> i2c_ISR(), NULL(), 

    i2c1_fsmStateTable	const PTR FTN()enum E12565[16] size(2) Largest target is 1
		 -> I2C1_DO_ADDRESS_NACK(), I2C1_DO_IDLE(), I2C1_DO_RCEN(), I2C1_DO_RESET(), 
		 -> I2C1_DO_RX(), I2C1_DO_RX_ACK(), I2C1_DO_RX_NACK_RESTART(), I2C1_DO_RX_NACK_STOP(), 
		 -> I2C1_DO_SEND_ADR_READ(), I2C1_DO_SEND_ADR_WRITE(), I2C1_DO_SEND_RESTART(), I2C1_DO_SEND_RESTART_READ(), 
		 -> I2C1_DO_SEND_RESTART_WRITE(), I2C1_DO_SEND_STOP(), I2C1_DO_TX(), I2C1_DO_TX_EMPTY(), 

    I2C1_Read1ByteRegister@returnValue$data	PTR unsigned char  size(2) Largest target is 0

    I2C1_Read2ByteRegister@returnValue$data	PTR unsigned char  size(2) Largest target is 0

    I2C1_Status$callbackPayload	PTR void [6] size(1) Largest target is 4
		 -> I2C1_Read1ByteRegister@returnValue(COMMON[1]), I2C1_Read2ByteRegister@returnValue(COMMON[2]), I2C1_ReadDataBlock@bufferBlock(COMMON[4]), I2C1_Write1ByteRegister@data(COMMON[1]), 
		 -> I2C1_Write2ByteRegister@data(COMMON[2]), i2c_read1ByteRegister@d2(COMMON[1]), i2c_read2ByteRegister@result(COMMON[2]), i2c_readDataBlock@d(COMMON[4]), 
		 -> i2c_write1ByteRegister@data(COMMON[1]), i2c_write2ByteRegister@data(COMMON[2]), NULL(NULL[0]), 

    I2C1_Status$callbackTable	PTR FTN(PTR void ,)enum E363[6] size(2) Largest target is 1
		 -> I2C1_CallbackReturnReset(), I2C1_CallbackReturnStop(), rd1RegCompleteHandler(), rd1RegCompleteHandler@i2c1_master_example$F1232(), 
		 -> rd2RegCompleteHandler(), rd2RegCompleteHandler@i2c1_master_example$F1243(), rdBlkRegCompleteHandler(), rdBlkRegCompleteHandler@i2c1_master_example$F1266(), 
		 -> wr1RegCompleteHandler(), wr1RegCompleteHandler@i2c1_master_example$F1249(), wr2RegCompleteHandler(), wr2RegCompleteHandler@i2c1_master_example$F1255(), 
		 -> NULL(), 

    I2C1_Status$data_ptr	PTR unsigned char  size(1) Largest target is 4
		 -> bufferBlock$data(COMMON[2]), d$data(COMMON[2]), I2C1_Read1ByteRegister@reg(COMMON[1]), I2C1_Read1ByteRegister@returnValue(COMMON[1]), 
		 -> I2C1_Read1ByteRegister@returnValue$data(COMMON[2]), I2C1_Read2ByteRegister@reg(COMMON[1]), I2C1_Read2ByteRegister@returnValue(COMMON[2]), I2C1_Read2ByteRegister@returnValue$data(COMMON[2]), 
		 -> I2C1_ReadDataBlock@bufferBlock(COMMON[4]), I2C1_ReadDataBlock@reg(COMMON[1]), I2C1_Write1ByteRegister@data(COMMON[1]), I2C1_Write1ByteRegister@data$data(COMMON[2]), 
		 -> I2C1_Write1ByteRegister@reg(COMMON[1]), I2C1_Write2ByteRegister@data(COMMON[2]), I2C1_Write2ByteRegister@data$data(COMMON[2]), I2C1_Write2ByteRegister@reg(COMMON[1]), 
		 -> i2c_read1ByteRegister@d2(COMMON[1]), i2c_read1ByteRegister@d2$data(COMMON[2]), i2c_read1ByteRegister@reg(COMMON[1]), i2c_read2ByteRegister@reg(COMMON[1]), 
		 -> i2c_read2ByteRegister@result(COMMON[2]), i2c_read2ByteRegister@result$data(COMMON[2]), i2c_readDataBlock@d(COMMON[4]), i2c_readDataBlock@reg(COMMON[1]), 
		 -> i2c_write1ByteRegister@data(COMMON[1]), i2c_write1ByteRegister@data$data(COMMON[2]), i2c_write1ByteRegister@reg(COMMON[1]), i2c_write2ByteRegister@data(COMMON[2]), 
		 -> i2c_write2ByteRegister@data$data(COMMON[2]), i2c_write2ByteRegister@reg(COMMON[1]), NULL(NULL[0]), 

    I2C1_Write1ByteRegister@data$data	PTR unsigned char  size(2) Largest target is 0

    I2C1_Write2ByteRegister@data$data	PTR unsigned char  size(2) Largest target is 0

    i2c_read1ByteRegister@d2$data	PTR unsigned char  size(2) Largest target is 0

    i2c_read2ByteRegister@result$data	PTR unsigned char  size(2) Largest target is 0

    i2c_status$callbackPayload	PTR void [6] size(2) Largest target is 0
		 -> NULL(NULL[0]), 

    i2c_status$callbackTable	PTR FTN(PTR void ,)enum E12498[6] size(2) Largest target is 1
		 -> returnReset(), returnStop(), 

    i2c_status$data_ptr	PTR unsigned char  size(2) Largest target is 0

    i2c_write1ByteRegister@data$data	PTR unsigned char  size(2) Largest target is 0

    i2c_write2ByteRegister@data$data	PTR unsigned char  size(2) Largest target is 0

    IOCAF6_InterruptHandler	PTR FTN()void  size(2) Largest target is 1
		 -> IOCAF6_DefaultInterruptHandler(), NULL(), 

    IOCAF6_SetInterruptHandler@InterruptHandler	PTR FTN()void  size(2) Largest target is 1
		 -> IOCAF6_DefaultInterruptHandler(), 

    NULL$0	PTR void  size(1) Largest target is 4
		 -> I2C1_Read1ByteRegister@returnValue(COMMON[1]), I2C1_Read2ByteRegister@returnValue(COMMON[2]), I2C1_ReadDataBlock@bufferBlock(COMMON[4]), I2C1_Write1ByteRegister@data(COMMON[1]), 
		 -> I2C1_Write2ByteRegister@data(COMMON[2]), i2c_read1ByteRegister@d2(COMMON[1]), i2c_read2ByteRegister@result(COMMON[2]), i2c_readDataBlock@d(COMMON[4]), 
		 -> i2c_write1ByteRegister@data(COMMON[1]), i2c_write2ByteRegister@data(COMMON[2]), NULL(NULL[0]), 

    pHead	PTR unsigned char  size(1) Largest target is 80
		 -> statusBuffer(BANK4[80]), statusBuffer@main$F3759(BANK5[80]), NULL(NULL[0]), 

    protocol_version_number	const PTR const unsigned char  size(2) Largest target is 6
		 -> STR_1(CODE[6]), 

    rdBlkRegCompleteHandler@i2c1_master_example$F1266@ptr$data	PTR unsigned char  size(2) Largest target is 0

    rdBlkRegCompleteHandler@p$data	PTR unsigned char  size(2) Largest target is 0

    RN487X$AsyncHandler	PTR FTN(PTR unsigned char ,)void  size(2) Largest target is 1
		 -> RN487X_MessageHandler(), 

    RN487X$DataReady	PTR FTN()_Bool  size(2) Largest target is 1
		 -> RN487X_is_rx_ready(), 

    RN487X$DelayMs	PTR FTN(unsigned short ,)void  size(2) Largest target is 1
		 -> RN487X_Delay(), 

    RN487X$IndicateRx	PTR FTN(_Bool ,)void  size(2) Largest target is 1
		 -> RN487X_IndicateRx(), 

    RN487X$Read	PTR FTN()unsigned char  size(2) Largest target is 1
		 -> RN487X_Read@rn487x_interface$F1380(), 

    RN487X$ResetModule	PTR FTN(_Bool ,)void  size(2) Largest target is 1
		 -> RN487X_Reset(), 

    RN487X$SetSystemMode	PTR FTN(enum E272,)void  size(2) Largest target is 1
		 -> RN487X_SetSystemMode(), 

    RN487X$TransmitDone	PTR FTN()_Bool  size(2) Largest target is 1
		 -> RN487X_is_tx_done(), 

    RN487X$Write	PTR FTN(unsigned char ,)void  size(2) Largest target is 1
		 -> RN487X_Write(), 

    rn487x_driver_version	const PTR const unsigned char  size(2) Largest target is 6
		 -> STR_6(CODE[6]), 

    RN487X_SetAsyncMessageHandler@pBuffer	PTR unsigned char  size(1) Largest target is 80
		 -> statusBuffer(BANK4[80]), statusBuffer@main$F3759(BANK5[80]), 

    S1013$data	PTR unsigned char  size(2) Largest target is 0

    S215$8$0	PTR unsigned char  size(1) Largest target is 80
		 -> statusBuffer(BANK4[80]), statusBuffer@main$F3759(BANK5[80]), NULL(NULL[0]), 

    S215$AsyncHandler	PTR FTN(PTR unsigned char ,)void  size(2) Largest target is 1
		 -> RN487X_MessageHandler(), 

    S215$DataReady	PTR FTN()_Bool  size(2) Largest target is 1
		 -> RN487X_is_rx_ready(), 

    S215$DelayMs	PTR FTN(unsigned short ,)void  size(2) Largest target is 1
		 -> RN487X_Delay(), 

    S215$IndicateRx	PTR FTN(_Bool ,)void  size(2) Largest target is 1
		 -> RN487X_IndicateRx(), 

    S215$Read	PTR FTN()unsigned char  size(2) Largest target is 1
		 -> RN487X_Read@rn487x_interface$F1380(), 

    S215$ResetModule	PTR FTN(_Bool ,)void  size(2) Largest target is 1
		 -> RN487X_Reset(), 

    S215$SetSystemMode	PTR FTN(enum E272,)void  size(2) Largest target is 1
		 -> RN487X_SetSystemMode(), 

    S215$TransmitDone	PTR FTN()_Bool  size(2) Largest target is 1
		 -> RN487X_is_tx_done(), 

    S215$Write	PTR FTN(unsigned char ,)void  size(2) Largest target is 1
		 -> RN487X_Write(), 

    S3186$0$0	PTR void  size(1) Largest target is 4
		 -> I2C1_Read1ByteRegister@returnValue(COMMON[1]), I2C1_Read2ByteRegister@returnValue(COMMON[2]), I2C1_ReadDataBlock@bufferBlock(COMMON[4]), I2C1_Write1ByteRegister@data(COMMON[1]), 
		 -> I2C1_Write2ByteRegister@data(COMMON[2]), i2c_read1ByteRegister@d2(COMMON[1]), i2c_read2ByteRegister@result(COMMON[2]), i2c_readDataBlock@d(COMMON[4]), 
		 -> i2c_write1ByteRegister@data(COMMON[1]), i2c_write2ByteRegister@data(COMMON[2]), NULL(NULL[0]), 

    S3186$callbackPayload	PTR void [6] size(1) Largest target is 4
		 -> I2C1_Read1ByteRegister@returnValue(COMMON[1]), I2C1_Read2ByteRegister@returnValue(COMMON[2]), I2C1_ReadDataBlock@bufferBlock(COMMON[4]), I2C1_Write1ByteRegister@data(COMMON[1]), 
		 -> I2C1_Write2ByteRegister@data(COMMON[2]), i2c_read1ByteRegister@d2(COMMON[1]), i2c_read2ByteRegister@result(COMMON[2]), i2c_readDataBlock@d(COMMON[4]), 
		 -> i2c_write1ByteRegister@data(COMMON[1]), i2c_write2ByteRegister@data(COMMON[2]), NULL(NULL[0]), 

    S3186$callbackTable	PTR FTN(PTR void ,)enum E363[6] size(2) Largest target is 1
		 -> I2C1_CallbackReturnReset(), I2C1_CallbackReturnStop(), rd1RegCompleteHandler(), rd1RegCompleteHandler@i2c1_master_example$F1232(), 
		 -> rd2RegCompleteHandler(), rd2RegCompleteHandler@i2c1_master_example$F1243(), rdBlkRegCompleteHandler(), rdBlkRegCompleteHandler@i2c1_master_example$F1266(), 
		 -> wr1RegCompleteHandler(), wr1RegCompleteHandler@i2c1_master_example$F1249(), wr2RegCompleteHandler(), wr2RegCompleteHandler@i2c1_master_example$F1255(), 
		 -> NULL(), 

    S3186$data_ptr	PTR unsigned char  size(1) Largest target is 4
		 -> I2C1_Read1ByteRegister@reg(COMMON[1]), I2C1_Read1ByteRegister@returnValue(COMMON[1]), I2C1_Read2ByteRegister@reg(COMMON[1]), I2C1_Read2ByteRegister@returnValue(COMMON[2]), 
		 -> I2C1_ReadDataBlock@bufferBlock(COMMON[4]), I2C1_ReadDataBlock@reg(COMMON[1]), I2C1_Write1ByteRegister@data(COMMON[1]), I2C1_Write1ByteRegister@reg(COMMON[1]), 
		 -> I2C1_Write2ByteRegister@data(COMMON[2]), I2C1_Write2ByteRegister@reg(COMMON[1]), i2c_read1ByteRegister@d2(COMMON[1]), i2c_read1ByteRegister@reg(COMMON[1]), 
		 -> i2c_read2ByteRegister@reg(COMMON[1]), i2c_read2ByteRegister@result(COMMON[2]), i2c_readDataBlock@d(COMMON[4]), i2c_readDataBlock@reg(COMMON[1]), 
		 -> i2c_write1ByteRegister@data(COMMON[1]), i2c_write1ByteRegister@reg(COMMON[1]), i2c_write2ByteRegister@data(COMMON[2]), i2c_write2ByteRegister@reg(COMMON[1]), 
		 -> NULL(NULL[0]), 

    S344$4$0	PTR FTN()void  size(2) Largest target is 1
		 -> EUSART1_Transmit_ISR(), EUSART2_Transmit_ISR(), 

    S344$6$0	PTR FTN()void  size(2) Largest target is 1
		 -> EUSART1_Receive_ISR(), EUSART2_Receive_ISR(), 

    S344$DataReady	PTR FTN()_Bool  size(2) Largest target is 1
		 -> EUSART1_is_rx_ready(), EUSART2_is_rx_ready(), 

    S344$Initialize	PTR FTN()void  size(2) Largest target is 1
		 -> EUSART1_Initialize(), EUSART2_Initialize(), 

    S344$Read	PTR FTN()unsigned char  size(2) Largest target is 1
		 -> EUSART1_Read(), EUSART2_Read(), 

    S344$RxDefaultISR	PTR FTN()void  size(2) Largest target is 1
		 -> EUSART1_Receive_ISR(), EUSART2_Receive_ISR(), 

    S344$SetRxISR	PTR FTN(PTR FTN()void ,)void  size(2) Largest target is 1
		 -> EUSART1_SetRxInterruptHandler(), EUSART2_SetRxInterruptHandler(), 

    S344$SetTxISR	PTR FTN(PTR FTN()void ,)void  size(2) Largest target is 1
		 -> EUSART1_SetTxInterruptHandler(), EUSART2_SetTxInterruptHandler(), 

    S344$TransmitDone	PTR FTN()_Bool  size(2) Largest target is 1
		 -> EUSART1_is_tx_done(), EUSART2_is_tx_done(), 

    S344$TransmitReady	PTR FTN()_Bool  size(2) Largest target is 1
		 -> EUSART1_is_tx_ready(), EUSART2_is_tx_ready(), 

    S344$TxDefaultISR	PTR FTN()void  size(2) Largest target is 1
		 -> EUSART1_Transmit_ISR(), EUSART2_Transmit_ISR(), 

    S344$Write	PTR FTN(unsigned char ,)void  size(2) Largest target is 1
		 -> EUSART1_Write(), EUSART2_Write(), 

    S667$11$0	PTR void  size(2) Largest target is 0
		 -> NULL(NULL[0]), 

    S667$callbackPayload	PTR void [6] size(2) Largest target is 0
		 -> NULL(NULL[0]), 

    S667$callbackTable	PTR FTN(PTR void ,)enum E12498[6] size(2) Largest target is 1
		 -> returnReset(), returnStop(), 

    S667$data_ptr	PTR unsigned char  size(2) Largest target is 0

    sp__strchr	PTR unsigned char  size(1) Largest target is 80
		 -> statusBuffer(BANK4[80]), statusBuffer@main$F3759(BANK5[80]), NULL(NULL[0]), 

    sp__strcpy	PTR unsigned char  size(1) Largest target is 32
		 -> rn487x_PrintMessage@printCharacter(BANK0[32]), 

    sp__strstr	PTR unsigned char  size(1) Largest target is 80
		 -> statusBuffer(BANK4[80]), statusBuffer@main$F3759(BANK5[80]), NULL(NULL[0]), 

    SPI2_ReadBlock@block	PTR void  size(1) Largest target is 4
		 -> send_spi_read@data(BANK0[4]), 

    SPI2_ReadBlock@data	PTR unsigned char  size(1) Largest target is 4
		 -> send_spi_read@data(BANK0[4]), 

    uart$DataReady	PTR FTN()_Bool  size(2) Largest target is 1
		 -> EUSART1_is_rx_ready(), EUSART2_is_rx_ready(), 

    uart$Initialize	PTR FTN()void  size(2) Largest target is 1
		 -> EUSART1_Initialize(), EUSART2_Initialize(), 

    uart$Read	PTR FTN()unsigned char  size(2) Largest target is 1
		 -> EUSART1_Read(), EUSART2_Read(), 

    uart$RxDefaultISR	PTR FTN()void  size(2) Largest target is 1
		 -> EUSART1_Receive_ISR(), EUSART2_Receive_ISR(), 

    uart$SetRxISR	PTR FTN(PTR FTN()void ,)void  size(2) Largest target is 1
		 -> EUSART1_SetRxInterruptHandler(), EUSART2_SetRxInterruptHandler(), 

    uart$SetTxISR	PTR FTN(PTR FTN()void ,)void  size(2) Largest target is 1
		 -> EUSART1_SetTxInterruptHandler(), EUSART2_SetTxInterruptHandler(), 

    uart$TransmitDone	PTR FTN()_Bool  size(2) Largest target is 1
		 -> EUSART1_is_tx_done(), EUSART2_is_tx_done(), 

    uart$TransmitReady	PTR FTN()_Bool  size(2) Largest target is 1
		 -> EUSART1_is_tx_ready(), EUSART2_is_tx_ready(), 

    uart$TxDefaultISR	PTR FTN()void  size(2) Largest target is 1
		 -> EUSART1_Transmit_ISR(), EUSART2_Transmit_ISR(), 

    uart$Write	PTR FTN(unsigned char ,)void  size(2) Largest target is 1
		 -> EUSART1_Write(), EUSART2_Write(), 


Critical Paths under _main in COMMON

    _send_spi_read->_SPI2_Open
    _send_spi_read->_SPI2_ReadBlock
    _SPI2_ReadBlock->_SPI2_ExchangeByte
    _PIN_MANAGER_Initialize->_IOCAF6_SetInterruptHandler
    _EUSART2_Initialize->_EUSART2_SetErrorHandler
    _EUSART2_Initialize->_EUSART2_SetFramingErrorHandler
    _EUSART2_Initialize->_EUSART2_SetOverrunErrorHandler
    _EUSART2_Initialize->_EUSART2_SetRxInterruptHandler
    _EUSART2_Initialize->_EUSART2_SetTxInterruptHandler
    _EUSART1_Initialize->_EUSART1_SetErrorHandler
    _EUSART1_Initialize->_EUSART1_SetFramingErrorHandler
    _EUSART1_Initialize->_EUSART1_SetOverrunErrorHandler
    _EUSART1_Initialize->_EUSART1_SetRxInterruptHandler
    _EUSART1_Initialize->_EUSART1_SetTxInterruptHandler
    _RN487X_Init->_RN487X_Delay
    _RN487X_Read@rn487x_interface$F1380->_EUSART1_Read
    _RN487X_Read@rn487x_interface$F1380->_EUSART2_Read
    _RN487X_Delay->_DELAY_milliseconds

Critical Paths under _INTERRUPT_InterruptManager in COMMON

    _INTERRUPT_InterruptManager->_EUSART1_Transmit_ISR
    _INTERRUPT_InterruptManager->_EUSART2_Transmit_ISR
    _EUSART2_Receive_ISR->_EUSART2_RxDataHandler
    _EUSART2_DefaultErrorHandler->_EUSART2_RxDataHandler
    _EUSART1_Receive_ISR->_EUSART1_RxDataHandler
    _EUSART1_DefaultErrorHandler->_EUSART1_RxDataHandler

Critical Paths under _main in BANK0

    None.

Critical Paths under _INTERRUPT_InterruptManager in BANK0

    None.

Critical Paths under _main in BANK1

    None.

Critical Paths under _INTERRUPT_InterruptManager in BANK1

    None.

Critical Paths under _main in BANK2

    _send_spi_read->_SPI2_ReadBlock

Critical Paths under _INTERRUPT_InterruptManager in BANK2

    None.

Critical Paths under _main in BANK3

    None.

Critical Paths under _INTERRUPT_InterruptManager in BANK3

    None.

Critical Paths under _main in BANK4

    None.

Critical Paths under _INTERRUPT_InterruptManager in BANK4

    None.

Critical Paths under _main in BANK5

    None.

Critical Paths under _INTERRUPT_InterruptManager in BANK5

    None.

Critical Paths under _main in BANK6

    None.

Critical Paths under _INTERRUPT_InterruptManager in BANK6

    None.

Critical Paths under _main in BANK7

    None.

Critical Paths under _INTERRUPT_InterruptManager in BANK7

    None.

Critical Paths under _main in BANK8

    None.

Critical Paths under _INTERRUPT_InterruptManager in BANK8

    None.

Critical Paths under _main in BANK9

    None.

Critical Paths under _INTERRUPT_InterruptManager in BANK9

    None.

Critical Paths under _main in BANK10

    None.

Critical Paths under _INTERRUPT_InterruptManager in BANK10

    None.

Critical Paths under _main in BANK11

    None.

Critical Paths under _INTERRUPT_InterruptManager in BANK11

    None.

Critical Paths under _main in BANK12

    None.

Critical Paths under _INTERRUPT_InterruptManager in BANK12

    None.

Critical Paths under _main in BANK13

    None.

Critical Paths under _INTERRUPT_InterruptManager in BANK13

    None.

Critical Paths under _main in BANK14

    None.

Critical Paths under _INTERRUPT_InterruptManager in BANK14

    None.

Critical Paths under _main in BANK15

    None.

Critical Paths under _INTERRUPT_InterruptManager in BANK15

    None.

Critical Paths under _main in BANK16

    None.

Critical Paths under _INTERRUPT_InterruptManager in BANK16

    None.

Critical Paths under _main in BANK17

    None.

Critical Paths under _INTERRUPT_InterruptManager in BANK17

    None.

Critical Paths under _main in BANK18

    None.

Critical Paths under _INTERRUPT_InterruptManager in BANK18

    None.

Critical Paths under _main in BANK19

    None.

Critical Paths under _INTERRUPT_InterruptManager in BANK19

    None.

Critical Paths under _main in BANK20

    None.

Critical Paths under _INTERRUPT_InterruptManager in BANK20

    None.

Critical Paths under _main in BANK21

    None.

Critical Paths under _INTERRUPT_InterruptManager in BANK21

    None.

Critical Paths under _main in BANK22

    None.

Critical Paths under _INTERRUPT_InterruptManager in BANK22

    None.

Critical Paths under _main in BANK23

    None.

Critical Paths under _INTERRUPT_InterruptManager in BANK23

    None.

Critical Paths under _main in BANK24

    None.

Critical Paths under _INTERRUPT_InterruptManager in BANK24

    None.

Critical Paths under _main in BANK25

    None.

Critical Paths under _INTERRUPT_InterruptManager in BANK25

    None.

Call Graph Tables:

 ---------------------------------------------------------------------------------
 (Depth) Function   	        Calls       Base Space   Used Autos Params    Refs
 ---------------------------------------------------------------------------------
 (0) _main                                                 0     0      0    2615
               _LIGHTBLUE_Initialize
                        _RN487X_Init
      _RN487X_SetAsyncMessageHandler
                  _SYSTEM_Initialize
                      _send_spi_read
 ---------------------------------------------------------------------------------
 (1) _send_spi_read                                        0     0      0     361
                         _SPI2_Close
                          _SPI2_Open
                     _SPI2_ReadBlock
 ---------------------------------------------------------------------------------
 (2) _SPI2_ReadBlock                                       5     3      2     273
                                              2 COMMON     3     1      2
                                              0 BANK2      2     2      0
                  _SPI2_ExchangeByte
 ---------------------------------------------------------------------------------
 (3) _SPI2_ExchangeByte                                    1     1      0      31
                                              1 COMMON     1     1      0
 ---------------------------------------------------------------------------------
 (2) _SPI2_Open                                            4     4      0      88
                                              1 COMMON     4     4      0
 ---------------------------------------------------------------------------------
 (2) _SPI2_Close                                           0     0      0       0
 ---------------------------------------------------------------------------------
 (1) _SYSTEM_Initialize                                    0     0      0    1221
                 _EUSART1_Initialize
                 _EUSART2_Initialize
                    _I2C1_Initialize
              _OSCILLATOR_Initialize
             _PIN_MANAGER_Initialize
                     _PMD_Initialize
                    _SPI2_Initialize
                    _TMR0_Initialize
 ---------------------------------------------------------------------------------
 (2) _TMR0_Initialize                                      0     0      0       0
 ---------------------------------------------------------------------------------
 (2) _SPI2_Initialize                                      0     0      0       0
 ---------------------------------------------------------------------------------
 (2) _PMD_Initialize                                       0     0      0       0
 ---------------------------------------------------------------------------------
 (2) _PIN_MANAGER_Initialize                               0     0      0     111
         _IOCAF6_SetInterruptHandler
 ---------------------------------------------------------------------------------
 (3) _IOCAF6_SetInterruptHandler                           2     0      2     111
                                              1 COMMON     2     0      2
 ---------------------------------------------------------------------------------
 (2) _OSCILLATOR_Initialize                                0     0      0       0
 ---------------------------------------------------------------------------------
 (2) _I2C1_Initialize                                      0     0      0       0
 ---------------------------------------------------------------------------------
 (2) _EUSART2_Initialize                                   0     0      0     555
            _EUSART2_SetErrorHandler
     _EUSART2_SetFramingErrorHandler
     _EUSART2_SetOverrunErrorHandler
      _EUSART2_SetRxInterruptHandler
      _EUSART2_SetTxInterruptHandler
 ---------------------------------------------------------------------------------
 (3) _EUSART2_SetTxInterruptHandler                        2     0      2     111
                                              1 COMMON     2     0      2
 ---------------------------------------------------------------------------------
 (3) _EUSART2_SetRxInterruptHandler                        2     0      2     111
                                              1 COMMON     2     0      2
 ---------------------------------------------------------------------------------
 (3) _EUSART2_SetOverrunErrorHandler                       2     0      2     111
                                              1 COMMON     2     0      2
 ---------------------------------------------------------------------------------
 (3) _EUSART2_SetFramingErrorHandler                       2     0      2     111
                                              1 COMMON     2     0      2
 ---------------------------------------------------------------------------------
 (3) _EUSART2_SetErrorHandler                              2     0      2     111
                                              1 COMMON     2     0      2
 ---------------------------------------------------------------------------------
 (2) _EUSART1_Initialize                                   0     0      0     555
            _EUSART1_SetErrorHandler
     _EUSART1_SetFramingErrorHandler
     _EUSART1_SetOverrunErrorHandler
      _EUSART1_SetRxInterruptHandler
      _EUSART1_SetTxInterruptHandler
 ---------------------------------------------------------------------------------
 (3) _EUSART1_SetTxInterruptHandler                        2     0      2     111
                                              1 COMMON     2     0      2
 ---------------------------------------------------------------------------------
 (3) _EUSART1_SetRxInterruptHandler                        2     0      2     111
                                              1 COMMON     2     0      2
 ---------------------------------------------------------------------------------
 (3) _EUSART1_SetOverrunErrorHandler                       2     0      2     111
                                              1 COMMON     2     0      2
 ---------------------------------------------------------------------------------
 (3) _EUSART1_SetFramingErrorHandler                       2     0      2     111
                                              1 COMMON     2     0      2
 ---------------------------------------------------------------------------------
 (3) _EUSART1_SetErrorHandler                              2     0      2     111
                                              1 COMMON     2     0      2
 ---------------------------------------------------------------------------------
 (1) _RN487X_SetAsyncMessageHandler                        2     1      1     338
                                              1 COMMON     2     1      1
 ---------------------------------------------------------------------------------
 (1) _RN487X_Init                                          0     0      0     695
                       _RN487X_Delay *
                  _RN487X_IndicateRx *
 _RN487X_Read@rn487x_interface$F1380 *
                       _RN487X_Reset *
               _RN487X_SetSystemMode *
                 _RN487X_is_rx_ready *
 ---------------------------------------------------------------------------------
 (2) _RN487X_is_rx_ready                                   0     0      0       0
                _EUSART1_is_rx_ready *
                _EUSART2_is_rx_ready *
 ---------------------------------------------------------------------------------
 (3) _EUSART2_is_rx_ready                                  0     0      0       0
 ---------------------------------------------------------------------------------
 (3) _EUSART1_is_rx_ready                                  0     0      0       0
 ---------------------------------------------------------------------------------
 (2) _RN487X_SetSystemMode                                 1     0      1      86
                                              1 COMMON     1     0      1
 ---------------------------------------------------------------------------------
 (2) _RN487X_Reset                                         1     0      1     150
                                              1 COMMON     1     0      1
 ---------------------------------------------------------------------------------
 (2) _RN487X_Read@rn487x_interface$F1380                   0     0      0      48
                       _EUSART1_Read *
                       _EUSART2_Read *
 ---------------------------------------------------------------------------------
 (3) _EUSART2_Read                                         2     2      0      24
                                              1 COMMON     2     2      0
 ---------------------------------------------------------------------------------
 (3) _EUSART1_Read                                         2     2      0      24
                                              1 COMMON     2     2      0
 ---------------------------------------------------------------------------------
 (2) _RN487X_IndicateRx                                    1     0      1      86
                                              1 COMMON     1     0      1
 ---------------------------------------------------------------------------------
 (2) _RN487X_Delay                                         2     0      2     325
                                              4 COMMON     2     0      2
                 _DELAY_milliseconds
 ---------------------------------------------------------------------------------
 (3) _DELAY_milliseconds                                   3     1      2     111
                                              1 COMMON     3     1      2
 ---------------------------------------------------------------------------------
 (1) _LIGHTBLUE_Initialize                                 0     0      0       0
 ---------------------------------------------------------------------------------
 Estimated maximum stack depth 3
 ---------------------------------------------------------------------------------
 (Depth) Function   	        Calls       Base Space   Used Autos Params    Refs
 ---------------------------------------------------------------------------------
 (4) _INTERRUPT_InterruptManager                           0     0      0       0
                                NULL *
                _EUSART1_Receive_ISR *
               _EUSART1_Transmit_ISR *
                _EUSART2_Receive_ISR *
               _EUSART2_Transmit_ISR *
                    _PIN_MANAGER_IOC
 ---------------------------------------------------------------------------------
 (5) _PIN_MANAGER_IOC                                      0     0      0       0
                         _IOCAF6_ISR
 ---------------------------------------------------------------------------------
 (6) _IOCAF6_ISR                                           0     0      0       0
                                NULL *
     _IOCAF6_DefaultInterruptHandler *
 ---------------------------------------------------------------------------------
 (7) _IOCAF6_DefaultInterruptHandler                       0     0      0       0
 ---------------------------------------------------------------------------------
 (5) _EUSART2_Transmit_ISR                                 1     1      0       0
                                              0 COMMON     1     1      0
 ---------------------------------------------------------------------------------
 (5) _EUSART2_Receive_ISR                                  0     0      0       0
                                NULL *
        _EUSART2_DefaultErrorHandler *
 _EUSART2_DefaultFramingErrorHandler *
 _EUSART2_DefaultOverrunErrorHandler *
              _EUSART2_RxDataHandler
 ---------------------------------------------------------------------------------
 (6) _EUSART2_DefaultOverrunErrorHandler                   0     0      0       0
 ---------------------------------------------------------------------------------
 (6) _EUSART2_DefaultFramingErrorHandler                   0     0      0       0
 ---------------------------------------------------------------------------------
 (6) _EUSART2_DefaultErrorHandler                          0     0      0       0
              _EUSART2_RxDataHandler
 ---------------------------------------------------------------------------------
 (6) _EUSART2_RxDataHandler                                1     1      0       0
                                              0 COMMON     1     1      0
 ---------------------------------------------------------------------------------
 (5) _EUSART1_Transmit_ISR                                 1     1      0       0
                                              0 COMMON     1     1      0
 ---------------------------------------------------------------------------------
 (5) _EUSART1_Receive_ISR                                  0     0      0       0
                                NULL *
        _EUSART1_DefaultErrorHandler *
 _EUSART1_DefaultFramingErrorHandler *
 _EUSART1_DefaultOverrunErrorHandler *
              _EUSART1_RxDataHandler
 ---------------------------------------------------------------------------------
 (6) _EUSART1_DefaultOverrunErrorHandler                   0     0      0       0
 ---------------------------------------------------------------------------------
 (6) _EUSART1_DefaultFramingErrorHandler                   0     0      0       0
 ---------------------------------------------------------------------------------
 (6) _EUSART1_DefaultErrorHandler                          0     0      0       0
              _EUSART1_RxDataHandler
 ---------------------------------------------------------------------------------
 (6) _EUSART1_RxDataHandler                                1     1      0       0
                                              0 COMMON     1     1      0
 ---------------------------------------------------------------------------------
 (7) NULL(Fake)                                            1     0      1       0
 ---------------------------------------------------------------------------------
 Estimated maximum stack depth 7
 ---------------------------------------------------------------------------------

 Call Graph Graphs:

 _main (ROOT)
   _LIGHTBLUE_Initialize
   _RN487X_Init
     _RN487X_Delay *
       _DELAY_milliseconds
     _RN487X_IndicateRx *
     _RN487X_Read@rn487x_interface$F1380 *
       _EUSART1_Read *
       _EUSART2_Read *
     _RN487X_Reset *
     _RN487X_SetSystemMode *
     _RN487X_is_rx_ready *
       _EUSART1_is_rx_ready *
       _EUSART2_is_rx_ready *
   _RN487X_SetAsyncMessageHandler
   _SYSTEM_Initialize
     _EUSART1_Initialize
       _EUSART1_SetErrorHandler
       _EUSART1_SetFramingErrorHandler
       _EUSART1_SetOverrunErrorHandler
       _EUSART1_SetRxInterruptHandler
       _EUSART1_SetTxInterruptHandler
     _EUSART2_Initialize
       _EUSART2_SetErrorHandler
       _EUSART2_SetFramingErrorHandler
       _EUSART2_SetOverrunErrorHandler
       _EUSART2_SetRxInterruptHandler
       _EUSART2_SetTxInterruptHandler
     _I2C1_Initialize
     _OSCILLATOR_Initialize
     _PIN_MANAGER_Initialize
       _IOCAF6_SetInterruptHandler
     _PMD_Initialize
     _SPI2_Initialize
     _TMR0_Initialize
   _send_spi_read
     _SPI2_Close
     _SPI2_Open
     _SPI2_ReadBlock
       _SPI2_ExchangeByte

 _INTERRUPT_InterruptManager (ROOT)
   NULL(Fake) *
   _EUSART1_Receive_ISR *
     NULL(Fake) *
     _EUSART1_DefaultErrorHandler *
       _EUSART1_RxDataHandler
     _EUSART1_DefaultFramingErrorHandler *
     _EUSART1_DefaultOverrunErrorHandler *
     _EUSART1_RxDataHandler *
   _EUSART1_Transmit_ISR *
   _EUSART2_Receive_ISR *
     NULL(Fake) *
     _EUSART2_DefaultErrorHandler *
       _EUSART2_RxDataHandler
     _EUSART2_DefaultFramingErrorHandler *
     _EUSART2_DefaultOverrunErrorHandler *
     _EUSART2_RxDataHandler *
   _EUSART2_Transmit_ISR *
   _PIN_MANAGER_IOC *
     _IOCAF6_ISR
       NULL(Fake) *
       _IOCAF6_DefaultInterruptHandler *

 Address spaces:
Name               Size   Autos  Total    Cost      Usage
BIGRAM             7F0      0       0       0        0.0%
EEDATA             100      0       0       0        0.0%
NULL                 0      0       0       0        0.0%
CODE                 0      0       0       0        0.0%
BITCOMMON            E      0       0       1        0.0%
BITSFR0              0      0       0       1        0.0%
SFR0                 0      0       0       1        0.0%
COMMON               E      6       D       2       92.9%
BITSFR1              0      0       0       2        0.0%
SFR1                 0      0       0       2        0.0%
BITSFR2              0      0       0       3        0.0%
SFR2                 0      0       0       3        0.0%
STACK                0      0       0       3        0.0%
BITBANK0            50      0       0       4        0.0%
BITSFR3              0      0       0       4        0.0%
SFR3                 0      0       0       4        0.0%
BANK0               50      0      50       5      100.0%
BITSFR4              0      0       0       5        0.0%
SFR4                 0      0       0       5        0.0%
BITSFR5              0      0       0       6        0.0%
SFR5                 0      0       0       6        0.0%
ABS                  0      0     1FE       6        0.0%
BITBANK1            50      0       0       7        0.0%
BITSFR6              0      0       0       7        0.0%
SFR6                 0      0       0       7        0.0%
BANK1               50      0      50       8      100.0%
BITSFR7              0      0       0       8        0.0%
SFR7                 0      0       0       8        0.0%
BITBANK2            50      0       0       9        0.0%
BITSFR8              0      0       0       9        0.0%
SFR8                 0      0       0       9        0.0%
BANK2               50      2      21      10       41.2%
BITSFR9              0      0       0      10        0.0%
SFR9                 0      0       0      10        0.0%
BITBANK3            50      0       0      11        0.0%
BITSFR10             0      0       0      11        0.0%
SFR10                0      0       0      11        0.0%
BANK3               50      0      40      12       80.0%
BITSFR11             0      0       0      12        0.0%
SFR11                0      0       0      12        0.0%
BITBANK4            50      0       0      13        0.0%
BITSFR12             0      0       0      13        0.0%
SFR12                0      0       0      13        0.0%
BANK4               50      0      50      14      100.0%
BITSFR13             0      0       0      14        0.0%
SFR13                0      0       0      14        0.0%
BITBANK5            50      0       0      15        0.0%
BITSFR14             0      0       0      15        0.0%
SFR14                0      0       0      15        0.0%
BANK5               50      0      50      16      100.0%
BITSFR15             0      0       0      16        0.0%
SFR15                0      0       0      16        0.0%
BITBANK6            50      0       0      17        0.0%
BITSFR16             0      0       0      17        0.0%
SFR16                0      0       0      17        0.0%
BANK6               50      0      50      18      100.0%
BITSFR17             0      0       0      18        0.0%
SFR17                0      0       0      18        0.0%
BITBANK7            50      0       0      19        0.0%
BITSFR18             0      0       0      19        0.0%
SFR18                0      0       0      19        0.0%
BANK7               50      0       0      20        0.0%
BITSFR19             0      0       0      20        0.0%
SFR19                0      0       0      20        0.0%
BITBANK8            50      0       0      21        0.0%
BITSFR20             0      0       0      21        0.0%
SFR20                0      0       0      21        0.0%
BANK8               50      0       0      22        0.0%
BITSFR21             0      0       0      22        0.0%
SFR21                0      0       0      22        0.0%
BITBANK9            50      0       0      23        0.0%
BITSFR22             0      0       0      23        0.0%
SFR22                0      0       0      23        0.0%
BANK9               50      0       0      24        0.0%
BITSFR23             0      0       0      24        0.0%
SFR23                0      0       0      24        0.0%
BITBANK10           50      0       0      25        0.0%
BITSFR24             0      0       0      25        0.0%
SFR24                0      0       0      25        0.0%
BANK10              50      0       0      26        0.0%
BITSFR25             0      0       0      26        0.0%
SFR25                0      0       0      26        0.0%
BITBANK11           50      0       0      27        0.0%
BITSFR26             0      0       0      27        0.0%
SFR26                0      0       0      27        0.0%
BANK11              50      0       0      28        0.0%
BITSFR27             0      0       0      28        0.0%
SFR27                0      0       0      28        0.0%
BITBANK12           50      0       0      29        0.0%
BITSFR28             0      0       0      29        0.0%
SFR28                0      0       0      29        0.0%
BANK12              50      0       0      30        0.0%
BITSFR29             0      0       0      30        0.0%
SFR29                0      0       0      30        0.0%
BITBANK13           50      0       0      31        0.0%
BITSFR30             0      0       0      31        0.0%
SFR30                0      0       0      31        0.0%
BANK13              50      0       0      32        0.0%
BITSFR31             0      0       0      32        0.0%
SFR31                0      0       0      32        0.0%
BITBANK14           50      0       0      33        0.0%
BITSFR32             0      0       0      33        0.0%
SFR32                0      0       0      33        0.0%
BANK14              50      0       0      34        0.0%
BITSFR33             0      0       0      34        0.0%
SFR33                0      0       0      34        0.0%
BITBANK15           50      0       0      35        0.0%
BITSFR34             0      0       0      35        0.0%
SFR34                0      0       0      35        0.0%
BANK15              50      0       0      36        0.0%
BITSFR35             0      0       0      36        0.0%
SFR35                0      0       0      36        0.0%
BITBANK16           50      0       0      37        0.0%
BITSFR36             0      0       0      37        0.0%
SFR36                0      0       0      37        0.0%
BANK16              50      0       0      38        0.0%
BITSFR37             0      0       0      38        0.0%
SFR37                0      0       0      38        0.0%
BITBANK17           50      0       0      39        0.0%
BITSFR38             0      0       0      39        0.0%
SFR38                0      0       0      39        0.0%
BANK17              50      0       0      40        0.0%
BITSFR39             0      0       0      40        0.0%
SFR39                0      0       0      40        0.0%
BITBANK18           50      0       0      41        0.0%
BITSFR40             0      0       0      41        0.0%
SFR40                0      0       0      41        0.0%
BANK18              50      0       0      42        0.0%
BITSFR41             0      0       0      42        0.0%
SFR41                0      0       0      42        0.0%
BITBANK19           50      0       0      43        0.0%
BITSFR42             0      0       0      43        0.0%
SFR42                0      0       0      43        0.0%
BANK19              50      0       0      44        0.0%
BITSFR43             0      0       0      44        0.0%
SFR43                0      0       0      44        0.0%
BITBANK20           50      0       0      45        0.0%
BITSFR44             0      0       0      45        0.0%
SFR44                0      0       0      45        0.0%
BANK20              50      0       0      46        0.0%
BITSFR45             0      0       0      46        0.0%
SFR45                0      0       0      46        0.0%
BITBANK21           50      0       0      47        0.0%
BITSFR46             0      0       0      47        0.0%
SFR46                0      0       0      47        0.0%
BANK21              50      0       0      48        0.0%
BITSFR47             0      0       0      48        0.0%
SFR47                0      0       0      48        0.0%
BITBANK22           50      0       0      49        0.0%
BITSFR48             0      0       0      49        0.0%
SFR48                0      0       0      49        0.0%
BANK22              50      0       0      50        0.0%
BITSFR49             0      0       0      50        0.0%
SFR49                0      0       0      50        0.0%
BITBANK23           50      0       0      51        0.0%
BITSFR50             0      0       0      51        0.0%
SFR50                0      0       0      51        0.0%
BANK23              50      0       0      52        0.0%
BITSFR51             0      0       0      52        0.0%
SFR51                0      0       0      52        0.0%
BITBANK24           50      0       0      53        0.0%
BITSFR52             0      0       0      53        0.0%
SFR52                0      0       0      53        0.0%
BANK24              50      0       0      54        0.0%
BITSFR53             0      0       0      54        0.0%
SFR53                0      0       0      54        0.0%
BITBANK25           20      0       0      55        0.0%
BITSFR54             0      0       0      55        0.0%
SFR54                0      0       0      55        0.0%
BANK25              20      0       0      56        0.0%
BITSFR55             0      0       0      56        0.0%
SFR55                0      0       0      56        0.0%
BITSFR56             0      0       0      57        0.0%
SFR56                0      0       0      57        0.0%
DATA                 0      0     1FE      57        0.0%
BITSFR57             0      0       0      58        0.0%
SFR57                0      0       0      58        0.0%
BITSFR58             0      0       0      59        0.0%
SFR58                0      0       0      59        0.0%
BITSFR59             0      0       0      60        0.0%
SFR59                0      0       0      60        0.0%
BITSFR60             0      0       0      61        0.0%
SFR60                0      0       0      61        0.0%
BITSFR61             0      0       0      62        0.0%
SFR61                0      0       0      62        0.0%
BITSFR62             0      0       0      63        0.0%
SFR62                0      0       0      63        0.0%
BITSFR63             0      0       0      64        0.0%
SFR63                0      0       0      64        0.0%


Microchip Technology PIC Macro Assembler V2.46 build 20240104201356 
Symbol Table                                                                                   Sun Mar 02 20:01:15 2025

                         _eusart1TxBufferRemaining 0051                             ?_EUSART2_RxDataHandler 0077  
                              _do_I2C_SEND_RESTART 0000                                                l128 05B3  
                                              l810 051A                                                l804 0524  
                                              l820 04EF                                                l813 0550  
                                              l822 04F1                                                l831 04FC  
                                              l840 04CE                                                l817 04EC  
                                              l826 04F7                                                l842 04CF  
                                              l834 04C5                                                l844 04D0  
                                              l829 04FA                                                l837 04CC  
                                              l896 0103                                                l969 044E  
                                     ?_RN487X_Init 0077                         __end_of_DELAY_milliseconds 0465  
           __end_of_EUSART2_SetFramingErrorHandler 0581                     _EUSART2_SetFramingErrorHandler 057B  
                                              _rad 0064                                                wreg 0009  
                             _I2C1_DO_RX_NACK_STOP 0000                                               l1131 0586  
                                             l1212 0222                                               l2013 0464  
                                             l1125 0580                                               l1134 056E  
                                             l1231 02E0                                               l2111 0438  
                                             l1128 057A                                               l1137 0574  
                                             l2121 04B0                                               l1074 053F  
                                             l1218 0536                                               l2115 0157  
                                             l2123 04B5                                               l1068 01E4  
                                             l2124 04B8                                               l2118 05CA  
                                             l1087 0306                                      ?_RN487X_Delay 007B  
                                             l2064 041D                                               l1281 05A4  
                                             l2145 03A9                                               l2082 03C2  
                                             l1275 059E                                               l1507 0478  
                                             l1284 058C                                               l1381 0506  
                                             l2077 03AA                                               l1278 0598  
                                             l1287 0592                                               l1375 03DB  
                                             l1378 0510                                               l1476 01A6  
                                             l1487 0568                                               l5300 02E7  
                                             l5310 0300                                               l5302 02F3  
                                             l1775 052D                                               l5312 0303  
                                             l5304 02F7                                               l6040 0448  
                                             l5314 0305                                               l5306 02FD  
                                             l6042 044B                                               l6034 043A  
                                             l5330 0587                                               l5308 02FE  
                                             l6124 00A6                                               l6036 043F  
                                             l5332 0599                                               l5350 02D1  
                                             l5342 02BB                                               l5510 051B  
                                             l6126 00EC                                               l6038 0445  
                                             l5334 0593                                               l5280 0458  
                                             l5360 02DF                                               l5352 02D7  
                                             l5344 02BB                                               l6128 00F5  
                                             l6048 044D                                               l5336 059F  
                                             l5328 058D                                               l5600 01FC  
                                             l5522 0549                                               l5354 02D8  
                                             l5346 02C1                                               l5530 04C7  
                                             l5338 052E                                               l5610 0210  
                                             l5602 01FE                                               l5290 0581  
                                             l5282 056F                                               l5276 044F  
                                             l5356 02DA                                               l5348 02CD  
                                             l5292 0537                                               l5620 0220  
                                             l5612 0217                                               l5604 0200  
                                             l5284 0569                                               l5700 0195  
                                             l6260 03C3                                               l5278 0450  
                                             l5358 02DD                                               l5526 04E7  
                                             l5518 0511                                               l5614 0219  
                                             l5606 0202                                               l5286 057B  
                                             l5630 0527                                               l5374 0563  
                                             l5710 01A0                                               l5702 0197  
                                             l6270 03D2                                               l6262 03C6  
                                             l5528 04F2                                               l5296 02E1  
                                             l5616 021A                                               l5608 0209  
                                             l5288 0575                                               l5560 01B9  
                                             l5632 0529                                               l5720 050B  
                                             l5712 01A2                                               l5704 0199  
                                             l5640 0436                                               l6272 03D5  
                                             l6264 03C9                                               l5298 02E1  
                                             l5618 021B                                               l5570 01C4  
                                             l5562 01BC                                               l5554 01A7  
                                             l5634 052C                                               l5722 050E  
                                             l5714 01A4                                               l5706 019B  
                                             l5650 0169                                               l5642 0158  
                                             l5626 04FD                                               l6274 03D8  
                                             l6266 03CC                                               l5580 01DC  
                                             l5572 01CB                                               l5564 01BE  
                                             l5556 01A9                                               l5628 0525  
                                             l5724 050F                                               l5716 0507  
                                             l5708 019D                                               l5660 0170  
                                             l5652 016B                                               l5644 015A  
                                             l5636 0423                                               l6268 03CF  
                                             l5740 010A                                               l5590 01E5  
                                             l5582 01DD                                               l5574 01D2  
                                             l5566 01C0                                               l5558 01B0  
                                             l5718 050A                                               l5670 0175  
                                             l5662 0171                                               l5654 016D  
                                             l5646 015C                                               l5638 0434  
                                             l5726 0465                                               l5750 0154  
                                             l5742 012A                                               l5592 01E7  
                                             l5584 01E2                                               l5576 01D9  
                                             l5568 01C2                                               l5680 017F  
                                             l5672 0177                                               l5664 0172  
                                             l5656 016E                                               l5648 0167  
                                             l5728 0473                                               l5744 012B  
                                             l5594 01EE                                               l5578 01DB  
                                             l5690 018B                                               l5682 0181  
                                             l5674 0179                                               l5666 0173  
                                             l5658 016F                                               l5746 013B  
                                             l5754 0156                                               l5738 0105  
                                             l5596 01F7                                               l5692 018D  
                                             l5684 0182                                               l5676 017B  
                                             l5668 0174                                               l5748 0152  
                                             l5790 05AF                                               l5598 01FA  
                                             l5694 0190                                               l5686 0183  
                                             l5678 017D                                               l5766 05C8  
                                             l5696 0192                                               l5688 0184  
                                             l5698 0194                                               l7570 04B6  
                                             l7580 039D                                               l7574 038D  
                                             l7582 03AC                                               l7590 040C  
                                             l7568 04AD                                               l7576 0390  
                                             l7584 03B5                                               l7592 0415  
                                             l7578 0398                                               l7586 03BD  
                                             l7594 0416                                               l7588 03BF  
                                             l7596 0417                                               l7598 041A  
                                             STR_1 0551                                               STR_2 04DC  
                                             STR_4 04B9                                               STR_6 0551  
                                             u2000 053E                                               u2001 053C  
                                             u2010 053F                                               u2020 02E7  
                                             u2021 02E6                                               u2030 02FD  
                                             u2031 02FC                                               u2210 04EC  
                                             u2050 0535                                               u2211 04EB  
                                             u2051 0533                                               u2220 04F7  
                                             u2060 0536                                               u2221 04F6  
                                             _LATA 0018                                               u2070 02C1  
                                             u2230 04CC                                               _LATB 0019  
                                             u2071 02C0                                               u2231 04CB  
                                             _LATC 001A                                               u2080 02D7  
                                             u2400 043F                                               u2081 02D6  
                                             u2401 043E                                               _LATE 001C  
                                             u2410 0445                                               u2411 0444  
                                             u2280 010A                                               u2281 0109  
                                             u2460 0103                                               u2461 0102  
                                             u3810 04B5                                               u3811 04B4  
                                             u3820 03A9                                               _PMD0 0796  
                                             u3821 03A8                                               _PMD1 0797  
                                             u1990 0464                                               u3830 03B5  
                                             _PMD2 0798                                               u1991 0463  
                                             u3831 03B4                                               _PMD3 0799  
                                             _PMD4 079A                                               _PMD5 079B  
                                             _PMD6 079C                                               _PMD7 079D  
                                             u3857 0453                                      ?_RN487X_Reset 0078  
                                             _WPUA 1F39                                               _WPUB 1F44  
                                             _WPUC 1F4F                                               _WPUE 1F65  
                            ??_EUSART2_Receive_ISR 0078                                      _EUSART1_Write 0000  
                                    _EUSART2_Write 0000                                               __hex 0120  
                                             _main 040C                                               _peek 005A  
                                    ?_EUSART1_Read 0077                                               _uart 0293  
                                    ?_EUSART2_Read 0077                                               fsr0h 0005  
                                             fsr1h 0007                                               indf0 0000  
                                             fsr0l 0004                                               indf1 0001  
                                             fsr1l 0006                                               btemp 007E  
                                             start 0055                       __end_of_EUSART2_Transmit_ISR 034B  
                                     _statusBuffer 0220                            __end_of_TMR0_Initialize 0479  
                                     _do_I2C_RESET 0000                      __end_of_OSCILLATOR_Initialize 0511  
                            _eusart1RxStatusBuffer 00C4                                        ?_SPI2_Close 0077  
                                            ?_main 0077                     ?_RN487X_SetAsyncMessageHandler 0078  
                    __end_of_rn487x_driver_version 05CF                         __end_of_i2c1_fsmStateTable 036B  
                                            _OSCEN 0891                                              _TMR0H 059D  
                                            _TMR0L 059C                                              _TRISA 0012  
                                            _TRISB 0013                                              _TRISC 0014  
                                            _TRISE 0016                               _EUSART1_Transmit_ISR 0307  
                                ??_I2C1_Initialize 0078                                              _pHead 005B  
                          __end_of_PIN_MANAGER_IOC 0549                                              _flats 004D  
                                   ??_RN487X_Delay 007D                                     ??_RN487X_Reset 0079  
                                            pclath 000A                                     ??_EUSART1_Read 0078  
                                   ??_EUSART2_Read 0078                                              status 0003  
                                            wtemp0 007E                             ??_RN487X_SetSystemMode 0079  
       __end_of_EUSART1_DefaultFramingErrorHandler 05D4               ??_EUSART1_DefaultFramingErrorHandler 0077  
              ?_EUSART1_DefaultFramingErrorHandler 0077                 _EUSART1_DefaultFramingErrorHandler 05D3  
            __end_of_EUSART2_SetTxInterruptHandler 056F                      _EUSART2_SetTxInterruptHandler 0569  
                                    _fsmStateTable 036B                                    __initialization 0057  
                                       _i2c_status 00A0                         __end_of_EUSART1_Initialize 0223  
                                     __end_of_main 0423                                       __end_of_uart 02BB  
                                _SPI2_ExchangeByte 04AC                         __end_of_RN487X_is_rx_ready 051B  
                      ?_INTERRUPT_InterruptManager 0077                                 ?_SPI2_ExchangeByte 0077  
                                    _do_I2C_DO_ACK 0000                                             ??_main 007D  
              __end_of_EUSART2_DefaultErrorHandler 05C0                        _EUSART2_DefaultErrorHandler 05BC  
                            ?_EUSART1_Transmit_ISR 0077                                ??_SPI2_ExchangeByte 0078  
                       __end_of_EUSART2_Initialize 01E5                       ??_IOCAF6_SetInterruptHandler 007A  
                         _eusart2TxBufferRemaining 0056                                             _ANSELA 1F38  
                                           _ANSELB 1F43                                             _ANSELC 1F4E  
                                           _T0CON0 059E                                             _T0CON1 059F  
                                           _RC1REG 0119                                             _RC2REG 0A19  
                                           _RB1PPS 1F19                                             _RB2PPS 1F1A  
                                           _RC1PPS 1F21                                             _RC1STA 011D  
                                           _RB4PPS 1F1C                                             _RC2PPS 1F22  
                                           _RC2STA 0A1D                                             i1l1102 034A  
                                           i1l1113 03F3                                             i1l1122 05BF  
                                           _RC4PPS 1F24                                             i1l1116 05D2  
                                           i1l1109 025B                                             i1l1119 05BB  
                                           i1l1320 0053                                             i1l1321 0044  
                                           i1l1314 0013                                             i1l1252 0328  
                                           i1l1317 0026                                             i1l1326 0053  
                                           i1l1263 040B                                             i1l1319 0035  
                                           i1l1272 05C7                                             i1l1249 0326  
                                           _ODCONA 1F3A                                             i1l1266 05D3  
                                           _ODCONB 1F45                                             i1l1259 0292  
                                           i1l1099 0348                                             _ODCONC 1F50  
                                           i1l1269 05C3                                             _ODCONE 1F66  
                                           i1l1480 0548                                             i1l1490 05D1  
                                           i1l1484 04AB                                             _RN487X 0479  
                                           i1l5320 03E3                                             i1l6200 0342  
                                           i1l5322 03E7                                             i1l6210 0232  
                                           i1l6202 0343                                             i1l5324 03ED  
                                           i1l6220 0251                                             i1l6212 0238  
                                           i1l6204 0223                                             i1l5326 03EE  
                                           i1l5318 03DC                                             i1l6222 0258  
                                           i1l6214 023D                                             i1l6206 0228  
                                           i1l6230 031A                                             u204_20 03ED  
                                           i1l6216 0242                                             i1l6208 022D  
                                           i1l6240 0266                                             i1l6232 0320  
                                           i1l6224 0307                                             i1l7200 002A  
                                           u204_21 03EC                                             i1l5370 0405  
                                           i1l6218 0248                                             i1l6250 027F  
                                           i1l6242 026B                                             i1l6234 0321  
                                           i1l6226 030E                                             i1l7210 004C  
                                           i1l7202 002E                                             i1l5372 0406  
                                           i1l5364 03F4                                             i1l6252 0288  
                                           i1l6244 0270                                             i1l6236 025C  
                                           i1l6228 0315                                             i1l7204 0039  
                                           i1l5366 03FB                                             i1l5622 05C0  
                                           i1l6254 028F                                             i1l6246 0275  
                                           i1l6238 0261                                             i1l7206 003D  
                                           i1l5368 03FF                                             i1l5624 05C4  
                                           i1l6248 027A                                             i1l6192 0329  
                                           i1l6256 0540                                             i1l7208 0048  
                                           i1l6194 0330                                             i1l5730 049C  
                                           i1l6258 0545                                             i1l6196 0337  
                                           i1l5732 049E                                             i1l6198 033C  
                                           i1l5734 04A4                                             i1l7190 000B  
                                           i1l5736 04A9                                             i1l7192 000F  
                                           i1l5586 05B8                                             i1l7194 0017  
                                           i1l5588 05BC                                             i1l7196 001B  
                                           i1l7188 0006                                             i1l7198 001F  
                                           _INLVLA 1F3C                                             _INLVLB 1F47  
                                           _INLVLC 1F52                                             u209_20 0405  
                                           u209_21 0404                                             u227_20 04A4  
                                           u227_21 04A3                                             u260_20 030E  
                                           u260_21 030D                                             u261_20 0320  
                                           u261_21 031F                              __end_of_send_spi_read 03C3  
                                           u262_20 0266                                             u262_21 0265  
                                           u263_20 0275                                             u255_20 0330  
                                           u351_20 000B                                             u263_21 0274  
                                           u255_21 032F                                             u351_21 000A  
                                           u264_20 0288                                             u256_20 0342  
                                           u360_20 0048                                             u352_20 000F  
                                           u264_21 0287                                             u256_21 0341  
                                           u360_21 0047                                             u352_21 000E  
                                           u257_20 022D                                             u265_20 0545  
                                           u361_20 004C                                             u353_20 0017  
                                           u257_21 022C                                             u265_21 0544  
                                           u361_21 004B                                             u353_21 0016  
                                           u258_20 023D                                             u354_20 001B  
                                           u258_21 023C                                             u354_21 001A  
                                           u259_20 0251                                             u355_20 001F  
                                           u259_21 0250                                             u355_21 001E  
                                           u356_20 002A                                             u356_21 0029  
                                           u357_20 002E                                             u357_21 002D  
                                           u358_20 0039                                             u358_21 0038  
                                           u359_20 003D                                             u359_21 003C  
                                send_spi_read@data 0066                                             _OSCFRQ 0893  
                                           _TX1REG 011A                                             _TX2REG 0A1A  
                                           _TX1STA 011E                                             _TX2STA 0A1E  
                                 _I2C1_DO_TX_EMPTY 0000              __end_ofRN487X_EnterDataMode@cmdPrompt 05AA  
                    RN487X_EnterDataMode@cmdPrompt 05A5                                  __end_of_SPI2_Open 0158  
                        __end_of_SPI2_ExchangeByte 04B9                                             _cmdBuf 01A0  
                                           _bitMap 0070                           ?_EUSART1_SetErrorHandler 0078  
                                 ?_TMR0_Initialize 0077                        _EUSART2_FramingErrorHandler 00EC  
                 ??_EUSART1_SetOverrunErrorHandler 007A                    ?_EUSART1_SetOverrunErrorHandler 0078  
                            _I2C1_DO_SEND_ADR_READ 0000                                     _PMD_Initialize 04FD  
                             _EUSART2_Transmit_ISR 0329                     __end_ofRN487X_RebootCmd@reboot 04DC  
       IOCAF6_SetInterruptHandler@InterruptHandler 0078                                   ?_PIN_MANAGER_IOC 0077  
                                  _eusart1RxBuffer 00CC                            _I2C1_DO_RX_NACK_RESTART 0000  
                                     ??_IOCAF6_ISR 0077                              _RN487X_MessageHandler 0000  
                                  _eusart2RxBuffer 00DC                                    _eusart1TxBuffer 00D4  
                                _SYSTEM_Initialize 03C3                                    _eusart2TxBuffer 00E4  
                          __end_of__initialization 00A2                            _protocol_version_number 05CF  
                                 _do_I2C_SEND_STOP 0000                                 ?_SYSTEM_Initialize 0077  
                          ??_EUSART2_RxDataHandler 0077               __end_ofRN487X_EnterCmdMode@cmdPrompt 05AF  
                     RN487X_EnterCmdMode@cmdPrompt 05AA                      __end_of_EUSART1_RxDataHandler 040C  
                          _rdBlkRegCompleteHandler 0000                         __end_of_spi2_configuration 05B8  
                                   __pcstackCOMMON 0077                                     _SPI2_ReadBlock 038B  
                                     __pidataBANK0 05CB                                       __pidataBANK2 048B  
                              ??_SYSTEM_Initialize 007A                               __end_of_RN487X_Delay 0551  
                   ?_EUSART2_SetTxInterruptHandler 0078                               __end_of_RN487X_Reset 04F2  
                           __end_of_PMD_Initialize 0507                                 __end_of_IOCAF6_ISR 04AC  
                             __end_of_EUSART1_Read 02E1                               __end_of_EUSART2_Read 0307  
                                RN487X_Reset@value 0078                             ??_EUSART1_Transmit_ISR 0077  
                               SPI2_ReadBlock@data 0140                           ?_EUSART2_SetErrorHandler 0078  
                            ?_EUSART2_Transmit_ISR 0077                        __end_of_EUSART1_Receive_ISR 0293  
                           _do_I2C_DO_NACK_RESTART 0000                          __end_of_SYSTEM_Initialize 03DC  
                                    _eusart1RxHead 0073                                      _eusart1TxHead 0053  
                                    _eusart2RxHead 0075                                  ??_SPI2_Initialize 0078  
                                    _eusart1RxTail 0072                                      _eusart2TxHead 0076  
                                       __pbssBANK0 0020                                         __pbssBANK1 00A0  
                                       __pbssBANK3 01A0                                         __pbssBANK4 0220  
                                       __pbssBANK5 02A0                                         __pbssBANK6 0320  
                                    _eusart1TxTail 0052                                      _eusart2RxTail 0074  
                _EUSART1_TxDefaultInterruptHandler 0139                                      _eusart2TxTail 0057  
                  ??_EUSART1_SetRxInterruptHandler 007A                            SPI2_ReadBlock@blockSize 0079  
                               _DELAY_milliseconds 044F                       __end_of_LIGHTBLUE_Initialize 05B4  
                 ??_EUSART2_SetFramingErrorHandler 007A                    ?_EUSART2_SetFramingErrorHandler 0078  
                                    _iNTERRUPTbits 0063                              _rd1RegCompleteHandler 0000  
                            EUSART2_Read@readValue 0079                             __end_of_SPI2_ReadBlock 03AA  
                                _I2C1_DO_SEND_STOP 0000                              _wr1RegCompleteHandler 0000  
                  __end_of_EUSART1_SetErrorHandler 05A5                                ?_DELAY_milliseconds 0078  
                                       __pmaintext 040C                                         __pintentry 0004  
                                  _I2C1_Initialize 0525                                    ?_PMD_Initialize 0077  
                                     ??_SPI2_Close 0078             __end_of_EUSART1_SetFramingErrorHandler 059F  
                   _EUSART1_SetFramingErrorHandler 0599                              _eusart2RxStatusBuffer 003D  
                     ?_EUSART1_DefaultErrorHandler 0077                                            _SP1BRGH 011C  
                                          _SP1BRGL 011B                                            _SP2BRGH 0A1C  
                                          _SP2BRGL 0A1B                               ??_DELAY_milliseconds 007A  
                                          _OSCCON1 088D                                            _OSCCON3 088F  
  _rd1RegCompleteHandler@i2c1_master_example$F1232 0000    _rd2RegCompleteHandler@i2c1_master_example$F1243 0000  
  _wr2RegCompleteHandler@i2c1_master_example$F1255 0000    _wr1RegCompleteHandler@i2c1_master_example$F1249 0000  
_rdBlkRegCompleteHandler@i2c1_master_example$F1266 0000                        __end_of_EUSART2_Receive_ISR 025C  
               __end_of_IOCAF6_SetInterruptHandler 0569                         _IOCAF6_SetInterruptHandler 0563  
                                          _OSCSTAT 0890                                            _OSCTUNE 0892  
                                          _SSP1ADD 018D                                            _SSP2ADD 0197  
                                          _SLRCONA 1F3B                                            _SLRCONB 1F46  
                                          _SLRCONC 1F51                                            _SSP1BUF 018C  
                                          _SSP2BUF 0196                                            _SSP1MSK 018E  
                       _accelerometerInterruptBits 0065                                    _asyncBufferSize 005C  
                               _i2c1_fsmStateTable 034B                                 _i2c1_driver_i2cISR 0047  
                                          _i2c_ISR 0000                   RN487X_SetAsyncMessageHandler@len 0078  
                               __end_of_SPI2_Close 05CB                                    ?_SPI2_ReadBlock 0079  
                              _EUSART1_is_rx_ready 052E                    __end_of_EUSART2_SetErrorHandler 0587  
                              _EUSART1_is_tx_ready 0000                                  _RN487X_IndicateRx 04F2  
                                          __ptext1 03AA                                            __ptext2 038B  
                                          __ptext3 04AC                                            __ptext4 0104  
                                          __ptext5 05C8                                            __ptext6 03C3  
                                          __ptext7 0465                                            __ptext8 0423  
                                          __ptext9 04FD         __end_of_EUSART2_DefaultOverrunErrorHandler 05BC  
             ??_EUSART2_DefaultOverrunErrorHandler 0077                ?_EUSART2_DefaultOverrunErrorHandler 0077  
               _EUSART2_DefaultOverrunErrorHandler 05B8                              _OSCILLATOR_Initialize 0507  
                           ??_EUSART2_Transmit_ISR 0077                                 ?_RN487X_IndicateRx 0078  
                               _EUSART1_Initialize 01E5                           ??_PIN_MANAGER_Initialize 007A  
                                        _IOCAFbits 1F3F                              _rn487x_driver_version 05CD  
                                        _IOCANbits 1F3E                                          _IOCAPbits 1F3D  
                    ??_EUSART1_DefaultErrorHandler 0078                                 _RN487X_is_rx_ready 0511  
                         _do_I2C_SEND_RESTART_READ 0000                                            clrloop0 055E  
                              ??_RN487X_IndicateRx 0079                               end_of_initialization 00A2  
       __end_of_RN487X_Read@rn487x_interface$F1380 0525                 _RN487X_Read@rn487x_interface$F1380 051B  
              ?_RN487X_Read@rn487x_interface$F1381 0077               ??_RN487X_Read@rn487x_interface$F1383 007A  
                             ?_EUSART1_is_rx_ready 0077                                ?_EUSART1_Initialize 0077  
                                          init_ram 0557                        _EUSART1_OverrunErrorHandler 0133  
                                          initloop 0558                             _I2C1_DO_SEND_ADR_WRITE 0000  
                              ?_RN487X_is_rx_ready 0077                            __end_of_I2C1_Initialize 052E  
            __end_of_EUSART1_SetRxInterruptHandler 0593                      _EUSART1_SetRxInterruptHandler 058D  
                               _EUSART2_Initialize 01A7                                        _I2C1_Status 0020  
                  __end_of_protocol_version_number 05D1                          _do_I2C_SEND_RESTART_WRITE 0000  
                        __end_of_RN487X_IndicateRx 04FD                                          _SPI2_Open 0104  
                             ??_EUSART1_Initialize 007A                         _I2C1_DO_SEND_RESTART_WRITE 0000  
                              ?_EUSART2_Initialize 0077                                _EUSART2_is_rx_ready 0537  
                                       _returnStop 0000                                _EUSART2_is_tx_ready 0000  
                                        _PORTAbits 000C                               ??_RN487X_is_rx_ready 0078  
                             _LIGHTBLUE_Initialize 05AF                            _statusBuffer@main$F3759 02A0  
                          _IOCAF6_InterruptHandler 006A                             RN487X_Delay@delayCount 007B  
                                        _TRISAbits 0012                                          _TRISCbits 0014  
                            ??_EUSART1_is_rx_ready 0078                                       _RN487X_Delay 0549  
                             ??_EUSART2_Initialize 007A                               ?_EUSART2_is_rx_ready 0077  
                                     _RN487X_Reset 04E7                                       _RN487X_Write 0000  
                                   __end_of_RN487X 048B                                       _EUSART1_Read 02BB  
                                     _EUSART2_Read 02E1                               _timer0ReloadVal16bit 0045  
                    __end_of_EUSART2_RxDataHandler 03F4                                        _do_I2C_IDLE 0000  
                                      _do_I2C_RCEN 0000                                         ?_SPI2_Open 0077  
                                   _I2C1_DO_RX_ACK 0000                             ?_OSCILLATOR_Initialize 0077  
                            ?_LIGHTBLUE_Initialize 0077                                      ??_RN487X_Init 007D  
                                  _SPI2_Initialize 0423                    RN487X_FilterData@asyncBuffering 0058  
                               _spi2_configuration 05B4                                start_initialization 0057  
                              _i2c_busCollisionISR 0000      EUSART1_SetRxInterruptHandler@interruptHandler 0078  
    EUSART1_SetTxInterruptHandler@interruptHandler 0078      EUSART2_SetRxInterruptHandler@interruptHandler 0078  
    EUSART2_SetTxInterruptHandler@interruptHandler 0078                              ??_EUSART2_is_rx_ready 0078  
                              SPI2_ReadBlock@block 013F             __end_of_EUSART2_SetOverrunErrorHandler 057B  
                   _EUSART2_SetOverrunErrorHandler 0575                                   ?_I2C1_Initialize 0077  
                                 ??_PMD_Initialize 0078                              _EUSART1_RxDataHandler 03F4  
                   ?_EUSART1_SetRxInterruptHandler 0078                                        __pdataBANK0 006E  
                                      __pdataBANK2 0120                              SPI2_ExchangeByte@data 0078  
                                   _eusart1RxCount 0050                                     _eusart2RxCount 0055  
                                      __pbssCOMMON 0070                               _I2C1_DO_SEND_RESTART 0000  
                _EUSART1_RxDefaultInterruptHandler 0137                                          ___latbits 0003  
                                    __pcstackBANK2 013F                        ?_IOCAF6_SetInterruptHandler 0078  
                                        _do_I2C_RX 0000                                          _do_I2C_TX 0000  
                              __end_of_RN487X_Init 0104                    ??_EUSART1_SetTxInterruptHandler 007A  
                                 ??_SPI2_ReadBlock 007B                   ??_EUSART1_SetFramingErrorHandler 007A  
                  ?_EUSART1_SetFramingErrorHandler 0078                    ??_EUSART2_SetRxInterruptHandler 007A  
                                    _send_spi_read 03AA                                          _dataReady 0059  
                                  _do_I2C_TX_EMPTY 0000                                          __pnvBANK0 006A  
                                        __pnvBANK1 00EC                                          __pnvBANK2 0131  
                            _rd2RegCompleteHandler 0000                              __end_of_fsmStateTable 038B  
                           _PIN_MANAGER_Initialize 0158                              _wr2RegCompleteHandler 0000  
                 ??_IOCAF6_DefaultInterruptHandler 0077                    ?_IOCAF6_DefaultInterruptHandler 0077  
                          __end_of_SPI2_Initialize 0439                        _i2c1_driver_busCollisionISR 0049  
                                      ??_SPI2_Open 0078                  _EUSART2_TxDefaultInterruptHandler 006C  
                 SPI2_Open@spi2UniqueConfiguration 007B                             ??_LIGHTBLUE_Initialize 0078  
                     ??_INTERRUPT_InterruptManager 0078                                     _sequenceNumber 0062  
                                        _connected 005E                                           _BAUD1CON 011F  
                                         _BAUD2CON 0A1F         __end_of_EUSART1_DefaultOverrunErrorHandler 05C4  
             ??_EUSART1_DefaultOverrunErrorHandler 0077                ?_EUSART1_DefaultOverrunErrorHandler 0077  
               _EUSART1_DefaultOverrunErrorHandler 05C0                               _EUSART1_ErrorHandler 0131  
                     ?_EUSART2_DefaultErrorHandler 0077                            _EUSART1_SetErrorHandler 059F  
                               _EUSART1_is_tx_done 0000                                     ?_send_spi_read 0077  
                                ??_TMR0_Initialize 0078                                  _RN487X_is_tx_done 0000  
                                         _LATAbits 0018            EUSART1_SetErrorHandler@interruptHandler 0078  
          EUSART2_SetErrorHandler@interruptHandler 0078                                           _LATCbits 001A  
                                       _I2C1_DO_RX 0000                                         _I2C1_DO_TX 0000  
                                        clear_ram0 055D                                           _PIE0bits 0716  
                                         _PIE3bits 0719           LIGHTBLUE_ParseIncomingPacket@parserState 0061  
                                         _PIR0bits 070C                                           _PIR3bits 070F  
                                         _RX1DTPPS 1ECB                                           _RX2DTPPS 1ECD  
                           ?_EUSART1_RxDataHandler 0077                     DELAY_milliseconds@milliseconds 0078  
                        _I2C1_DO_SEND_RESTART_READ 0000                                           _SSP1CON1 0190  
                                         _SSP1CON2 0191                                           _SSP2CON1 019A  
                                         _SSP2CON2 019B                                 _EUSART2_is_tx_done 0000  
                                         _SSP1STAT 018F                                           _SSP2STAT 0199  
                                ??_PIN_MANAGER_IOC 0077                                        _RN487X_Init 00A6  
                     __end_of_RN487X_SetSystemMode 04D1                      ??_EUSART2_DefaultErrorHandler 0078  
                                    _I2C1_DO_RESET 0000                                        _asyncBuffer 005D  
                          _EUSART2_SetErrorHandler 0581              LIGHTBLUE_ParseIncomingPacket@packetID 005F  
                            EUSART1_Read@readValue 0079                        _EUSART2_OverrunErrorHandler 013D  
                              _do_I2C_DO_NACK_STOP 0000                    ??_RN487X_SetAsyncMessageHandler 0079  
            __end_of_EUSART1_SetTxInterruptHandler 058D                      _EUSART1_SetTxInterruptHandler 0587  
            __end_of_EUSART2_SetRxInterruptHandler 0575                      _EUSART2_SetRxInterruptHandler 056F  
              LIGHTBLUE_ParseIncomingPacket@length 0060                                   ?_SPI2_Initialize 0077  
                          ??_OSCILLATOR_Initialize 0078                          ??_EUSART1_SetErrorHandler 007A  
              __end_of_EUSART1_DefaultErrorHandler 05C8                        _EUSART1_DefaultErrorHandler 05C4  
                      __end_of_EUSART1_is_rx_ready 0537                                         _T0CON0bits 059E  
                             _EUSART2_ErrorHandler 013B                                           __ptext10 0158  
                                         __ptext11 0563                                           __ptext20 01E5  
                                         __ptext12 0507                                           __ptext21 0587  
                                         __ptext13 0525                                           __ptext30 0537  
                                         __ptext22 058D                                           __ptext14 01A7  
                                         __ptext31 04C5                                           __ptext23 0593  
                                         __ptext15 0569                                           __ptext32 04E7  
                                         __ptext24 0599                                           __ptext16 056F  
                                         __ptext41 0540                                           __ptext33 051B  
                                         __ptext25 059F                                           __ptext17 0575  
                                         __ptext50 05BC                                           __ptext42 049C  
                                         __ptext34 02BB                                           __ptext26 0439  
                                         __ptext18 057B                                           __ptext51 03DC  
                                         __ptext43 05D1                                           __ptext35 02E1  
                                         __ptext27 00A6                                           __ptext19 0581  
                                         __ptext52 05C0                                           __ptext44 0307  
                                         __ptext36 04F2                                           __ptext28 0511  
                                         __ptext53 05D3                                           __ptext45 0329  
                                         __ptext37 0549                                           __ptext29 052E  
                                         __ptext54 05C4                                           __ptext46 025C  
                                         __ptext38 044F                                           __ptext55 03F4  
                                         __ptext47 0223                                           __ptext39 05AF  
                                         __ptext48 05B8                                           __ptext49 05D2  
                                     _SSP1CON1bits 0190                                       _SSP1CON2bits 0191  
                                  ??_send_spi_read 007C                                       _SSP2CON1bits 019A  
                                       _IOCAF6_ISR 049C                           _I2C1_CallbackReturnReset 0000  
       __end_of_EUSART2_DefaultFramingErrorHandler 05D3               ??_EUSART2_DefaultFramingErrorHandler 0077  
              ?_EUSART2_DefaultFramingErrorHandler 0077                 _EUSART2_DefaultFramingErrorHandler 05D2  
                                  _lightBlueSerial 0320                                         _RC1STAbits 011D  
                                       _RC2STAbits 0A1D     EUSART1_SetOverrunErrorHandler@interruptHandler 0078  
   EUSART2_SetOverrunErrorHandler@interruptHandler 0078               RN487X_SetAsyncMessageHandler@pBuffer 0079  
                                         int$flags 007E                       RN487X_GetInputsValues@F12930 006E  
               __end_of_INTERRUPT_InterruptManager 0055                         _INTERRUPT_InterruptManager 0004  
                            _EUSART2_RxDataHandler 03DC                                       _SSP1STATbits 018F  
                      _EUSART1_FramingErrorHandler 0135                                       _I2C1_DO_IDLE 0000  
                              _EUSART1_Receive_ISR 025C                                       _I2C1_DO_RCEN 0000  
                 ??_EUSART2_SetOverrunErrorHandler 007A                    ?_EUSART2_SetOverrunErrorHandler 0078  
                                       _INTCONbits 000B                        __end_of_EUSART2_is_rx_ready 0540  
                                   __pstringtext10 05AA                                     __pstringtext11 04B9  
                                   __pstringtext12 04DC                                     __pstringtext13 0551  
                                   __pstringtext14 0000                          ??_EUSART2_SetErrorHandler 007A  
                           _do_I2C_DO_ADDRESS_NACK 0000                                           intlevel1 0000  
                             ?_EUSART1_Receive_ISR 0077                            ?_PIN_MANAGER_Initialize 0077  
                           RN487X_RebootCmd@reboot 04D1             __end_of_EUSART1_SetOverrunErrorHandler 0599  
                   _EUSART1_SetOverrunErrorHandler 0593                            _I2C1_CallbackReturnStop 0000  
                     __end_of_EUSART1_Transmit_ISR 0329                                        _serialIndex 004E  
                             _RN487X_SetSystemMode 04C5                               _I2C1_DO_ADDRESS_NACK 0000  
            __end_of_RN487X_SetAsyncMessageHandler 044F                      _RN487X_SetAsyncMessageHandler 0439  
   EUSART1_SetFramingErrorHandler@interruptHandler 0078     EUSART2_SetFramingErrorHandler@interruptHandler 0078  
                   ?_EUSART1_SetTxInterruptHandler 0078                           RN487X_SetSystemMode@mode 0078  
                   ?_EUSART2_SetRxInterruptHandler 0078                  LIGHTBLUE_ParseIncomingPacket@data 004B  
                               _eusart1RxLastError 004F                                      __pstringtext1 0293  
                                    __pstringtext2 034B                                      __pstringtext3 036B  
                                    __pstringtext4 0479                                      __pstringtext5 05B4  
                                    __pstringtext6 05CD                                      __pstringtext7 05CF  
                                    __pstringtext8 04D1                                      __pstringtext9 05A5  
                              _EUSART2_Receive_ISR 0223                                         _SPI2_Close 05C8  
                                       _SSP1DATPPS 1EC6                                         _SSP2DATPPS 1EC9  
                                       _SSP1CLKPPS 1EC5                                         _SSP2CLKPPS 1EC8  
           __end_of_IOCAF6_DefaultInterruptHandler 05D2                     _IOCAF6_DefaultInterruptHandler 05D1  
                                  _TMR0_Initialize 0465                                        _returnReset 0000  
                                       _TX1STAbits 011E                                         _TX2STAbits 0A1E  
                                      ?_IOCAF6_ISR 0077                              ??_EUSART1_Receive_ISR 0078  
                   __end_of_PIN_MANAGER_Initialize 01A7                    ??_EUSART2_SetTxInterruptHandler 007A  
                             ?_EUSART2_Receive_ISR 0077                                 _eusart2RxLastError 0054  
                                  _PIN_MANAGER_IOC 0540                              _do_I2C_SEND_ADR_WRITE 0000  
                          ??_EUSART1_RxDataHandler 0077                               _do_I2C_SEND_ADR_READ 0000  
                            ?_RN487X_SetSystemMode 0078                  _EUSART2_RxDefaultInterruptHandler 00EE  
                           RN487X_IndicateRx@value 0078  
